filename,score,quality_label,filepath,status
unsplash_pose_7mYMFtkjObs.jpg,96.01,excellent,D:\CDAC PGCP AI\Project Idea\Pose Suggestor\Unsplash1.2K\unsplash_pose_7mYMFtkjObs.jpg,ok
unsplash_pose_l1LjCZhcrn8.jpg,95.54,excellent,D:\CDAC PGCP AI\Project Idea\Pose Suggestor\Unsplash1.2K\unsplash_pose_l1LjCZhcrn8.jpg,ok
unsplash_pose_iTmnPGXAXCs.jpg,94.5,excellent,D:\CDAC PGCP AI\Project Idea\Pose Suggestor\Unsplash1.2K\unsplash_pose_iTmnPGXAXCs.jpg,ok
unsplash_pose_F2DDIttKWWk.jpg,93.81,excellent,D:\CDAC PGCP AI\Project Idea\Pose Suggestor\Unsplash1.2K\unsplash_pose_F2DDIttKWWk.jpg,ok
unsplash_pose_b-M2wYhy78E.jpg,93.57,excellent,D:\CDAC PGCP AI\Project Idea\Pose Suggestor\Unsplash1.2K\unsplash_pose_b-M2wYhy78E.jpg,ok
unsplash_pose_7rZI78EgBUc.jpg,92.93,excellent,D:\CDAC PGCP AI\Project Idea\Pose Suggestor\Unsplash1.2K\unsplash_pose_7rZI78EgBUc.jpg,ok
unsplash_pose_HXGcZPWMYq8.jpg,92.59,excellent,D:\CDAC PGCP AI\Project Idea\Pose Suggestor\Unsplash1.2K\unsplash_pose_HXGcZPWMYq8.jpg,ok
unsplash_pose_PsEusUQerUY.jpg,92.52,excellent,D:\CDAC PGCP AI\Project Idea\Pose Suggestor\Unsplash1.2K\unsplash_pose_PsEusUQerUY.jpg,ok
unsplash_pose_F8v-Pa7LW7w.jpg,92.12,excellent,D:\CDAC PGCP AI\Project Idea\Pose Suggestor\Unsplash1.2K\unsplash_pose_F8v-Pa7LW7w.jpg,ok
unsplash_pose_nyA-t63X22c.jpg,91.74,excellent,D:\CDAC PGCP AI\Project Idea\Pose Suggestor\Unsplash1.2K\unsplash_pose_nyA-t63X22c.jpg,ok
unsplash_pose_1dCQ0GtB_4c.jpg,91.63,excellent,D:\CDAC PGCP AI\Project Idea\Pose Suggestor\Unsplash1.2K\unsplash_pose_1dCQ0GtB_4c.jpg,ok
unsplash_pose_ke0Ts9N7l6I.jpg,91.53,excellent,D:\CDAC PGCP AI\Project Idea\Pose Suggestor\Unsplash1.2K\unsplash_pose_ke0Ts9N7l6I.jpg,ok
unsplash_pose_W6th4cHlHhY.jpg,90.76,excellent,D:\CDAC PGCP AI\Project Idea\Pose Suggestor\Unsplash1.2K\unsplash_pose_W6th4cHlHhY.jpg,ok
unsplash_pose_TpqQdhtZu7A.jpg,90.67,excellent,D:\CDAC PGCP AI\Project Idea\Pose Suggestor\Unsplash1.2K\unsplash_pose_TpqQdhtZu7A.jpg,ok
unsplash_pose_OlbniAlAEm0.jpg,90.51,excellent,D:\CDAC PGCP AI\Project Idea\Pose Suggestor\Unsplash1.2K\unsplash_pose_OlbniAlAEm0.jpg,ok
unsplash_pose_SGQHS8l7qVc.jpg,90.47,excellent,D:\CDAC PGCP AI\Project Idea\Pose Suggestor\Unsplash1.2K\unsplash_pose_SGQHS8l7qVc.jpg,ok
unsplash_pose_OlknUkex2CA.jpg,90.25,excellent,D:\CDAC PGCP AI\Project Idea\Pose Suggestor\Unsplash1.2K\unsplash_pose_OlknUkex2CA.jpg,ok
unsplash_pose_n00w1KoehAs.jpg,89.78,excellent,D:\CDAC PGCP AI\Project Idea\Pose Suggestor\Unsplash1.2K\unsplash_pose_n00w1KoehAs.jpg,ok
unsplash_pose_Ytf8oqDzmb4.jpg,89.27,excellent,D:\CDAC PGCP AI\Project Idea\Pose Suggestor\Unsplash1.2K\unsplash_pose_Ytf8oqDzmb4.jpg,ok
unsplash_pose_R8BB9uDpVLc.jpg,89.19,excellent,D:\CDAC PGCP AI\Project Idea\Pose Suggestor\Unsplash1.2K\unsplash_pose_R8BB9uDpVLc.jpg,ok
unsplash_pose_pj2LT1vSjaY.jpg,89.06,excellent,D:\CDAC PGCP AI\Project Idea\Pose Suggestor\Unsplash1.2K\unsplash_pose_pj2LT1vSjaY.jpg,ok
unsplash_pose_bm15wPv3LGc.jpg,89.03,excellent,D:\CDAC PGCP AI\Project Idea\Pose Suggestor\Unsplash1.2K\unsplash_pose_bm15wPv3LGc.jpg,ok
unsplash_pose_PpLkFQk5is4.jpg,88.74,excellent,D:\CDAC PGCP AI\Project Idea\Pose Suggestor\Unsplash1.2K\unsplash_pose_PpLkFQk5is4.jpg,ok
unsplash_pose_OTdceLl0TWw.jpg,88.72,excellent,D:\CDAC PGCP AI\Project Idea\Pose Suggestor\Unsplash1.2K\unsplash_pose_OTdceLl0TWw.jpg,ok
unsplash_pose_98G1W52Q7f0.jpg,88.45,excellent,D:\CDAC PGCP AI\Project Idea\Pose Suggestor\Unsplash1.2K\unsplash_pose_98G1W52Q7f0.jpg,ok
unsplash_pose_BnS3iWJkv2E.jpg,88.42,excellent,D:\CDAC PGCP AI\Project Idea\Pose Suggestor\Unsplash1.2K\unsplash_pose_BnS3iWJkv2E.jpg,ok
unsplash_pose_o1v2RwnVTxI.jpg,88.38,excellent,D:\CDAC PGCP AI\Project Idea\Pose Suggestor\Unsplash1.2K\unsplash_pose_o1v2RwnVTxI.jpg,ok
unsplash_pose_Q3xYu5EKpSE.jpg,88.2,excellent,D:\CDAC PGCP AI\Project Idea\Pose Suggestor\Unsplash1.2K\unsplash_pose_Q3xYu5EKpSE.jpg,ok
unsplash_pose_pMFcZyMYxsE.jpg,87.94,excellent,D:\CDAC PGCP AI\Project Idea\Pose Suggestor\Unsplash1.2K\unsplash_pose_pMFcZyMYxsE.jpg,ok
unsplash_pose_Fdmhqxd7Dbk.jpg,87.93,excellent,D:\CDAC PGCP AI\Project Idea\Pose Suggestor\Unsplash1.2K\unsplash_pose_Fdmhqxd7Dbk.jpg,ok
unsplash_pose_ikQms1GeDp8.jpg,87.73,excellent,D:\CDAC PGCP AI\Project Idea\Pose Suggestor\Unsplash1.2K\unsplash_pose_ikQms1GeDp8.jpg,ok
unsplash_pose_UM9AwZWpvK4.jpg,87.68,excellent,D:\CDAC PGCP AI\Project Idea\Pose Suggestor\Unsplash1.2K\unsplash_pose_UM9AwZWpvK4.jpg,ok
unsplash_pose_RgZ14gbYdLA.jpg,87.6,excellent,D:\CDAC PGCP AI\Project Idea\Pose Suggestor\Unsplash1.2K\unsplash_pose_RgZ14gbYdLA.jpg,ok
unsplash_pose_BONVzPnUyY4.jpg,87.55,excellent,D:\CDAC PGCP AI\Project Idea\Pose Suggestor\Unsplash1.2K\unsplash_pose_BONVzPnUyY4.jpg,ok
unsplash_pose_UjZt-BWwM-M.jpg,87.52,excellent,D:\CDAC PGCP AI\Project Idea\Pose Suggestor\Unsplash1.2K\unsplash_pose_UjZt-BWwM-M.jpg,ok
unsplash_pose_z2kQOCh4874.jpg,87.5,excellent,D:\CDAC PGCP AI\Project Idea\Pose Suggestor\Unsplash1.2K\unsplash_pose_z2kQOCh4874.jpg,ok
unsplash_pose_hxm7iqiHcWI.jpg,87.48,excellent,D:\CDAC PGCP AI\Project Idea\Pose Suggestor\Unsplash1.2K\unsplash_pose_hxm7iqiHcWI.jpg,ok
unsplash_pose_5HJ7Sl0QRtE.jpg,87.47,excellent,D:\CDAC PGCP AI\Project Idea\Pose Suggestor\Unsplash1.2K\unsplash_pose_5HJ7Sl0QRtE.jpg,ok
unsplash_pose_eC_uhOmownM.jpg,87.4,excellent,D:\CDAC PGCP AI\Project Idea\Pose Suggestor\Unsplash1.2K\unsplash_pose_eC_uhOmownM.jpg,ok
unsplash_pose_z6TagXYrOaU.jpg,87.37,excellent,D:\CDAC PGCP AI\Project Idea\Pose Suggestor\Unsplash1.2K\unsplash_pose_z6TagXYrOaU.jpg,ok
unsplash_pose_Xnzk8PMqjKA.jpg,87.29,excellent,D:\CDAC PGCP AI\Project Idea\Pose Suggestor\Unsplash1.2K\unsplash_pose_Xnzk8PMqjKA.jpg,ok
unsplash_pose_8GIvE_7VjIc.jpg,87.25,excellent,D:\CDAC PGCP AI\Project Idea\Pose Suggestor\Unsplash1.2K\unsplash_pose_8GIvE_7VjIc.jpg,ok
unsplash_pose_F7HKg6Z2Avo.jpg,87.19,excellent,D:\CDAC PGCP AI\Project Idea\Pose Suggestor\Unsplash1.2K\unsplash_pose_F7HKg6Z2Avo.jpg,ok
unsplash_pose_rt59JCXzpcU.jpg,87.18,excellent,D:\CDAC PGCP AI\Project Idea\Pose Suggestor\Unsplash1.2K\unsplash_pose_rt59JCXzpcU.jpg,ok
unsplash_pose_RqeNxbKWhZI.jpg,87.05,excellent,D:\CDAC PGCP AI\Project Idea\Pose Suggestor\Unsplash1.2K\unsplash_pose_RqeNxbKWhZI.jpg,ok
unsplash_pose_H5oxFwfUr6s.jpg,86.99,excellent,D:\CDAC PGCP AI\Project Idea\Pose Suggestor\Unsplash1.2K\unsplash_pose_H5oxFwfUr6s.jpg,ok
unsplash_pose_fKszlW65LKE.jpg,86.87,excellent,D:\CDAC PGCP AI\Project Idea\Pose Suggestor\Unsplash1.2K\unsplash_pose_fKszlW65LKE.jpg,ok
unsplash_pose_N1bW8MIiEMM.jpg,86.82,excellent,D:\CDAC PGCP AI\Project Idea\Pose Suggestor\Unsplash1.2K\unsplash_pose_N1bW8MIiEMM.jpg,ok
unsplash_pose_BReSQo8qwjs.jpg,86.72,excellent,D:\CDAC PGCP AI\Project Idea\Pose Suggestor\Unsplash1.2K\unsplash_pose_BReSQo8qwjs.jpg,ok
unsplash_pose_qVxEvbkzr5Q.jpg,86.68,excellent,D:\CDAC PGCP AI\Project Idea\Pose Suggestor\Unsplash1.2K\unsplash_pose_qVxEvbkzr5Q.jpg,ok
unsplash_pose_UlckiiBORNc.jpg,86.66,excellent,D:\CDAC PGCP AI\Project Idea\Pose Suggestor\Unsplash1.2K\unsplash_pose_UlckiiBORNc.jpg,ok
unsplash_pose_aTHs7ozqgNM.jpg,86.66,excellent,D:\CDAC PGCP AI\Project Idea\Pose Suggestor\Unsplash1.2K\unsplash_pose_aTHs7ozqgNM.jpg,ok
unsplash_pose_C1sDxiSsE-8.jpg,86.6,excellent,D:\CDAC PGCP AI\Project Idea\Pose Suggestor\Unsplash1.2K\unsplash_pose_C1sDxiSsE-8.jpg,ok
unsplash_pose_wIGyzIHN7-U.jpg,86.59,excellent,D:\CDAC PGCP AI\Project Idea\Pose Suggestor\Unsplash1.2K\unsplash_pose_wIGyzIHN7-U.jpg,ok
unsplash_pose_rMsF77XCx0U.jpg,86.53,excellent,D:\CDAC PGCP AI\Project Idea\Pose Suggestor\Unsplash1.2K\unsplash_pose_rMsF77XCx0U.jpg,ok
unsplash_pose_Thm-BjquBYg.jpg,86.49,excellent,D:\CDAC PGCP AI\Project Idea\Pose Suggestor\Unsplash1.2K\unsplash_pose_Thm-BjquBYg.jpg,ok
unsplash_pose_a8u-R-8VkcU.jpg,86.44,excellent,D:\CDAC PGCP AI\Project Idea\Pose Suggestor\Unsplash1.2K\unsplash_pose_a8u-R-8VkcU.jpg,ok
unsplash_pose_TcMPtDjAgiI.jpg,86.42,excellent,D:\CDAC PGCP AI\Project Idea\Pose Suggestor\Unsplash1.2K\unsplash_pose_TcMPtDjAgiI.jpg,ok
unsplash_pose_3P9XPYKZWIM.jpg,86.4,excellent,D:\CDAC PGCP AI\Project Idea\Pose Suggestor\Unsplash1.2K\unsplash_pose_3P9XPYKZWIM.jpg,ok
unsplash_pose_FQxTtp80moQ.jpg,86.35,excellent,D:\CDAC PGCP AI\Project Idea\Pose Suggestor\Unsplash1.2K\unsplash_pose_FQxTtp80moQ.jpg,ok
unsplash_pose_7OaNxcZBZlc.jpg,86.34,excellent,D:\CDAC PGCP AI\Project Idea\Pose Suggestor\Unsplash1.2K\unsplash_pose_7OaNxcZBZlc.jpg,ok
unsplash_pose_h4DDOIdiNpg.jpg,86.3,excellent,D:\CDAC PGCP AI\Project Idea\Pose Suggestor\Unsplash1.2K\unsplash_pose_h4DDOIdiNpg.jpg,ok
unsplash_pose_EE_0Mp7pX2k.jpg,86.23,excellent,D:\CDAC PGCP AI\Project Idea\Pose Suggestor\Unsplash1.2K\unsplash_pose_EE_0Mp7pX2k.jpg,ok
unsplash_pose_eToH-X6yfUg.jpg,86.17,excellent,D:\CDAC PGCP AI\Project Idea\Pose Suggestor\Unsplash1.2K\unsplash_pose_eToH-X6yfUg.jpg,ok
unsplash_pose_9Ryhq3FWwFg.jpg,86.11,excellent,D:\CDAC PGCP AI\Project Idea\Pose Suggestor\Unsplash1.2K\unsplash_pose_9Ryhq3FWwFg.jpg,ok
unsplash_pose_piuq7b8yU2U.jpg,86.07,excellent,D:\CDAC PGCP AI\Project Idea\Pose Suggestor\Unsplash1.2K\unsplash_pose_piuq7b8yU2U.jpg,ok
unsplash_pose_V9BQqdXbPgY.jpg,86.07,excellent,D:\CDAC PGCP AI\Project Idea\Pose Suggestor\Unsplash1.2K\unsplash_pose_V9BQqdXbPgY.jpg,ok
unsplash_pose_-TQwOD8rdLU.jpg,86.05,excellent,D:\CDAC PGCP AI\Project Idea\Pose Suggestor\Unsplash1.2K\unsplash_pose_-TQwOD8rdLU.jpg,ok
unsplash_pose_j5ANn7RBEhM.jpg,86.0,excellent,D:\CDAC PGCP AI\Project Idea\Pose Suggestor\Unsplash1.2K\unsplash_pose_j5ANn7RBEhM.jpg,ok
unsplash_pose_dv_HQf5wuzs.jpg,85.91,excellent,D:\CDAC PGCP AI\Project Idea\Pose Suggestor\Unsplash1.2K\unsplash_pose_dv_HQf5wuzs.jpg,ok
unsplash_pose_TFe8liWdRHY.jpg,85.86,excellent,D:\CDAC PGCP AI\Project Idea\Pose Suggestor\Unsplash1.2K\unsplash_pose_TFe8liWdRHY.jpg,ok
unsplash_pose_A2JvjIiB-Lc.jpg,85.86,excellent,D:\CDAC PGCP AI\Project Idea\Pose Suggestor\Unsplash1.2K\unsplash_pose_A2JvjIiB-Lc.jpg,ok
unsplash_pose_turuFA7D9ws.jpg,85.83,excellent,D:\CDAC PGCP AI\Project Idea\Pose Suggestor\Unsplash1.2K\unsplash_pose_turuFA7D9ws.jpg,ok
unsplash_pose_3XCFqdWlh5c.jpg,85.75,excellent,D:\CDAC PGCP AI\Project Idea\Pose Suggestor\Unsplash1.2K\unsplash_pose_3XCFqdWlh5c.jpg,ok
unsplash_pose_rTTYQeEQFC8.jpg,85.73,excellent,D:\CDAC PGCP AI\Project Idea\Pose Suggestor\Unsplash1.2K\unsplash_pose_rTTYQeEQFC8.jpg,ok
unsplash_pose_HzY_UYCNYsQ.jpg,85.73,excellent,D:\CDAC PGCP AI\Project Idea\Pose Suggestor\Unsplash1.2K\unsplash_pose_HzY_UYCNYsQ.jpg,ok
unsplash_pose_hQoAvRob4rE.jpg,85.63,excellent,D:\CDAC PGCP AI\Project Idea\Pose Suggestor\Unsplash1.2K\unsplash_pose_hQoAvRob4rE.jpg,ok
unsplash_pose_VPz_yAsC43k.jpg,85.62,excellent,D:\CDAC PGCP AI\Project Idea\Pose Suggestor\Unsplash1.2K\unsplash_pose_VPz_yAsC43k.jpg,ok
unsplash_pose_Z-Ae1Zj9YbM.jpg,85.57,excellent,D:\CDAC PGCP AI\Project Idea\Pose Suggestor\Unsplash1.2K\unsplash_pose_Z-Ae1Zj9YbM.jpg,ok
unsplash_pose_HlwmsO1xF70.jpg,85.56,excellent,D:\CDAC PGCP AI\Project Idea\Pose Suggestor\Unsplash1.2K\unsplash_pose_HlwmsO1xF70.jpg,ok
unsplash_pose_chbckpjDswM.jpg,85.53,excellent,D:\CDAC PGCP AI\Project Idea\Pose Suggestor\Unsplash1.2K\unsplash_pose_chbckpjDswM.jpg,ok
unsplash_pose_BlQOgXrFX-Q.jpg,85.53,excellent,D:\CDAC PGCP AI\Project Idea\Pose Suggestor\Unsplash1.2K\unsplash_pose_BlQOgXrFX-Q.jpg,ok
unsplash_pose_VonYASkhn4I.jpg,85.48,excellent,D:\CDAC PGCP AI\Project Idea\Pose Suggestor\Unsplash1.2K\unsplash_pose_VonYASkhn4I.jpg,ok
unsplash_pose_FbJW1l0Lf-w.jpg,85.47,excellent,D:\CDAC PGCP AI\Project Idea\Pose Suggestor\Unsplash1.2K\unsplash_pose_FbJW1l0Lf-w.jpg,ok
unsplash_pose_uZS-v9aa338.jpg,85.44,excellent,D:\CDAC PGCP AI\Project Idea\Pose Suggestor\Unsplash1.2K\unsplash_pose_uZS-v9aa338.jpg,ok
unsplash_pose_5DqINTgqxgg.jpg,85.43,excellent,D:\CDAC PGCP AI\Project Idea\Pose Suggestor\Unsplash1.2K\unsplash_pose_5DqINTgqxgg.jpg,ok
unsplash_pose_N59JyTVwIKo.jpg,85.31,excellent,D:\CDAC PGCP AI\Project Idea\Pose Suggestor\Unsplash1.2K\unsplash_pose_N59JyTVwIKo.jpg,ok
unsplash_pose_VqUgxh8tj50.jpg,85.15,excellent,D:\CDAC PGCP AI\Project Idea\Pose Suggestor\Unsplash1.2K\unsplash_pose_VqUgxh8tj50.jpg,ok
unsplash_pose_Mtc56zc0x04.jpg,85.09,excellent,D:\CDAC PGCP AI\Project Idea\Pose Suggestor\Unsplash1.2K\unsplash_pose_Mtc56zc0x04.jpg,ok
unsplash_pose_jxy-yKnnkjY.jpg,84.93,good,D:\CDAC PGCP AI\Project Idea\Pose Suggestor\Unsplash1.2K\unsplash_pose_jxy-yKnnkjY.jpg,ok
unsplash_pose_5Cx3VaHhUGQ.jpg,84.91,good,D:\CDAC PGCP AI\Project Idea\Pose Suggestor\Unsplash1.2K\unsplash_pose_5Cx3VaHhUGQ.jpg,ok
unsplash_pose_SPcPG85DTp8.jpg,84.9,good,D:\CDAC PGCP AI\Project Idea\Pose Suggestor\Unsplash1.2K\unsplash_pose_SPcPG85DTp8.jpg,ok
unsplash_pose_frJUj0kL-LY.jpg,84.89,good,D:\CDAC PGCP AI\Project Idea\Pose Suggestor\Unsplash1.2K\unsplash_pose_frJUj0kL-LY.jpg,ok
unsplash_pose_t8uHYszz9Ps.jpg,84.87,good,D:\CDAC PGCP AI\Project Idea\Pose Suggestor\Unsplash1.2K\unsplash_pose_t8uHYszz9Ps.jpg,ok
unsplash_pose_artvSrpT0NM.jpg,84.86,good,D:\CDAC PGCP AI\Project Idea\Pose Suggestor\Unsplash1.2K\unsplash_pose_artvSrpT0NM.jpg,ok
unsplash_pose_ocEbvB4ozss.jpg,84.86,good,D:\CDAC PGCP AI\Project Idea\Pose Suggestor\Unsplash1.2K\unsplash_pose_ocEbvB4ozss.jpg,ok
unsplash_pose_jL3bqeCByu0.jpg,84.77,good,D:\CDAC PGCP AI\Project Idea\Pose Suggestor\Unsplash1.2K\unsplash_pose_jL3bqeCByu0.jpg,ok
unsplash_pose_uGsFkvQbx6E.jpg,84.76,good,D:\CDAC PGCP AI\Project Idea\Pose Suggestor\Unsplash1.2K\unsplash_pose_uGsFkvQbx6E.jpg,ok
unsplash_pose_h4AAGJHWLzM.jpg,84.74,good,D:\CDAC PGCP AI\Project Idea\Pose Suggestor\Unsplash1.2K\unsplash_pose_h4AAGJHWLzM.jpg,ok
unsplash_pose_xeSnUguwYQQ.jpg,84.65,good,D:\CDAC PGCP AI\Project Idea\Pose Suggestor\Unsplash1.2K\unsplash_pose_xeSnUguwYQQ.jpg,ok
unsplash_pose_txgjigU7h7c.jpg,84.64,good,D:\CDAC PGCP AI\Project Idea\Pose Suggestor\Unsplash1.2K\unsplash_pose_txgjigU7h7c.jpg,ok
unsplash_pose__MnbIoOIarM.jpg,84.63,good,D:\CDAC PGCP AI\Project Idea\Pose Suggestor\Unsplash1.2K\unsplash_pose__MnbIoOIarM.jpg,ok
unsplash_pose_eLSqrcfjH3A.jpg,84.59,good,D:\CDAC PGCP AI\Project Idea\Pose Suggestor\Unsplash1.2K\unsplash_pose_eLSqrcfjH3A.jpg,ok
unsplash_pose_ceszFx4XGJ4.jpg,84.56,good,D:\CDAC PGCP AI\Project Idea\Pose Suggestor\Unsplash1.2K\unsplash_pose_ceszFx4XGJ4.jpg,ok
unsplash_pose_l06mljRwe1A.jpg,84.53,good,D:\CDAC PGCP AI\Project Idea\Pose Suggestor\Unsplash1.2K\unsplash_pose_l06mljRwe1A.jpg,ok
unsplash_pose_JbREuv4U7iE.jpg,84.49,good,D:\CDAC PGCP AI\Project Idea\Pose Suggestor\Unsplash1.2K\unsplash_pose_JbREuv4U7iE.jpg,ok
unsplash_pose_3JbNQQMh7OY.jpg,84.48,good,D:\CDAC PGCP AI\Project Idea\Pose Suggestor\Unsplash1.2K\unsplash_pose_3JbNQQMh7OY.jpg,ok
unsplash_pose_NVISlgb9ME8.jpg,84.47,good,D:\CDAC PGCP AI\Project Idea\Pose Suggestor\Unsplash1.2K\unsplash_pose_NVISlgb9ME8.jpg,ok
unsplash_pose_A6Y1aLmMr5I.jpg,84.46,good,D:\CDAC PGCP AI\Project Idea\Pose Suggestor\Unsplash1.2K\unsplash_pose_A6Y1aLmMr5I.jpg,ok
unsplash_pose_EorEeoY_LaA.jpg,84.45,good,D:\CDAC PGCP AI\Project Idea\Pose Suggestor\Unsplash1.2K\unsplash_pose_EorEeoY_LaA.jpg,ok
unsplash_pose_Euw9_Hgw7FI.jpg,84.45,good,D:\CDAC PGCP AI\Project Idea\Pose Suggestor\Unsplash1.2K\unsplash_pose_Euw9_Hgw7FI.jpg,ok
unsplash_pose_kT1yjIk1a3k.jpg,84.42,good,D:\CDAC PGCP AI\Project Idea\Pose Suggestor\Unsplash1.2K\unsplash_pose_kT1yjIk1a3k.jpg,ok
unsplash_pose_GGMvNa4-3Ew.jpg,84.39,good,D:\CDAC PGCP AI\Project Idea\Pose Suggestor\Unsplash1.2K\unsplash_pose_GGMvNa4-3Ew.jpg,ok
unsplash_pose_Ey3KtQSFMlQ.jpg,84.37,good,D:\CDAC PGCP AI\Project Idea\Pose Suggestor\Unsplash1.2K\unsplash_pose_Ey3KtQSFMlQ.jpg,ok
unsplash_pose_rI-SYbao7RQ.jpg,84.35,good,D:\CDAC PGCP AI\Project Idea\Pose Suggestor\Unsplash1.2K\unsplash_pose_rI-SYbao7RQ.jpg,ok
unsplash_pose_kXzRVddms-8.jpg,84.33,good,D:\CDAC PGCP AI\Project Idea\Pose Suggestor\Unsplash1.2K\unsplash_pose_kXzRVddms-8.jpg,ok
unsplash_pose_Fp1pb_cqlNM.jpg,84.22,good,D:\CDAC PGCP AI\Project Idea\Pose Suggestor\Unsplash1.2K\unsplash_pose_Fp1pb_cqlNM.jpg,ok
unsplash_pose_9xUPqcFs-tI.jpg,84.22,good,D:\CDAC PGCP AI\Project Idea\Pose Suggestor\Unsplash1.2K\unsplash_pose_9xUPqcFs-tI.jpg,ok
unsplash_pose_161_ToLlvHw.jpg,84.22,good,D:\CDAC PGCP AI\Project Idea\Pose Suggestor\Unsplash1.2K\unsplash_pose_161_ToLlvHw.jpg,ok
unsplash_pose_xDuOUdQASX0.jpg,84.2,good,D:\CDAC PGCP AI\Project Idea\Pose Suggestor\Unsplash1.2K\unsplash_pose_xDuOUdQASX0.jpg,ok
unsplash_pose_GpflXIE9v4E.jpg,84.19,good,D:\CDAC PGCP AI\Project Idea\Pose Suggestor\Unsplash1.2K\unsplash_pose_GpflXIE9v4E.jpg,ok
unsplash_pose_MbElizA8LKU.jpg,84.16,good,D:\CDAC PGCP AI\Project Idea\Pose Suggestor\Unsplash1.2K\unsplash_pose_MbElizA8LKU.jpg,ok
unsplash_pose_bzCyR8bVU98.jpg,84.16,good,D:\CDAC PGCP AI\Project Idea\Pose Suggestor\Unsplash1.2K\unsplash_pose_bzCyR8bVU98.jpg,ok
unsplash_pose_16pGIQJLbck.jpg,84.14,good,D:\CDAC PGCP AI\Project Idea\Pose Suggestor\Unsplash1.2K\unsplash_pose_16pGIQJLbck.jpg,ok
unsplash_pose_ZW7kdbeSppA.jpg,84.12,good,D:\CDAC PGCP AI\Project Idea\Pose Suggestor\Unsplash1.2K\unsplash_pose_ZW7kdbeSppA.jpg,ok
unsplash_pose_tbi-6iEbss4.jpg,84.08,good,D:\CDAC PGCP AI\Project Idea\Pose Suggestor\Unsplash1.2K\unsplash_pose_tbi-6iEbss4.jpg,ok
unsplash_pose_6vuv427aibw.jpg,84.04,good,D:\CDAC PGCP AI\Project Idea\Pose Suggestor\Unsplash1.2K\unsplash_pose_6vuv427aibw.jpg,ok
unsplash_pose_BE_YpnGt4fU.jpg,84.01,good,D:\CDAC PGCP AI\Project Idea\Pose Suggestor\Unsplash1.2K\unsplash_pose_BE_YpnGt4fU.jpg,ok
unsplash_pose_QiUZNfWUrDI.jpg,83.98,good,D:\CDAC PGCP AI\Project Idea\Pose Suggestor\Unsplash1.2K\unsplash_pose_QiUZNfWUrDI.jpg,ok
unsplash_pose_x7eVNFXCph0.jpg,83.98,good,D:\CDAC PGCP AI\Project Idea\Pose Suggestor\Unsplash1.2K\unsplash_pose_x7eVNFXCph0.jpg,ok
unsplash_pose_IN5hEwHTWKM.jpg,83.96,good,D:\CDAC PGCP AI\Project Idea\Pose Suggestor\Unsplash1.2K\unsplash_pose_IN5hEwHTWKM.jpg,ok
unsplash_pose_Oaj7RxeQOCQ.jpg,83.95,good,D:\CDAC PGCP AI\Project Idea\Pose Suggestor\Unsplash1.2K\unsplash_pose_Oaj7RxeQOCQ.jpg,ok
unsplash_pose_3V5O7YYy38E.jpg,83.94,good,D:\CDAC PGCP AI\Project Idea\Pose Suggestor\Unsplash1.2K\unsplash_pose_3V5O7YYy38E.jpg,ok
unsplash_pose_3QecIJh2dbY.jpg,83.94,good,D:\CDAC PGCP AI\Project Idea\Pose Suggestor\Unsplash1.2K\unsplash_pose_3QecIJh2dbY.jpg,ok
unsplash_pose_IqlKKsUrr4Q.jpg,83.94,good,D:\CDAC PGCP AI\Project Idea\Pose Suggestor\Unsplash1.2K\unsplash_pose_IqlKKsUrr4Q.jpg,ok
unsplash_pose_B2gRcfyfsgE.jpg,83.92,good,D:\CDAC PGCP AI\Project Idea\Pose Suggestor\Unsplash1.2K\unsplash_pose_B2gRcfyfsgE.jpg,ok
unsplash_pose_EwM1EqeIYzk.jpg,83.91,good,D:\CDAC PGCP AI\Project Idea\Pose Suggestor\Unsplash1.2K\unsplash_pose_EwM1EqeIYzk.jpg,ok
unsplash_pose_CB84hFScDdc.jpg,83.87,good,D:\CDAC PGCP AI\Project Idea\Pose Suggestor\Unsplash1.2K\unsplash_pose_CB84hFScDdc.jpg,ok
unsplash_pose_AfXrQq5f6wc.jpg,83.85,good,D:\CDAC PGCP AI\Project Idea\Pose Suggestor\Unsplash1.2K\unsplash_pose_AfXrQq5f6wc.jpg,ok
unsplash_pose_G_ytyO-daEU.jpg,83.82,good,D:\CDAC PGCP AI\Project Idea\Pose Suggestor\Unsplash1.2K\unsplash_pose_G_ytyO-daEU.jpg,ok
unsplash_pose_f2P6u9VXylc.jpg,83.81,good,D:\CDAC PGCP AI\Project Idea\Pose Suggestor\Unsplash1.2K\unsplash_pose_f2P6u9VXylc.jpg,ok
unsplash_pose_jFgRmj82dQw.jpg,83.8,good,D:\CDAC PGCP AI\Project Idea\Pose Suggestor\Unsplash1.2K\unsplash_pose_jFgRmj82dQw.jpg,ok
unsplash_pose_TjFjXHyfvW8.jpg,83.79,good,D:\CDAC PGCP AI\Project Idea\Pose Suggestor\Unsplash1.2K\unsplash_pose_TjFjXHyfvW8.jpg,ok
unsplash_pose_NxGRsXccyfA.jpg,83.79,good,D:\CDAC PGCP AI\Project Idea\Pose Suggestor\Unsplash1.2K\unsplash_pose_NxGRsXccyfA.jpg,ok
unsplash_pose_4NhBMptk7B4.jpg,83.79,good,D:\CDAC PGCP AI\Project Idea\Pose Suggestor\Unsplash1.2K\unsplash_pose_4NhBMptk7B4.jpg,ok
unsplash_pose_gyWgWCoD2U4.jpg,83.76,good,D:\CDAC PGCP AI\Project Idea\Pose Suggestor\Unsplash1.2K\unsplash_pose_gyWgWCoD2U4.jpg,ok
unsplash_pose_CznUjRqZ6uo.jpg,83.74,good,D:\CDAC PGCP AI\Project Idea\Pose Suggestor\Unsplash1.2K\unsplash_pose_CznUjRqZ6uo.jpg,ok
unsplash_pose_SZ7bwB5ChJM.jpg,83.73,good,D:\CDAC PGCP AI\Project Idea\Pose Suggestor\Unsplash1.2K\unsplash_pose_SZ7bwB5ChJM.jpg,ok
unsplash_pose_Nd6iCNIbbJk.jpg,83.73,good,D:\CDAC PGCP AI\Project Idea\Pose Suggestor\Unsplash1.2K\unsplash_pose_Nd6iCNIbbJk.jpg,ok
unsplash_pose_9E_6hXT0RpU.jpg,83.66,good,D:\CDAC PGCP AI\Project Idea\Pose Suggestor\Unsplash1.2K\unsplash_pose_9E_6hXT0RpU.jpg,ok
unsplash_pose_SzGLx1HWS7I.jpg,83.64,good,D:\CDAC PGCP AI\Project Idea\Pose Suggestor\Unsplash1.2K\unsplash_pose_SzGLx1HWS7I.jpg,ok
unsplash_pose_kNYw6jEr9Ho.jpg,83.6,good,D:\CDAC PGCP AI\Project Idea\Pose Suggestor\Unsplash1.2K\unsplash_pose_kNYw6jEr9Ho.jpg,ok
unsplash_pose_9uOc77HmX2c.jpg,83.59,good,D:\CDAC PGCP AI\Project Idea\Pose Suggestor\Unsplash1.2K\unsplash_pose_9uOc77HmX2c.jpg,ok
unsplash_pose_OaWZsPqS94k.jpg,83.55,good,D:\CDAC PGCP AI\Project Idea\Pose Suggestor\Unsplash1.2K\unsplash_pose_OaWZsPqS94k.jpg,ok
unsplash_pose_rQ5KEx5joy0.jpg,83.52,good,D:\CDAC PGCP AI\Project Idea\Pose Suggestor\Unsplash1.2K\unsplash_pose_rQ5KEx5joy0.jpg,ok
unsplash_pose_LY09RfHOoVk.jpg,83.44,good,D:\CDAC PGCP AI\Project Idea\Pose Suggestor\Unsplash1.2K\unsplash_pose_LY09RfHOoVk.jpg,ok
unsplash_pose_y_yUpHDLctE.jpg,83.41,good,D:\CDAC PGCP AI\Project Idea\Pose Suggestor\Unsplash1.2K\unsplash_pose_y_yUpHDLctE.jpg,ok
unsplash_pose_YTIt1AsCjl0.jpg,83.41,good,D:\CDAC PGCP AI\Project Idea\Pose Suggestor\Unsplash1.2K\unsplash_pose_YTIt1AsCjl0.jpg,ok
unsplash_pose_CCipnhgM9Tw.jpg,83.4,good,D:\CDAC PGCP AI\Project Idea\Pose Suggestor\Unsplash1.2K\unsplash_pose_CCipnhgM9Tw.jpg,ok
unsplash_pose_cuZDK33D_wU.jpg,83.4,good,D:\CDAC PGCP AI\Project Idea\Pose Suggestor\Unsplash1.2K\unsplash_pose_cuZDK33D_wU.jpg,ok
unsplash_pose_Bqr3lXUYe8k.jpg,83.4,good,D:\CDAC PGCP AI\Project Idea\Pose Suggestor\Unsplash1.2K\unsplash_pose_Bqr3lXUYe8k.jpg,ok
unsplash_pose_nwx1zTfKHGI.jpg,83.35,good,D:\CDAC PGCP AI\Project Idea\Pose Suggestor\Unsplash1.2K\unsplash_pose_nwx1zTfKHGI.jpg,ok
unsplash_pose_lBFqCwwRGAA.jpg,83.35,good,D:\CDAC PGCP AI\Project Idea\Pose Suggestor\Unsplash1.2K\unsplash_pose_lBFqCwwRGAA.jpg,ok
unsplash_pose_Umd2wXvhFOQ.jpg,83.33,good,D:\CDAC PGCP AI\Project Idea\Pose Suggestor\Unsplash1.2K\unsplash_pose_Umd2wXvhFOQ.jpg,ok
unsplash_pose_PHl7XAmkm-w.jpg,83.31,good,D:\CDAC PGCP AI\Project Idea\Pose Suggestor\Unsplash1.2K\unsplash_pose_PHl7XAmkm-w.jpg,ok
unsplash_pose_3CbElgvMKP8.jpg,83.29,good,D:\CDAC PGCP AI\Project Idea\Pose Suggestor\Unsplash1.2K\unsplash_pose_3CbElgvMKP8.jpg,ok
unsplash_pose_klICwkEpdmM.jpg,83.26,good,D:\CDAC PGCP AI\Project Idea\Pose Suggestor\Unsplash1.2K\unsplash_pose_klICwkEpdmM.jpg,ok
unsplash_pose_NL3nV3FDbEI.jpg,83.22,good,D:\CDAC PGCP AI\Project Idea\Pose Suggestor\Unsplash1.2K\unsplash_pose_NL3nV3FDbEI.jpg,ok
unsplash_pose_uvTUI7tu7qI.jpg,83.19,good,D:\CDAC PGCP AI\Project Idea\Pose Suggestor\Unsplash1.2K\unsplash_pose_uvTUI7tu7qI.jpg,ok
unsplash_pose_uhNvS5aXKQU.jpg,83.19,good,D:\CDAC PGCP AI\Project Idea\Pose Suggestor\Unsplash1.2K\unsplash_pose_uhNvS5aXKQU.jpg,ok
unsplash_pose_1DB1WsVmO80.jpg,83.18,good,D:\CDAC PGCP AI\Project Idea\Pose Suggestor\Unsplash1.2K\unsplash_pose_1DB1WsVmO80.jpg,ok
unsplash_pose_ZMYGPcKFSP4.jpg,83.18,good,D:\CDAC PGCP AI\Project Idea\Pose Suggestor\Unsplash1.2K\unsplash_pose_ZMYGPcKFSP4.jpg,ok
unsplash_pose_cfQiXG92zGk.jpg,83.14,good,D:\CDAC PGCP AI\Project Idea\Pose Suggestor\Unsplash1.2K\unsplash_pose_cfQiXG92zGk.jpg,ok
unsplash_pose_5Yg3leXIggw.jpg,83.14,good,D:\CDAC PGCP AI\Project Idea\Pose Suggestor\Unsplash1.2K\unsplash_pose_5Yg3leXIggw.jpg,ok
unsplash_pose_KEu-0WzgI00.jpg,83.13,good,D:\CDAC PGCP AI\Project Idea\Pose Suggestor\Unsplash1.2K\unsplash_pose_KEu-0WzgI00.jpg,ok
unsplash_pose_mtfMFR7J4eU.jpg,83.13,good,D:\CDAC PGCP AI\Project Idea\Pose Suggestor\Unsplash1.2K\unsplash_pose_mtfMFR7J4eU.jpg,ok
unsplash_pose_lHuyF8U2TRA.jpg,83.08,good,D:\CDAC PGCP AI\Project Idea\Pose Suggestor\Unsplash1.2K\unsplash_pose_lHuyF8U2TRA.jpg,ok
unsplash_pose_bv1tUxbVDEc.jpg,83.07,good,D:\CDAC PGCP AI\Project Idea\Pose Suggestor\Unsplash1.2K\unsplash_pose_bv1tUxbVDEc.jpg,ok
unsplash_pose_ODSJFOEiv7w.jpg,83.07,good,D:\CDAC PGCP AI\Project Idea\Pose Suggestor\Unsplash1.2K\unsplash_pose_ODSJFOEiv7w.jpg,ok
unsplash_pose_iE5PIYn698Q.jpg,83.07,good,D:\CDAC PGCP AI\Project Idea\Pose Suggestor\Unsplash1.2K\unsplash_pose_iE5PIYn698Q.jpg,ok
unsplash_pose_JIfkjVJM3dk.jpg,83.06,good,D:\CDAC PGCP AI\Project Idea\Pose Suggestor\Unsplash1.2K\unsplash_pose_JIfkjVJM3dk.jpg,ok
unsplash_pose_2ZptUMNcqwI.jpg,83.06,good,D:\CDAC PGCP AI\Project Idea\Pose Suggestor\Unsplash1.2K\unsplash_pose_2ZptUMNcqwI.jpg,ok
unsplash_pose_x7qzKUhz_EU.jpg,83.05,good,D:\CDAC PGCP AI\Project Idea\Pose Suggestor\Unsplash1.2K\unsplash_pose_x7qzKUhz_EU.jpg,ok
unsplash_pose_DCDj5TeIkAU.jpg,83.02,good,D:\CDAC PGCP AI\Project Idea\Pose Suggestor\Unsplash1.2K\unsplash_pose_DCDj5TeIkAU.jpg,ok
unsplash_pose_A1TMRi1U5uw.jpg,83.01,good,D:\CDAC PGCP AI\Project Idea\Pose Suggestor\Unsplash1.2K\unsplash_pose_A1TMRi1U5uw.jpg,ok
unsplash_pose_KV54SDJihcU.jpg,82.96,good,D:\CDAC PGCP AI\Project Idea\Pose Suggestor\Unsplash1.2K\unsplash_pose_KV54SDJihcU.jpg,ok
unsplash_pose_rvGOxAbJOK4.jpg,82.96,good,D:\CDAC PGCP AI\Project Idea\Pose Suggestor\Unsplash1.2K\unsplash_pose_rvGOxAbJOK4.jpg,ok
unsplash_pose_sR5GxrsBxD4.jpg,82.96,good,D:\CDAC PGCP AI\Project Idea\Pose Suggestor\Unsplash1.2K\unsplash_pose_sR5GxrsBxD4.jpg,ok
unsplash_pose_Rmh6HbfooiM.jpg,82.94,good,D:\CDAC PGCP AI\Project Idea\Pose Suggestor\Unsplash1.2K\unsplash_pose_Rmh6HbfooiM.jpg,ok
unsplash_pose_I7XiYruPff0.jpg,82.93,good,D:\CDAC PGCP AI\Project Idea\Pose Suggestor\Unsplash1.2K\unsplash_pose_I7XiYruPff0.jpg,ok
unsplash_pose_N76bJkIpyMM.jpg,82.89,good,D:\CDAC PGCP AI\Project Idea\Pose Suggestor\Unsplash1.2K\unsplash_pose_N76bJkIpyMM.jpg,ok
unsplash_pose_XYdS4RfCxEA.jpg,82.89,good,D:\CDAC PGCP AI\Project Idea\Pose Suggestor\Unsplash1.2K\unsplash_pose_XYdS4RfCxEA.jpg,ok
unsplash_pose_tbyxm09ekWg.jpg,82.86,good,D:\CDAC PGCP AI\Project Idea\Pose Suggestor\Unsplash1.2K\unsplash_pose_tbyxm09ekWg.jpg,ok
unsplash_pose_APzyHZJtfWk.jpg,82.86,good,D:\CDAC PGCP AI\Project Idea\Pose Suggestor\Unsplash1.2K\unsplash_pose_APzyHZJtfWk.jpg,ok
unsplash_pose_MB-bs0uxiQI.jpg,82.84,good,D:\CDAC PGCP AI\Project Idea\Pose Suggestor\Unsplash1.2K\unsplash_pose_MB-bs0uxiQI.jpg,ok
unsplash_pose_ZvqjS4vyQz8.jpg,82.77,good,D:\CDAC PGCP AI\Project Idea\Pose Suggestor\Unsplash1.2K\unsplash_pose_ZvqjS4vyQz8.jpg,ok
unsplash_pose_TkBlvziQFkg.jpg,82.73,good,D:\CDAC PGCP AI\Project Idea\Pose Suggestor\Unsplash1.2K\unsplash_pose_TkBlvziQFkg.jpg,ok
unsplash_pose_lq__ymq9mjM.jpg,82.72,good,D:\CDAC PGCP AI\Project Idea\Pose Suggestor\Unsplash1.2K\unsplash_pose_lq__ymq9mjM.jpg,ok
unsplash_pose_7ORkFldW24k.jpg,82.7,good,D:\CDAC PGCP AI\Project Idea\Pose Suggestor\Unsplash1.2K\unsplash_pose_7ORkFldW24k.jpg,ok
unsplash_pose_aIj_dQZKXo4.jpg,82.7,good,D:\CDAC PGCP AI\Project Idea\Pose Suggestor\Unsplash1.2K\unsplash_pose_aIj_dQZKXo4.jpg,ok
unsplash_pose_7vYUPML_41I.jpg,82.69,good,D:\CDAC PGCP AI\Project Idea\Pose Suggestor\Unsplash1.2K\unsplash_pose_7vYUPML_41I.jpg,ok
unsplash_pose_u9ufuyJGA4s.jpg,82.69,good,D:\CDAC PGCP AI\Project Idea\Pose Suggestor\Unsplash1.2K\unsplash_pose_u9ufuyJGA4s.jpg,ok
unsplash_pose_VUSdlpXY-c0.jpg,82.65,good,D:\CDAC PGCP AI\Project Idea\Pose Suggestor\Unsplash1.2K\unsplash_pose_VUSdlpXY-c0.jpg,ok
unsplash_pose_72K2hAiACYw.jpg,82.64,good,D:\CDAC PGCP AI\Project Idea\Pose Suggestor\Unsplash1.2K\unsplash_pose_72K2hAiACYw.jpg,ok
unsplash_pose_wCnO-miBr0k.jpg,82.64,good,D:\CDAC PGCP AI\Project Idea\Pose Suggestor\Unsplash1.2K\unsplash_pose_wCnO-miBr0k.jpg,ok
unsplash_pose_Lqej77_JAPU.jpg,82.6,good,D:\CDAC PGCP AI\Project Idea\Pose Suggestor\Unsplash1.2K\unsplash_pose_Lqej77_JAPU.jpg,ok
unsplash_pose_0tHqkE-oG7M.jpg,82.59,good,D:\CDAC PGCP AI\Project Idea\Pose Suggestor\Unsplash1.2K\unsplash_pose_0tHqkE-oG7M.jpg,ok
unsplash_pose_sD1lxmDT2Uc.jpg,82.59,good,D:\CDAC PGCP AI\Project Idea\Pose Suggestor\Unsplash1.2K\unsplash_pose_sD1lxmDT2Uc.jpg,ok
unsplash_pose_kwsVn7OCzXA.jpg,82.59,good,D:\CDAC PGCP AI\Project Idea\Pose Suggestor\Unsplash1.2K\unsplash_pose_kwsVn7OCzXA.jpg,ok
unsplash_pose_WzydA2yEmAc.jpg,82.57,good,D:\CDAC PGCP AI\Project Idea\Pose Suggestor\Unsplash1.2K\unsplash_pose_WzydA2yEmAc.jpg,ok
unsplash_pose_8q7KrE0eYE0.jpg,82.55,good,D:\CDAC PGCP AI\Project Idea\Pose Suggestor\Unsplash1.2K\unsplash_pose_8q7KrE0eYE0.jpg,ok
unsplash_pose_nP5kJJYG9X0.jpg,82.53,good,D:\CDAC PGCP AI\Project Idea\Pose Suggestor\Unsplash1.2K\unsplash_pose_nP5kJJYG9X0.jpg,ok
unsplash_pose_SX6v4tH2vEk.jpg,82.52,good,D:\CDAC PGCP AI\Project Idea\Pose Suggestor\Unsplash1.2K\unsplash_pose_SX6v4tH2vEk.jpg,ok
unsplash_pose_CZCHc_iwoec.jpg,82.5,good,D:\CDAC PGCP AI\Project Idea\Pose Suggestor\Unsplash1.2K\unsplash_pose_CZCHc_iwoec.jpg,ok
unsplash_pose_5eQpWZfFONQ.jpg,82.49,good,D:\CDAC PGCP AI\Project Idea\Pose Suggestor\Unsplash1.2K\unsplash_pose_5eQpWZfFONQ.jpg,ok
unsplash_pose_MRyO799UF8A.jpg,82.43,good,D:\CDAC PGCP AI\Project Idea\Pose Suggestor\Unsplash1.2K\unsplash_pose_MRyO799UF8A.jpg,ok
unsplash_pose_ab-WsDrWpd0.jpg,82.4,good,D:\CDAC PGCP AI\Project Idea\Pose Suggestor\Unsplash1.2K\unsplash_pose_ab-WsDrWpd0.jpg,ok
unsplash_pose_jXYq9jfEZBI.jpg,82.38,good,D:\CDAC PGCP AI\Project Idea\Pose Suggestor\Unsplash1.2K\unsplash_pose_jXYq9jfEZBI.jpg,ok
unsplash_pose_PIjzS57d2K8.jpg,82.36,good,D:\CDAC PGCP AI\Project Idea\Pose Suggestor\Unsplash1.2K\unsplash_pose_PIjzS57d2K8.jpg,ok
unsplash_pose_PrPBJKSM02o.jpg,82.35,good,D:\CDAC PGCP AI\Project Idea\Pose Suggestor\Unsplash1.2K\unsplash_pose_PrPBJKSM02o.jpg,ok
unsplash_pose_ZU2-2AV5br0.jpg,82.33,good,D:\CDAC PGCP AI\Project Idea\Pose Suggestor\Unsplash1.2K\unsplash_pose_ZU2-2AV5br0.jpg,ok
unsplash_pose_pc-8WS2YN4Q.jpg,82.32,good,D:\CDAC PGCP AI\Project Idea\Pose Suggestor\Unsplash1.2K\unsplash_pose_pc-8WS2YN4Q.jpg,ok
unsplash_pose_1oT6gZ1DdHE.jpg,82.32,good,D:\CDAC PGCP AI\Project Idea\Pose Suggestor\Unsplash1.2K\unsplash_pose_1oT6gZ1DdHE.jpg,ok
unsplash_pose_KQAxkEA8nnA.jpg,82.22,good,D:\CDAC PGCP AI\Project Idea\Pose Suggestor\Unsplash1.2K\unsplash_pose_KQAxkEA8nnA.jpg,ok
unsplash_pose_dMVfUE-9rZw.jpg,82.22,good,D:\CDAC PGCP AI\Project Idea\Pose Suggestor\Unsplash1.2K\unsplash_pose_dMVfUE-9rZw.jpg,ok
unsplash_pose_rOztjmwhT5A.jpg,82.22,good,D:\CDAC PGCP AI\Project Idea\Pose Suggestor\Unsplash1.2K\unsplash_pose_rOztjmwhT5A.jpg,ok
unsplash_pose_Su0PfP77x8I.jpg,82.2,good,D:\CDAC PGCP AI\Project Idea\Pose Suggestor\Unsplash1.2K\unsplash_pose_Su0PfP77x8I.jpg,ok
unsplash_pose_shecWnjYVCY.jpg,82.18,good,D:\CDAC PGCP AI\Project Idea\Pose Suggestor\Unsplash1.2K\unsplash_pose_shecWnjYVCY.jpg,ok
unsplash_pose_ErMin2aKLqM.jpg,82.18,good,D:\CDAC PGCP AI\Project Idea\Pose Suggestor\Unsplash1.2K\unsplash_pose_ErMin2aKLqM.jpg,ok
unsplash_pose_28Y_s7TeVQA.jpg,82.14,good,D:\CDAC PGCP AI\Project Idea\Pose Suggestor\Unsplash1.2K\unsplash_pose_28Y_s7TeVQA.jpg,ok
unsplash_pose_oWLTLDIeID0.jpg,82.14,good,D:\CDAC PGCP AI\Project Idea\Pose Suggestor\Unsplash1.2K\unsplash_pose_oWLTLDIeID0.jpg,ok
unsplash_pose_V_m9yWI3Ks8.jpg,82.11,good,D:\CDAC PGCP AI\Project Idea\Pose Suggestor\Unsplash1.2K\unsplash_pose_V_m9yWI3Ks8.jpg,ok
unsplash_pose_S8qrhAYyAm4.jpg,82.05,good,D:\CDAC PGCP AI\Project Idea\Pose Suggestor\Unsplash1.2K\unsplash_pose_S8qrhAYyAm4.jpg,ok
unsplash_pose_oK5CXeATHoY.jpg,82.05,good,D:\CDAC PGCP AI\Project Idea\Pose Suggestor\Unsplash1.2K\unsplash_pose_oK5CXeATHoY.jpg,ok
unsplash_pose_9NARSOVLySQ.jpg,82.04,good,D:\CDAC PGCP AI\Project Idea\Pose Suggestor\Unsplash1.2K\unsplash_pose_9NARSOVLySQ.jpg,ok
unsplash_pose_jkQLYykbYcY.jpg,82.03,good,D:\CDAC PGCP AI\Project Idea\Pose Suggestor\Unsplash1.2K\unsplash_pose_jkQLYykbYcY.jpg,ok
unsplash_pose_3ZcrVTB3d0Q.jpg,82.0,good,D:\CDAC PGCP AI\Project Idea\Pose Suggestor\Unsplash1.2K\unsplash_pose_3ZcrVTB3d0Q.jpg,ok
unsplash_pose_d-016IQve1U.jpg,81.98,good,D:\CDAC PGCP AI\Project Idea\Pose Suggestor\Unsplash1.2K\unsplash_pose_d-016IQve1U.jpg,ok
unsplash_pose_LaKoKtOBiws.jpg,81.9,good,D:\CDAC PGCP AI\Project Idea\Pose Suggestor\Unsplash1.2K\unsplash_pose_LaKoKtOBiws.jpg,ok
unsplash_pose_CMGO5KBNtVs.jpg,81.88,good,D:\CDAC PGCP AI\Project Idea\Pose Suggestor\Unsplash1.2K\unsplash_pose_CMGO5KBNtVs.jpg,ok
unsplash_pose_0FErBAwOGrU.jpg,81.86,good,D:\CDAC PGCP AI\Project Idea\Pose Suggestor\Unsplash1.2K\unsplash_pose_0FErBAwOGrU.jpg,ok
unsplash_pose_JEtrfA-m3e4.jpg,81.81,good,D:\CDAC PGCP AI\Project Idea\Pose Suggestor\Unsplash1.2K\unsplash_pose_JEtrfA-m3e4.jpg,ok
unsplash_pose_pzrBOBOgaeA.jpg,81.79,good,D:\CDAC PGCP AI\Project Idea\Pose Suggestor\Unsplash1.2K\unsplash_pose_pzrBOBOgaeA.jpg,ok
unsplash_pose_69mg3BLUFQc.jpg,81.74,good,D:\CDAC PGCP AI\Project Idea\Pose Suggestor\Unsplash1.2K\unsplash_pose_69mg3BLUFQc.jpg,ok
unsplash_pose_BdAQTlF_6NM.jpg,81.74,good,D:\CDAC PGCP AI\Project Idea\Pose Suggestor\Unsplash1.2K\unsplash_pose_BdAQTlF_6NM.jpg,ok
unsplash_pose_tTLEEdXzP1s.jpg,81.73,good,D:\CDAC PGCP AI\Project Idea\Pose Suggestor\Unsplash1.2K\unsplash_pose_tTLEEdXzP1s.jpg,ok
unsplash_pose_jHDqu_iD2CA.jpg,81.73,good,D:\CDAC PGCP AI\Project Idea\Pose Suggestor\Unsplash1.2K\unsplash_pose_jHDqu_iD2CA.jpg,ok
unsplash_pose_ufbaRQ4nTf4.jpg,81.68,good,D:\CDAC PGCP AI\Project Idea\Pose Suggestor\Unsplash1.2K\unsplash_pose_ufbaRQ4nTf4.jpg,ok
unsplash_pose_uleHy1SDs-U.jpg,81.66,good,D:\CDAC PGCP AI\Project Idea\Pose Suggestor\Unsplash1.2K\unsplash_pose_uleHy1SDs-U.jpg,ok
unsplash_pose_fw6a2Cxplmo.jpg,81.63,good,D:\CDAC PGCP AI\Project Idea\Pose Suggestor\Unsplash1.2K\unsplash_pose_fw6a2Cxplmo.jpg,ok
unsplash_pose_q7q4hdK6VIo.jpg,81.62,good,D:\CDAC PGCP AI\Project Idea\Pose Suggestor\Unsplash1.2K\unsplash_pose_q7q4hdK6VIo.jpg,ok
unsplash_pose_JU68XnDS3Mw.jpg,81.62,good,D:\CDAC PGCP AI\Project Idea\Pose Suggestor\Unsplash1.2K\unsplash_pose_JU68XnDS3Mw.jpg,ok
unsplash_pose_ElWnqAUV72c.jpg,81.62,good,D:\CDAC PGCP AI\Project Idea\Pose Suggestor\Unsplash1.2K\unsplash_pose_ElWnqAUV72c.jpg,ok
unsplash_pose_jY35JB6ZGlI.jpg,81.62,good,D:\CDAC PGCP AI\Project Idea\Pose Suggestor\Unsplash1.2K\unsplash_pose_jY35JB6ZGlI.jpg,ok
unsplash_pose_3NBqJTVVx1U.jpg,81.58,good,D:\CDAC PGCP AI\Project Idea\Pose Suggestor\Unsplash1.2K\unsplash_pose_3NBqJTVVx1U.jpg,ok
unsplash_pose_unHKNkiF5Eg.jpg,81.57,good,D:\CDAC PGCP AI\Project Idea\Pose Suggestor\Unsplash1.2K\unsplash_pose_unHKNkiF5Eg.jpg,ok
unsplash_pose_6viwoAeMK7k.jpg,81.57,good,D:\CDAC PGCP AI\Project Idea\Pose Suggestor\Unsplash1.2K\unsplash_pose_6viwoAeMK7k.jpg,ok
unsplash_pose_rUQSZdEQTMU.jpg,81.57,good,D:\CDAC PGCP AI\Project Idea\Pose Suggestor\Unsplash1.2K\unsplash_pose_rUQSZdEQTMU.jpg,ok
unsplash_pose_s2SkG5i3SgQ.jpg,81.57,good,D:\CDAC PGCP AI\Project Idea\Pose Suggestor\Unsplash1.2K\unsplash_pose_s2SkG5i3SgQ.jpg,ok
unsplash_pose_vCg_VqLiJuM.jpg,81.56,good,D:\CDAC PGCP AI\Project Idea\Pose Suggestor\Unsplash1.2K\unsplash_pose_vCg_VqLiJuM.jpg,ok
unsplash_pose_oCDT6INKK-o.jpg,81.56,good,D:\CDAC PGCP AI\Project Idea\Pose Suggestor\Unsplash1.2K\unsplash_pose_oCDT6INKK-o.jpg,ok
unsplash_pose_1cI6NsaDeYk.jpg,81.55,good,D:\CDAC PGCP AI\Project Idea\Pose Suggestor\Unsplash1.2K\unsplash_pose_1cI6NsaDeYk.jpg,ok
unsplash_pose_-_c-bPdACQY.jpg,81.55,good,D:\CDAC PGCP AI\Project Idea\Pose Suggestor\Unsplash1.2K\unsplash_pose_-_c-bPdACQY.jpg,ok
unsplash_pose_HsUJvVltBmg.jpg,81.54,good,D:\CDAC PGCP AI\Project Idea\Pose Suggestor\Unsplash1.2K\unsplash_pose_HsUJvVltBmg.jpg,ok
unsplash_pose_kfqGRrTZ-FI.jpg,81.52,good,D:\CDAC PGCP AI\Project Idea\Pose Suggestor\Unsplash1.2K\unsplash_pose_kfqGRrTZ-FI.jpg,ok
unsplash_pose_Q_vYdf1W_hw.jpg,81.52,good,D:\CDAC PGCP AI\Project Idea\Pose Suggestor\Unsplash1.2K\unsplash_pose_Q_vYdf1W_hw.jpg,ok
unsplash_pose_PV8g-Bh6rlI.jpg,81.51,good,D:\CDAC PGCP AI\Project Idea\Pose Suggestor\Unsplash1.2K\unsplash_pose_PV8g-Bh6rlI.jpg,ok
unsplash_pose_J5gCN5EMpLM.jpg,81.51,good,D:\CDAC PGCP AI\Project Idea\Pose Suggestor\Unsplash1.2K\unsplash_pose_J5gCN5EMpLM.jpg,ok
unsplash_pose_3vey2ReTMBk.jpg,81.5,good,D:\CDAC PGCP AI\Project Idea\Pose Suggestor\Unsplash1.2K\unsplash_pose_3vey2ReTMBk.jpg,ok
unsplash_pose_1idWZrzVIK8.jpg,81.41,good,D:\CDAC PGCP AI\Project Idea\Pose Suggestor\Unsplash1.2K\unsplash_pose_1idWZrzVIK8.jpg,ok
unsplash_pose_ndVNJQAhwQc.jpg,81.41,good,D:\CDAC PGCP AI\Project Idea\Pose Suggestor\Unsplash1.2K\unsplash_pose_ndVNJQAhwQc.jpg,ok
unsplash_pose_UNHrzkN5H0g.jpg,81.41,good,D:\CDAC PGCP AI\Project Idea\Pose Suggestor\Unsplash1.2K\unsplash_pose_UNHrzkN5H0g.jpg,ok
unsplash_pose_ILhT0VIr4eY.jpg,81.39,good,D:\CDAC PGCP AI\Project Idea\Pose Suggestor\Unsplash1.2K\unsplash_pose_ILhT0VIr4eY.jpg,ok
unsplash_pose_jZ3f2TKsgw8.jpg,81.33,good,D:\CDAC PGCP AI\Project Idea\Pose Suggestor\Unsplash1.2K\unsplash_pose_jZ3f2TKsgw8.jpg,ok
unsplash_pose_g_1YztTb0Dw.jpg,81.32,good,D:\CDAC PGCP AI\Project Idea\Pose Suggestor\Unsplash1.2K\unsplash_pose_g_1YztTb0Dw.jpg,ok
unsplash_pose_fEoLWCJgTFQ.jpg,81.32,good,D:\CDAC PGCP AI\Project Idea\Pose Suggestor\Unsplash1.2K\unsplash_pose_fEoLWCJgTFQ.jpg,ok
unsplash_pose_PaiJ1QuDRbE.jpg,81.31,good,D:\CDAC PGCP AI\Project Idea\Pose Suggestor\Unsplash1.2K\unsplash_pose_PaiJ1QuDRbE.jpg,ok
unsplash_pose_fniZkst-ses.jpg,81.31,good,D:\CDAC PGCP AI\Project Idea\Pose Suggestor\Unsplash1.2K\unsplash_pose_fniZkst-ses.jpg,ok
unsplash_pose_Zc7ow13KX28.jpg,81.31,good,D:\CDAC PGCP AI\Project Idea\Pose Suggestor\Unsplash1.2K\unsplash_pose_Zc7ow13KX28.jpg,ok
unsplash_pose_-SwGz-NOC50.jpg,81.3,good,D:\CDAC PGCP AI\Project Idea\Pose Suggestor\Unsplash1.2K\unsplash_pose_-SwGz-NOC50.jpg,ok
unsplash_pose_0zIRvDKb07w.jpg,81.28,good,D:\CDAC PGCP AI\Project Idea\Pose Suggestor\Unsplash1.2K\unsplash_pose_0zIRvDKb07w.jpg,ok
unsplash_pose_BlDmDdWCKgw.jpg,81.24,good,D:\CDAC PGCP AI\Project Idea\Pose Suggestor\Unsplash1.2K\unsplash_pose_BlDmDdWCKgw.jpg,ok
unsplash_pose_h7bEHFvIcK8.jpg,81.21,good,D:\CDAC PGCP AI\Project Idea\Pose Suggestor\Unsplash1.2K\unsplash_pose_h7bEHFvIcK8.jpg,ok
unsplash_pose_lMijf6GgOi0.jpg,81.2,good,D:\CDAC PGCP AI\Project Idea\Pose Suggestor\Unsplash1.2K\unsplash_pose_lMijf6GgOi0.jpg,ok
unsplash_pose_x1DW-DTrZQ4.jpg,81.2,good,D:\CDAC PGCP AI\Project Idea\Pose Suggestor\Unsplash1.2K\unsplash_pose_x1DW-DTrZQ4.jpg,ok
unsplash_pose_klgVJPb9f5Q.jpg,81.18,good,D:\CDAC PGCP AI\Project Idea\Pose Suggestor\Unsplash1.2K\unsplash_pose_klgVJPb9f5Q.jpg,ok
unsplash_pose_rWzp75z-mdc.jpg,81.16,good,D:\CDAC PGCP AI\Project Idea\Pose Suggestor\Unsplash1.2K\unsplash_pose_rWzp75z-mdc.jpg,ok
unsplash_pose_B5vMIN6b8RE.jpg,81.13,good,D:\CDAC PGCP AI\Project Idea\Pose Suggestor\Unsplash1.2K\unsplash_pose_B5vMIN6b8RE.jpg,ok
unsplash_pose_qq54G0_5z8w.jpg,81.13,good,D:\CDAC PGCP AI\Project Idea\Pose Suggestor\Unsplash1.2K\unsplash_pose_qq54G0_5z8w.jpg,ok
unsplash_pose_pv2Z4wD_LDI.jpg,81.11,good,D:\CDAC PGCP AI\Project Idea\Pose Suggestor\Unsplash1.2K\unsplash_pose_pv2Z4wD_LDI.jpg,ok
unsplash_pose_wJGJ6oV9n_A.jpg,81.09,good,D:\CDAC PGCP AI\Project Idea\Pose Suggestor\Unsplash1.2K\unsplash_pose_wJGJ6oV9n_A.jpg,ok
unsplash_pose_2RG5Q5DO2Ac.jpg,81.05,good,D:\CDAC PGCP AI\Project Idea\Pose Suggestor\Unsplash1.2K\unsplash_pose_2RG5Q5DO2Ac.jpg,ok
unsplash_pose_EyjD8RjIRo0.jpg,81.03,good,D:\CDAC PGCP AI\Project Idea\Pose Suggestor\Unsplash1.2K\unsplash_pose_EyjD8RjIRo0.jpg,ok
unsplash_pose_3_lgjeZ2TSg.jpg,81.02,good,D:\CDAC PGCP AI\Project Idea\Pose Suggestor\Unsplash1.2K\unsplash_pose_3_lgjeZ2TSg.jpg,ok
unsplash_pose_Glbu0niYKEI.jpg,81.01,good,D:\CDAC PGCP AI\Project Idea\Pose Suggestor\Unsplash1.2K\unsplash_pose_Glbu0niYKEI.jpg,ok
unsplash_pose_Nxsqe9OI02s.jpg,80.98,good,D:\CDAC PGCP AI\Project Idea\Pose Suggestor\Unsplash1.2K\unsplash_pose_Nxsqe9OI02s.jpg,ok
unsplash_pose_pHc5PsPy95c.jpg,80.97,good,D:\CDAC PGCP AI\Project Idea\Pose Suggestor\Unsplash1.2K\unsplash_pose_pHc5PsPy95c.jpg,ok
unsplash_pose_Aq4FEziX61w.jpg,80.96,good,D:\CDAC PGCP AI\Project Idea\Pose Suggestor\Unsplash1.2K\unsplash_pose_Aq4FEziX61w.jpg,ok
unsplash_pose_szGN9CWhgyk.jpg,80.95,good,D:\CDAC PGCP AI\Project Idea\Pose Suggestor\Unsplash1.2K\unsplash_pose_szGN9CWhgyk.jpg,ok
unsplash_pose_TSFJpkvzfvc.jpg,80.94,good,D:\CDAC PGCP AI\Project Idea\Pose Suggestor\Unsplash1.2K\unsplash_pose_TSFJpkvzfvc.jpg,ok
unsplash_pose_ZpG2jt0K8_4.jpg,80.93,good,D:\CDAC PGCP AI\Project Idea\Pose Suggestor\Unsplash1.2K\unsplash_pose_ZpG2jt0K8_4.jpg,ok
unsplash_pose_Nce2XAR2JCw.jpg,80.91,good,D:\CDAC PGCP AI\Project Idea\Pose Suggestor\Unsplash1.2K\unsplash_pose_Nce2XAR2JCw.jpg,ok
unsplash_pose_cetn_UpJNDw.jpg,80.87,good,D:\CDAC PGCP AI\Project Idea\Pose Suggestor\Unsplash1.2K\unsplash_pose_cetn_UpJNDw.jpg,ok
unsplash_pose_32rp0PfaslQ.jpg,80.86,good,D:\CDAC PGCP AI\Project Idea\Pose Suggestor\Unsplash1.2K\unsplash_pose_32rp0PfaslQ.jpg,ok
unsplash_pose_6WvOuvEKMBc.jpg,80.86,good,D:\CDAC PGCP AI\Project Idea\Pose Suggestor\Unsplash1.2K\unsplash_pose_6WvOuvEKMBc.jpg,ok
unsplash_pose_2o5vXMb00fY.jpg,80.85,good,D:\CDAC PGCP AI\Project Idea\Pose Suggestor\Unsplash1.2K\unsplash_pose_2o5vXMb00fY.jpg,ok
unsplash_pose_sQeIe4IeTcQ.jpg,80.84,good,D:\CDAC PGCP AI\Project Idea\Pose Suggestor\Unsplash1.2K\unsplash_pose_sQeIe4IeTcQ.jpg,ok
unsplash_pose_QWEqjtFooa8.jpg,80.77,good,D:\CDAC PGCP AI\Project Idea\Pose Suggestor\Unsplash1.2K\unsplash_pose_QWEqjtFooa8.jpg,ok
unsplash_pose_roX87II4Fgk.jpg,80.77,good,D:\CDAC PGCP AI\Project Idea\Pose Suggestor\Unsplash1.2K\unsplash_pose_roX87II4Fgk.jpg,ok
unsplash_pose_uGQcwezkF68.jpg,80.77,good,D:\CDAC PGCP AI\Project Idea\Pose Suggestor\Unsplash1.2K\unsplash_pose_uGQcwezkF68.jpg,ok
unsplash_pose_k_oWSycsE2w.jpg,80.76,good,D:\CDAC PGCP AI\Project Idea\Pose Suggestor\Unsplash1.2K\unsplash_pose_k_oWSycsE2w.jpg,ok
unsplash_pose_EG0-SHM7Pes.jpg,80.75,good,D:\CDAC PGCP AI\Project Idea\Pose Suggestor\Unsplash1.2K\unsplash_pose_EG0-SHM7Pes.jpg,ok
unsplash_pose_lskvArKnh1M.jpg,80.75,good,D:\CDAC PGCP AI\Project Idea\Pose Suggestor\Unsplash1.2K\unsplash_pose_lskvArKnh1M.jpg,ok
unsplash_pose_6FbvbTL9bUI.jpg,80.73,good,D:\CDAC PGCP AI\Project Idea\Pose Suggestor\Unsplash1.2K\unsplash_pose_6FbvbTL9bUI.jpg,ok
unsplash_pose_uWMYlPxndns.jpg,80.73,good,D:\CDAC PGCP AI\Project Idea\Pose Suggestor\Unsplash1.2K\unsplash_pose_uWMYlPxndns.jpg,ok
unsplash_pose_-tAaoBLYQkw.jpg,80.73,good,D:\CDAC PGCP AI\Project Idea\Pose Suggestor\Unsplash1.2K\unsplash_pose_-tAaoBLYQkw.jpg,ok
unsplash_pose_bfz9Ej_I3Lw.jpg,80.72,good,D:\CDAC PGCP AI\Project Idea\Pose Suggestor\Unsplash1.2K\unsplash_pose_bfz9Ej_I3Lw.jpg,ok
unsplash_pose_lDAjYVTkueA.jpg,80.71,good,D:\CDAC PGCP AI\Project Idea\Pose Suggestor\Unsplash1.2K\unsplash_pose_lDAjYVTkueA.jpg,ok
unsplash_pose_9UAfLTqMoS0.jpg,80.71,good,D:\CDAC PGCP AI\Project Idea\Pose Suggestor\Unsplash1.2K\unsplash_pose_9UAfLTqMoS0.jpg,ok
unsplash_pose_1b-Ur5tqXL0.jpg,80.7,good,D:\CDAC PGCP AI\Project Idea\Pose Suggestor\Unsplash1.2K\unsplash_pose_1b-Ur5tqXL0.jpg,ok
unsplash_pose_YQ8O1elHMyw.jpg,80.7,good,D:\CDAC PGCP AI\Project Idea\Pose Suggestor\Unsplash1.2K\unsplash_pose_YQ8O1elHMyw.jpg,ok
unsplash_pose_77dUpJJ9gbk.jpg,80.67,good,D:\CDAC PGCP AI\Project Idea\Pose Suggestor\Unsplash1.2K\unsplash_pose_77dUpJJ9gbk.jpg,ok
unsplash_pose_0pZ30D-UKlk.jpg,80.66,good,D:\CDAC PGCP AI\Project Idea\Pose Suggestor\Unsplash1.2K\unsplash_pose_0pZ30D-UKlk.jpg,ok
unsplash_pose_9WHnk851_dE.jpg,80.64,good,D:\CDAC PGCP AI\Project Idea\Pose Suggestor\Unsplash1.2K\unsplash_pose_9WHnk851_dE.jpg,ok
unsplash_pose_k0-nx_8jxSY.jpg,80.63,good,D:\CDAC PGCP AI\Project Idea\Pose Suggestor\Unsplash1.2K\unsplash_pose_k0-nx_8jxSY.jpg,ok
unsplash_pose_VE5nBLiYyeQ.jpg,80.62,good,D:\CDAC PGCP AI\Project Idea\Pose Suggestor\Unsplash1.2K\unsplash_pose_VE5nBLiYyeQ.jpg,ok
unsplash_pose_s5b54UUKkjo.jpg,80.59,good,D:\CDAC PGCP AI\Project Idea\Pose Suggestor\Unsplash1.2K\unsplash_pose_s5b54UUKkjo.jpg,ok
unsplash_pose_9_SwLH-MSJI.jpg,80.59,good,D:\CDAC PGCP AI\Project Idea\Pose Suggestor\Unsplash1.2K\unsplash_pose_9_SwLH-MSJI.jpg,ok
unsplash_pose__GEoBtqj0a0.jpg,80.57,good,D:\CDAC PGCP AI\Project Idea\Pose Suggestor\Unsplash1.2K\unsplash_pose__GEoBtqj0a0.jpg,ok
unsplash_pose_JvWalc0yQlg.jpg,80.56,good,D:\CDAC PGCP AI\Project Idea\Pose Suggestor\Unsplash1.2K\unsplash_pose_JvWalc0yQlg.jpg,ok
unsplash_pose_BMjOdY6lDkg.jpg,80.55,good,D:\CDAC PGCP AI\Project Idea\Pose Suggestor\Unsplash1.2K\unsplash_pose_BMjOdY6lDkg.jpg,ok
unsplash_pose_WpQAqDEc-7A.jpg,80.53,good,D:\CDAC PGCP AI\Project Idea\Pose Suggestor\Unsplash1.2K\unsplash_pose_WpQAqDEc-7A.jpg,ok
unsplash_pose_Pt-HEJ4d4LA.jpg,80.5,good,D:\CDAC PGCP AI\Project Idea\Pose Suggestor\Unsplash1.2K\unsplash_pose_Pt-HEJ4d4LA.jpg,ok
unsplash_pose_w6SUsOvlIds.jpg,80.47,good,D:\CDAC PGCP AI\Project Idea\Pose Suggestor\Unsplash1.2K\unsplash_pose_w6SUsOvlIds.jpg,ok
unsplash_pose_r79D4Bn3THQ.jpg,80.47,good,D:\CDAC PGCP AI\Project Idea\Pose Suggestor\Unsplash1.2K\unsplash_pose_r79D4Bn3THQ.jpg,ok
unsplash_pose_BJP09ka2PLc.jpg,80.46,good,D:\CDAC PGCP AI\Project Idea\Pose Suggestor\Unsplash1.2K\unsplash_pose_BJP09ka2PLc.jpg,ok
unsplash_pose_4hxKzY8zlJ0.jpg,80.44,good,D:\CDAC PGCP AI\Project Idea\Pose Suggestor\Unsplash1.2K\unsplash_pose_4hxKzY8zlJ0.jpg,ok
unsplash_pose_oT9DOE2bzqw.jpg,80.42,good,D:\CDAC PGCP AI\Project Idea\Pose Suggestor\Unsplash1.2K\unsplash_pose_oT9DOE2bzqw.jpg,ok
unsplash_pose_EYmsdQU74ro.jpg,80.4,good,D:\CDAC PGCP AI\Project Idea\Pose Suggestor\Unsplash1.2K\unsplash_pose_EYmsdQU74ro.jpg,ok
unsplash_pose_CFF0EouOixc.jpg,80.34,good,D:\CDAC PGCP AI\Project Idea\Pose Suggestor\Unsplash1.2K\unsplash_pose_CFF0EouOixc.jpg,ok
unsplash_pose_XEv1kylrO8Q.jpg,80.33,good,D:\CDAC PGCP AI\Project Idea\Pose Suggestor\Unsplash1.2K\unsplash_pose_XEv1kylrO8Q.jpg,ok
unsplash_pose_gwWvr3ab44c.jpg,80.33,good,D:\CDAC PGCP AI\Project Idea\Pose Suggestor\Unsplash1.2K\unsplash_pose_gwWvr3ab44c.jpg,ok
unsplash_pose_Ls7XMGP9f_c.jpg,80.31,good,D:\CDAC PGCP AI\Project Idea\Pose Suggestor\Unsplash1.2K\unsplash_pose_Ls7XMGP9f_c.jpg,ok
unsplash_pose_iWPWivoIxzY.jpg,80.31,good,D:\CDAC PGCP AI\Project Idea\Pose Suggestor\Unsplash1.2K\unsplash_pose_iWPWivoIxzY.jpg,ok
unsplash_pose_FvMIArqp71Y.jpg,80.3,good,D:\CDAC PGCP AI\Project Idea\Pose Suggestor\Unsplash1.2K\unsplash_pose_FvMIArqp71Y.jpg,ok
unsplash_pose_FdmHzXF8p2E.jpg,80.29,good,D:\CDAC PGCP AI\Project Idea\Pose Suggestor\Unsplash1.2K\unsplash_pose_FdmHzXF8p2E.jpg,ok
unsplash_pose_Dn8YipJCulA.jpg,80.26,good,D:\CDAC PGCP AI\Project Idea\Pose Suggestor\Unsplash1.2K\unsplash_pose_Dn8YipJCulA.jpg,ok
unsplash_pose_qhWscSMLyGQ.jpg,80.25,good,D:\CDAC PGCP AI\Project Idea\Pose Suggestor\Unsplash1.2K\unsplash_pose_qhWscSMLyGQ.jpg,ok
unsplash_pose_sN59cLG1riM.jpg,80.25,good,D:\CDAC PGCP AI\Project Idea\Pose Suggestor\Unsplash1.2K\unsplash_pose_sN59cLG1riM.jpg,ok
unsplash_pose_vtyITMHKh7s.jpg,80.24,good,D:\CDAC PGCP AI\Project Idea\Pose Suggestor\Unsplash1.2K\unsplash_pose_vtyITMHKh7s.jpg,ok
unsplash_pose_CCe3mhl19_U.jpg,80.19,good,D:\CDAC PGCP AI\Project Idea\Pose Suggestor\Unsplash1.2K\unsplash_pose_CCe3mhl19_U.jpg,ok
unsplash_pose_xAeV1pz2d8s.jpg,80.15,good,D:\CDAC PGCP AI\Project Idea\Pose Suggestor\Unsplash1.2K\unsplash_pose_xAeV1pz2d8s.jpg,ok
unsplash_pose_EC9rktlGlSo.jpg,80.1,good,D:\CDAC PGCP AI\Project Idea\Pose Suggestor\Unsplash1.2K\unsplash_pose_EC9rktlGlSo.jpg,ok
unsplash_pose_bB33JWPww6A.jpg,80.08,good,D:\CDAC PGCP AI\Project Idea\Pose Suggestor\Unsplash1.2K\unsplash_pose_bB33JWPww6A.jpg,ok
unsplash_pose_zxkihH50JIk.jpg,80.07,good,D:\CDAC PGCP AI\Project Idea\Pose Suggestor\Unsplash1.2K\unsplash_pose_zxkihH50JIk.jpg,ok
unsplash_pose_Me53RLSlY0k.jpg,80.05,good,D:\CDAC PGCP AI\Project Idea\Pose Suggestor\Unsplash1.2K\unsplash_pose_Me53RLSlY0k.jpg,ok
unsplash_pose_QXZqT3_69JA.jpg,80.05,good,D:\CDAC PGCP AI\Project Idea\Pose Suggestor\Unsplash1.2K\unsplash_pose_QXZqT3_69JA.jpg,ok
unsplash_pose_dPCx8JOIGuk.jpg,80.05,good,D:\CDAC PGCP AI\Project Idea\Pose Suggestor\Unsplash1.2K\unsplash_pose_dPCx8JOIGuk.jpg,ok
unsplash_pose_2s5W_ibSTg0.jpg,80.04,good,D:\CDAC PGCP AI\Project Idea\Pose Suggestor\Unsplash1.2K\unsplash_pose_2s5W_ibSTg0.jpg,ok
unsplash_pose_VkGWkyqf_Sc.jpg,80.04,good,D:\CDAC PGCP AI\Project Idea\Pose Suggestor\Unsplash1.2K\unsplash_pose_VkGWkyqf_Sc.jpg,ok
unsplash_pose_WmoKF-riTk8.jpg,80.02,good,D:\CDAC PGCP AI\Project Idea\Pose Suggestor\Unsplash1.2K\unsplash_pose_WmoKF-riTk8.jpg,ok
unsplash_pose_CCYTyaSeA5I.jpg,80.0,good,D:\CDAC PGCP AI\Project Idea\Pose Suggestor\Unsplash1.2K\unsplash_pose_CCYTyaSeA5I.jpg,ok
unsplash_pose_Tm4myAX4ETE.jpg,80.0,good,D:\CDAC PGCP AI\Project Idea\Pose Suggestor\Unsplash1.2K\unsplash_pose_Tm4myAX4ETE.jpg,ok
unsplash_pose_Te0sEJS5TEg.jpg,80.0,good,D:\CDAC PGCP AI\Project Idea\Pose Suggestor\Unsplash1.2K\unsplash_pose_Te0sEJS5TEg.jpg,ok
unsplash_pose_lfEdJfUQjQA.jpg,79.99,good,D:\CDAC PGCP AI\Project Idea\Pose Suggestor\Unsplash1.2K\unsplash_pose_lfEdJfUQjQA.jpg,ok
unsplash_pose_tqElzDQBN4U.jpg,79.99,good,D:\CDAC PGCP AI\Project Idea\Pose Suggestor\Unsplash1.2K\unsplash_pose_tqElzDQBN4U.jpg,ok
unsplash_pose_uImq5GT8YXc.jpg,79.98,good,D:\CDAC PGCP AI\Project Idea\Pose Suggestor\Unsplash1.2K\unsplash_pose_uImq5GT8YXc.jpg,ok
unsplash_pose_1jvSh9WLygo.jpg,79.97,good,D:\CDAC PGCP AI\Project Idea\Pose Suggestor\Unsplash1.2K\unsplash_pose_1jvSh9WLygo.jpg,ok
unsplash_pose_dt7Tpk4z6Ug.jpg,79.95,good,D:\CDAC PGCP AI\Project Idea\Pose Suggestor\Unsplash1.2K\unsplash_pose_dt7Tpk4z6Ug.jpg,ok
unsplash_pose_ncNWYBhzwhw.jpg,79.94,good,D:\CDAC PGCP AI\Project Idea\Pose Suggestor\Unsplash1.2K\unsplash_pose_ncNWYBhzwhw.jpg,ok
unsplash_pose_Y9rfBbdVYIE.jpg,79.93,good,D:\CDAC PGCP AI\Project Idea\Pose Suggestor\Unsplash1.2K\unsplash_pose_Y9rfBbdVYIE.jpg,ok
unsplash_pose_8ereStrPGns.jpg,79.93,good,D:\CDAC PGCP AI\Project Idea\Pose Suggestor\Unsplash1.2K\unsplash_pose_8ereStrPGns.jpg,ok
unsplash_pose_oZm9_zxKLMs.jpg,79.92,good,D:\CDAC PGCP AI\Project Idea\Pose Suggestor\Unsplash1.2K\unsplash_pose_oZm9_zxKLMs.jpg,ok
unsplash_pose_foXWzXiXY1w.jpg,79.92,good,D:\CDAC PGCP AI\Project Idea\Pose Suggestor\Unsplash1.2K\unsplash_pose_foXWzXiXY1w.jpg,ok
unsplash_pose_9SqZA2IlUrI.jpg,79.88,good,D:\CDAC PGCP AI\Project Idea\Pose Suggestor\Unsplash1.2K\unsplash_pose_9SqZA2IlUrI.jpg,ok
unsplash_pose_i_vfw1dcHuA.jpg,79.88,good,D:\CDAC PGCP AI\Project Idea\Pose Suggestor\Unsplash1.2K\unsplash_pose_i_vfw1dcHuA.jpg,ok
unsplash_pose_-qd8od5bCA4.jpg,79.88,good,D:\CDAC PGCP AI\Project Idea\Pose Suggestor\Unsplash1.2K\unsplash_pose_-qd8od5bCA4.jpg,ok
unsplash_pose_fPDF4GQJmxM.jpg,79.87,good,D:\CDAC PGCP AI\Project Idea\Pose Suggestor\Unsplash1.2K\unsplash_pose_fPDF4GQJmxM.jpg,ok
unsplash_pose_cqLVHTNDqzk.jpg,79.87,good,D:\CDAC PGCP AI\Project Idea\Pose Suggestor\Unsplash1.2K\unsplash_pose_cqLVHTNDqzk.jpg,ok
unsplash_pose_jxo8Uz5NLeo.jpg,79.85,good,D:\CDAC PGCP AI\Project Idea\Pose Suggestor\Unsplash1.2K\unsplash_pose_jxo8Uz5NLeo.jpg,ok
unsplash_pose_Sor8SdTXyxA.jpg,79.85,good,D:\CDAC PGCP AI\Project Idea\Pose Suggestor\Unsplash1.2K\unsplash_pose_Sor8SdTXyxA.jpg,ok
unsplash_pose_S4Rn9zIOFEA.jpg,79.84,good,D:\CDAC PGCP AI\Project Idea\Pose Suggestor\Unsplash1.2K\unsplash_pose_S4Rn9zIOFEA.jpg,ok
unsplash_pose_67p-d7TNf1c.jpg,79.8,good,D:\CDAC PGCP AI\Project Idea\Pose Suggestor\Unsplash1.2K\unsplash_pose_67p-d7TNf1c.jpg,ok
unsplash_pose_FXmFR9HhpIc.jpg,79.8,good,D:\CDAC PGCP AI\Project Idea\Pose Suggestor\Unsplash1.2K\unsplash_pose_FXmFR9HhpIc.jpg,ok
unsplash_pose_tatUy7qyf4U.jpg,79.79,good,D:\CDAC PGCP AI\Project Idea\Pose Suggestor\Unsplash1.2K\unsplash_pose_tatUy7qyf4U.jpg,ok
unsplash_pose_g-De0Zd2hZ0.jpg,79.77,good,D:\CDAC PGCP AI\Project Idea\Pose Suggestor\Unsplash1.2K\unsplash_pose_g-De0Zd2hZ0.jpg,ok
unsplash_pose_otxMo9yCwB0.jpg,79.77,good,D:\CDAC PGCP AI\Project Idea\Pose Suggestor\Unsplash1.2K\unsplash_pose_otxMo9yCwB0.jpg,ok
unsplash_pose_zwuxJYHHr_Q.jpg,79.75,good,D:\CDAC PGCP AI\Project Idea\Pose Suggestor\Unsplash1.2K\unsplash_pose_zwuxJYHHr_Q.jpg,ok
unsplash_pose_a3h8ZDu8tC4.jpg,79.74,good,D:\CDAC PGCP AI\Project Idea\Pose Suggestor\Unsplash1.2K\unsplash_pose_a3h8ZDu8tC4.jpg,ok
unsplash_pose_Q92GAm-5Dcs.jpg,79.74,good,D:\CDAC PGCP AI\Project Idea\Pose Suggestor\Unsplash1.2K\unsplash_pose_Q92GAm-5Dcs.jpg,ok
unsplash_pose_pT-qIRdmog8.jpg,79.73,good,D:\CDAC PGCP AI\Project Idea\Pose Suggestor\Unsplash1.2K\unsplash_pose_pT-qIRdmog8.jpg,ok
unsplash_pose_cdEX_N2eMSA.jpg,79.72,good,D:\CDAC PGCP AI\Project Idea\Pose Suggestor\Unsplash1.2K\unsplash_pose_cdEX_N2eMSA.jpg,ok
unsplash_pose_FYQ0cebKIGo.jpg,79.71,good,D:\CDAC PGCP AI\Project Idea\Pose Suggestor\Unsplash1.2K\unsplash_pose_FYQ0cebKIGo.jpg,ok
unsplash_pose_1XfTM3qoPT4.jpg,79.71,good,D:\CDAC PGCP AI\Project Idea\Pose Suggestor\Unsplash1.2K\unsplash_pose_1XfTM3qoPT4.jpg,ok
unsplash_pose_ob6d5y-cwXg.jpg,79.71,good,D:\CDAC PGCP AI\Project Idea\Pose Suggestor\Unsplash1.2K\unsplash_pose_ob6d5y-cwXg.jpg,ok
unsplash_pose_0sdVWkasfFo.jpg,79.7,good,D:\CDAC PGCP AI\Project Idea\Pose Suggestor\Unsplash1.2K\unsplash_pose_0sdVWkasfFo.jpg,ok
unsplash_pose_WLW_LA3LiZs.jpg,79.69,good,D:\CDAC PGCP AI\Project Idea\Pose Suggestor\Unsplash1.2K\unsplash_pose_WLW_LA3LiZs.jpg,ok
unsplash_pose_9DD3VKvgdhk.jpg,79.69,good,D:\CDAC PGCP AI\Project Idea\Pose Suggestor\Unsplash1.2K\unsplash_pose_9DD3VKvgdhk.jpg,ok
unsplash_pose_f4lk9XTZmqA.jpg,79.66,good,D:\CDAC PGCP AI\Project Idea\Pose Suggestor\Unsplash1.2K\unsplash_pose_f4lk9XTZmqA.jpg,ok
unsplash_pose_6SPR-kBULWI.jpg,79.64,good,D:\CDAC PGCP AI\Project Idea\Pose Suggestor\Unsplash1.2K\unsplash_pose_6SPR-kBULWI.jpg,ok
unsplash_pose_XsGRHaCeDhA.jpg,79.63,good,D:\CDAC PGCP AI\Project Idea\Pose Suggestor\Unsplash1.2K\unsplash_pose_XsGRHaCeDhA.jpg,ok
unsplash_pose_l9kqKO2MUt8.jpg,79.63,good,D:\CDAC PGCP AI\Project Idea\Pose Suggestor\Unsplash1.2K\unsplash_pose_l9kqKO2MUt8.jpg,ok
unsplash_pose_HPH8CQz-fss.jpg,79.61,good,D:\CDAC PGCP AI\Project Idea\Pose Suggestor\Unsplash1.2K\unsplash_pose_HPH8CQz-fss.jpg,ok
unsplash_pose_GFnUF2gyGm0.jpg,79.61,good,D:\CDAC PGCP AI\Project Idea\Pose Suggestor\Unsplash1.2K\unsplash_pose_GFnUF2gyGm0.jpg,ok
unsplash_pose_eN4k9CKL3TU.jpg,79.59,good,D:\CDAC PGCP AI\Project Idea\Pose Suggestor\Unsplash1.2K\unsplash_pose_eN4k9CKL3TU.jpg,ok
unsplash_pose__3WPwYpTKQo.jpg,79.57,good,D:\CDAC PGCP AI\Project Idea\Pose Suggestor\Unsplash1.2K\unsplash_pose__3WPwYpTKQo.jpg,ok
unsplash_pose_TxanfCUE8tQ.jpg,79.56,good,D:\CDAC PGCP AI\Project Idea\Pose Suggestor\Unsplash1.2K\unsplash_pose_TxanfCUE8tQ.jpg,ok
unsplash_pose_nFcKMS_8R74.jpg,79.56,good,D:\CDAC PGCP AI\Project Idea\Pose Suggestor\Unsplash1.2K\unsplash_pose_nFcKMS_8R74.jpg,ok
unsplash_pose_-v12AQWeBgU.jpg,79.55,good,D:\CDAC PGCP AI\Project Idea\Pose Suggestor\Unsplash1.2K\unsplash_pose_-v12AQWeBgU.jpg,ok
unsplash_pose_KEAqRbPc_4o.jpg,79.55,good,D:\CDAC PGCP AI\Project Idea\Pose Suggestor\Unsplash1.2K\unsplash_pose_KEAqRbPc_4o.jpg,ok
unsplash_pose_9TItxJateRM.jpg,79.54,good,D:\CDAC PGCP AI\Project Idea\Pose Suggestor\Unsplash1.2K\unsplash_pose_9TItxJateRM.jpg,ok
unsplash_pose_F917XLrY7zg.jpg,79.54,good,D:\CDAC PGCP AI\Project Idea\Pose Suggestor\Unsplash1.2K\unsplash_pose_F917XLrY7zg.jpg,ok
unsplash_pose_mB2i2sh3rnU.jpg,79.51,good,D:\CDAC PGCP AI\Project Idea\Pose Suggestor\Unsplash1.2K\unsplash_pose_mB2i2sh3rnU.jpg,ok
unsplash_pose_JpPewhnR_Hk.jpg,79.51,good,D:\CDAC PGCP AI\Project Idea\Pose Suggestor\Unsplash1.2K\unsplash_pose_JpPewhnR_Hk.jpg,ok
unsplash_pose__pG1u1_iItM.jpg,79.49,good,D:\CDAC PGCP AI\Project Idea\Pose Suggestor\Unsplash1.2K\unsplash_pose__pG1u1_iItM.jpg,ok
unsplash_pose_lbrXaliSE9g.jpg,79.48,good,D:\CDAC PGCP AI\Project Idea\Pose Suggestor\Unsplash1.2K\unsplash_pose_lbrXaliSE9g.jpg,ok
unsplash_pose_LOetnHOd8dQ.jpg,79.47,good,D:\CDAC PGCP AI\Project Idea\Pose Suggestor\Unsplash1.2K\unsplash_pose_LOetnHOd8dQ.jpg,ok
unsplash_pose_WJudCcNYDMo.jpg,79.46,good,D:\CDAC PGCP AI\Project Idea\Pose Suggestor\Unsplash1.2K\unsplash_pose_WJudCcNYDMo.jpg,ok
unsplash_pose_DO9FFITYQz4.jpg,79.44,good,D:\CDAC PGCP AI\Project Idea\Pose Suggestor\Unsplash1.2K\unsplash_pose_DO9FFITYQz4.jpg,ok
unsplash_pose_KT3xsCRdnt8.jpg,79.44,good,D:\CDAC PGCP AI\Project Idea\Pose Suggestor\Unsplash1.2K\unsplash_pose_KT3xsCRdnt8.jpg,ok
unsplash_pose_j9mYxxj-AtU.jpg,79.41,good,D:\CDAC PGCP AI\Project Idea\Pose Suggestor\Unsplash1.2K\unsplash_pose_j9mYxxj-AtU.jpg,ok
unsplash_pose_2ukLqJ0HXXo.jpg,79.41,good,D:\CDAC PGCP AI\Project Idea\Pose Suggestor\Unsplash1.2K\unsplash_pose_2ukLqJ0HXXo.jpg,ok
unsplash_pose_B8m0cNjOP4Q.jpg,79.41,good,D:\CDAC PGCP AI\Project Idea\Pose Suggestor\Unsplash1.2K\unsplash_pose_B8m0cNjOP4Q.jpg,ok
unsplash_pose_BnyF_iomp8c.jpg,79.41,good,D:\CDAC PGCP AI\Project Idea\Pose Suggestor\Unsplash1.2K\unsplash_pose_BnyF_iomp8c.jpg,ok
unsplash_pose_JNLaWoCU6pQ.jpg,79.39,good,D:\CDAC PGCP AI\Project Idea\Pose Suggestor\Unsplash1.2K\unsplash_pose_JNLaWoCU6pQ.jpg,ok
unsplash_pose_M2hFnkVKWsM.jpg,79.39,good,D:\CDAC PGCP AI\Project Idea\Pose Suggestor\Unsplash1.2K\unsplash_pose_M2hFnkVKWsM.jpg,ok
unsplash_pose_EGst5SvijoU.jpg,79.37,good,D:\CDAC PGCP AI\Project Idea\Pose Suggestor\Unsplash1.2K\unsplash_pose_EGst5SvijoU.jpg,ok
unsplash_pose_wClToIHIFKo.jpg,79.36,good,D:\CDAC PGCP AI\Project Idea\Pose Suggestor\Unsplash1.2K\unsplash_pose_wClToIHIFKo.jpg,ok
unsplash_pose_1Cn9UdX7H5o.jpg,79.36,good,D:\CDAC PGCP AI\Project Idea\Pose Suggestor\Unsplash1.2K\unsplash_pose_1Cn9UdX7H5o.jpg,ok
unsplash_pose_eT5iOb6O1Vo.jpg,79.34,good,D:\CDAC PGCP AI\Project Idea\Pose Suggestor\Unsplash1.2K\unsplash_pose_eT5iOb6O1Vo.jpg,ok
unsplash_pose_N7ERTleqwmg.jpg,79.33,good,D:\CDAC PGCP AI\Project Idea\Pose Suggestor\Unsplash1.2K\unsplash_pose_N7ERTleqwmg.jpg,ok
unsplash_pose_XOhY21t22I8.jpg,79.32,good,D:\CDAC PGCP AI\Project Idea\Pose Suggestor\Unsplash1.2K\unsplash_pose_XOhY21t22I8.jpg,ok
unsplash_pose_hjdTTLcbMkM.jpg,79.32,good,D:\CDAC PGCP AI\Project Idea\Pose Suggestor\Unsplash1.2K\unsplash_pose_hjdTTLcbMkM.jpg,ok
unsplash_pose_up0R-Z3YezM.jpg,79.31,good,D:\CDAC PGCP AI\Project Idea\Pose Suggestor\Unsplash1.2K\unsplash_pose_up0R-Z3YezM.jpg,ok
unsplash_pose_bWhd06eTc40.jpg,79.27,good,D:\CDAC PGCP AI\Project Idea\Pose Suggestor\Unsplash1.2K\unsplash_pose_bWhd06eTc40.jpg,ok
unsplash_pose_eMelTR8tcLk.jpg,79.27,good,D:\CDAC PGCP AI\Project Idea\Pose Suggestor\Unsplash1.2K\unsplash_pose_eMelTR8tcLk.jpg,ok
unsplash_pose_bzKxCb3QU54.jpg,79.27,good,D:\CDAC PGCP AI\Project Idea\Pose Suggestor\Unsplash1.2K\unsplash_pose_bzKxCb3QU54.jpg,ok
unsplash_pose_JMtn8pYQbMw.jpg,79.26,good,D:\CDAC PGCP AI\Project Idea\Pose Suggestor\Unsplash1.2K\unsplash_pose_JMtn8pYQbMw.jpg,ok
unsplash_pose_TWVpEYLzoU4.jpg,79.26,good,D:\CDAC PGCP AI\Project Idea\Pose Suggestor\Unsplash1.2K\unsplash_pose_TWVpEYLzoU4.jpg,ok
unsplash_pose_CMXWRHmj8f0.jpg,79.26,good,D:\CDAC PGCP AI\Project Idea\Pose Suggestor\Unsplash1.2K\unsplash_pose_CMXWRHmj8f0.jpg,ok
unsplash_pose_14VzrS7YhXA.jpg,79.25,good,D:\CDAC PGCP AI\Project Idea\Pose Suggestor\Unsplash1.2K\unsplash_pose_14VzrS7YhXA.jpg,ok
unsplash_pose_GNdtMmLgC_Y.jpg,79.25,good,D:\CDAC PGCP AI\Project Idea\Pose Suggestor\Unsplash1.2K\unsplash_pose_GNdtMmLgC_Y.jpg,ok
unsplash_pose_NMLcIOhFGaI.jpg,79.24,good,D:\CDAC PGCP AI\Project Idea\Pose Suggestor\Unsplash1.2K\unsplash_pose_NMLcIOhFGaI.jpg,ok
unsplash_pose_-hIs57d-i8s.jpg,79.23,good,D:\CDAC PGCP AI\Project Idea\Pose Suggestor\Unsplash1.2K\unsplash_pose_-hIs57d-i8s.jpg,ok
unsplash_pose__VTfvS3lwrM.jpg,79.23,good,D:\CDAC PGCP AI\Project Idea\Pose Suggestor\Unsplash1.2K\unsplash_pose__VTfvS3lwrM.jpg,ok
unsplash_pose_na3CUPiuIA8.jpg,79.23,good,D:\CDAC PGCP AI\Project Idea\Pose Suggestor\Unsplash1.2K\unsplash_pose_na3CUPiuIA8.jpg,ok
unsplash_pose_Hoggg56L_ZY.jpg,79.22,good,D:\CDAC PGCP AI\Project Idea\Pose Suggestor\Unsplash1.2K\unsplash_pose_Hoggg56L_ZY.jpg,ok
unsplash_pose_f9OKW0b51lU.jpg,79.15,good,D:\CDAC PGCP AI\Project Idea\Pose Suggestor\Unsplash1.2K\unsplash_pose_f9OKW0b51lU.jpg,ok
unsplash_pose_4Mug2KS4kVE.jpg,79.14,good,D:\CDAC PGCP AI\Project Idea\Pose Suggestor\Unsplash1.2K\unsplash_pose_4Mug2KS4kVE.jpg,ok
unsplash_pose_jL98atX2jy0.jpg,79.12,good,D:\CDAC PGCP AI\Project Idea\Pose Suggestor\Unsplash1.2K\unsplash_pose_jL98atX2jy0.jpg,ok
unsplash_pose_XBhIsZ5btOY.jpg,79.11,good,D:\CDAC PGCP AI\Project Idea\Pose Suggestor\Unsplash1.2K\unsplash_pose_XBhIsZ5btOY.jpg,ok
unsplash_pose_j2w7_k3-URw.jpg,79.08,good,D:\CDAC PGCP AI\Project Idea\Pose Suggestor\Unsplash1.2K\unsplash_pose_j2w7_k3-URw.jpg,ok
unsplash_pose_QIC-WJwxm6Q.jpg,79.05,good,D:\CDAC PGCP AI\Project Idea\Pose Suggestor\Unsplash1.2K\unsplash_pose_QIC-WJwxm6Q.jpg,ok
unsplash_pose_4Gkzic24lec.jpg,79.05,good,D:\CDAC PGCP AI\Project Idea\Pose Suggestor\Unsplash1.2K\unsplash_pose_4Gkzic24lec.jpg,ok
unsplash_pose_9mk7HuIxqcE.jpg,79.04,good,D:\CDAC PGCP AI\Project Idea\Pose Suggestor\Unsplash1.2K\unsplash_pose_9mk7HuIxqcE.jpg,ok
unsplash_pose_5jB3la5ZS-s.jpg,79.03,good,D:\CDAC PGCP AI\Project Idea\Pose Suggestor\Unsplash1.2K\unsplash_pose_5jB3la5ZS-s.jpg,ok
unsplash_pose_MULNCmvzVqk.jpg,79.03,good,D:\CDAC PGCP AI\Project Idea\Pose Suggestor\Unsplash1.2K\unsplash_pose_MULNCmvzVqk.jpg,ok
unsplash_pose_KK8u2TEU608.jpg,79.02,good,D:\CDAC PGCP AI\Project Idea\Pose Suggestor\Unsplash1.2K\unsplash_pose_KK8u2TEU608.jpg,ok
unsplash_pose_PRv9hjFoaMM.jpg,79.01,good,D:\CDAC PGCP AI\Project Idea\Pose Suggestor\Unsplash1.2K\unsplash_pose_PRv9hjFoaMM.jpg,ok
unsplash_pose_VjGjszSqFtU.jpg,79.01,good,D:\CDAC PGCP AI\Project Idea\Pose Suggestor\Unsplash1.2K\unsplash_pose_VjGjszSqFtU.jpg,ok
unsplash_pose_8IYwyF-P6GA.jpg,78.94,good,D:\CDAC PGCP AI\Project Idea\Pose Suggestor\Unsplash1.2K\unsplash_pose_8IYwyF-P6GA.jpg,ok
unsplash_pose_D928xAkH63A.jpg,78.91,good,D:\CDAC PGCP AI\Project Idea\Pose Suggestor\Unsplash1.2K\unsplash_pose_D928xAkH63A.jpg,ok
unsplash_pose_mKjYzvbwVsk.jpg,78.89,good,D:\CDAC PGCP AI\Project Idea\Pose Suggestor\Unsplash1.2K\unsplash_pose_mKjYzvbwVsk.jpg,ok
unsplash_pose_YTVr69V1fvg.jpg,78.87,good,D:\CDAC PGCP AI\Project Idea\Pose Suggestor\Unsplash1.2K\unsplash_pose_YTVr69V1fvg.jpg,ok
unsplash_pose_Ap3UkGCxpsU.jpg,78.87,good,D:\CDAC PGCP AI\Project Idea\Pose Suggestor\Unsplash1.2K\unsplash_pose_Ap3UkGCxpsU.jpg,ok
unsplash_pose_y7YgD5QmUVM.jpg,78.87,good,D:\CDAC PGCP AI\Project Idea\Pose Suggestor\Unsplash1.2K\unsplash_pose_y7YgD5QmUVM.jpg,ok
unsplash_pose_dNV34Z_-08k.jpg,78.86,good,D:\CDAC PGCP AI\Project Idea\Pose Suggestor\Unsplash1.2K\unsplash_pose_dNV34Z_-08k.jpg,ok
unsplash_pose_AVaa-DaklBg.jpg,78.83,good,D:\CDAC PGCP AI\Project Idea\Pose Suggestor\Unsplash1.2K\unsplash_pose_AVaa-DaklBg.jpg,ok
unsplash_pose_xInJoQk1GV8.jpg,78.81,good,D:\CDAC PGCP AI\Project Idea\Pose Suggestor\Unsplash1.2K\unsplash_pose_xInJoQk1GV8.jpg,ok
unsplash_pose_d_pMudxVIsY.jpg,78.8,good,D:\CDAC PGCP AI\Project Idea\Pose Suggestor\Unsplash1.2K\unsplash_pose_d_pMudxVIsY.jpg,ok
unsplash_pose_y_jg-Tj35TQ.jpg,78.78,good,D:\CDAC PGCP AI\Project Idea\Pose Suggestor\Unsplash1.2K\unsplash_pose_y_jg-Tj35TQ.jpg,ok
unsplash_pose_WIvfJgaOc20.jpg,78.78,good,D:\CDAC PGCP AI\Project Idea\Pose Suggestor\Unsplash1.2K\unsplash_pose_WIvfJgaOc20.jpg,ok
unsplash_pose_LY2i06tEyj4.jpg,78.76,good,D:\CDAC PGCP AI\Project Idea\Pose Suggestor\Unsplash1.2K\unsplash_pose_LY2i06tEyj4.jpg,ok
unsplash_pose_ugJpTBXJZJk.jpg,78.75,good,D:\CDAC PGCP AI\Project Idea\Pose Suggestor\Unsplash1.2K\unsplash_pose_ugJpTBXJZJk.jpg,ok
unsplash_pose_4aowx2l08YI.jpg,78.74,good,D:\CDAC PGCP AI\Project Idea\Pose Suggestor\Unsplash1.2K\unsplash_pose_4aowx2l08YI.jpg,ok
unsplash_pose_QWsXDqB_Yto.jpg,78.73,good,D:\CDAC PGCP AI\Project Idea\Pose Suggestor\Unsplash1.2K\unsplash_pose_QWsXDqB_Yto.jpg,ok
unsplash_pose_eqR0M2Hfln0.jpg,78.73,good,D:\CDAC PGCP AI\Project Idea\Pose Suggestor\Unsplash1.2K\unsplash_pose_eqR0M2Hfln0.jpg,ok
unsplash_pose_QKfc4szWIE8.jpg,78.72,good,D:\CDAC PGCP AI\Project Idea\Pose Suggestor\Unsplash1.2K\unsplash_pose_QKfc4szWIE8.jpg,ok
unsplash_pose_Leq3e2SprC8.jpg,78.69,good,D:\CDAC PGCP AI\Project Idea\Pose Suggestor\Unsplash1.2K\unsplash_pose_Leq3e2SprC8.jpg,ok
unsplash_pose_jiYjZjGTVR8.jpg,78.69,good,D:\CDAC PGCP AI\Project Idea\Pose Suggestor\Unsplash1.2K\unsplash_pose_jiYjZjGTVR8.jpg,ok
unsplash_pose_2UMSI6QLvqg.jpg,78.67,good,D:\CDAC PGCP AI\Project Idea\Pose Suggestor\Unsplash1.2K\unsplash_pose_2UMSI6QLvqg.jpg,ok
unsplash_pose_SzqZKHiokyE.jpg,78.66,good,D:\CDAC PGCP AI\Project Idea\Pose Suggestor\Unsplash1.2K\unsplash_pose_SzqZKHiokyE.jpg,ok
unsplash_pose_hy3dpObX1WA.jpg,78.66,good,D:\CDAC PGCP AI\Project Idea\Pose Suggestor\Unsplash1.2K\unsplash_pose_hy3dpObX1WA.jpg,ok
unsplash_pose_e79xKi_yLKw.jpg,78.65,good,D:\CDAC PGCP AI\Project Idea\Pose Suggestor\Unsplash1.2K\unsplash_pose_e79xKi_yLKw.jpg,ok
unsplash_pose_AZ6etXGIKfs.jpg,78.65,good,D:\CDAC PGCP AI\Project Idea\Pose Suggestor\Unsplash1.2K\unsplash_pose_AZ6etXGIKfs.jpg,ok
unsplash_pose_K5scGCIrzRo.jpg,78.63,good,D:\CDAC PGCP AI\Project Idea\Pose Suggestor\Unsplash1.2K\unsplash_pose_K5scGCIrzRo.jpg,ok
unsplash_pose_adaUnlyVLts.jpg,78.62,good,D:\CDAC PGCP AI\Project Idea\Pose Suggestor\Unsplash1.2K\unsplash_pose_adaUnlyVLts.jpg,ok
unsplash_pose_HDHmL_EclDk.jpg,78.61,good,D:\CDAC PGCP AI\Project Idea\Pose Suggestor\Unsplash1.2K\unsplash_pose_HDHmL_EclDk.jpg,ok
unsplash_pose_VddTwjqjd8M.jpg,78.59,good,D:\CDAC PGCP AI\Project Idea\Pose Suggestor\Unsplash1.2K\unsplash_pose_VddTwjqjd8M.jpg,ok
unsplash_pose_z4x--jzyNWQ.jpg,78.58,good,D:\CDAC PGCP AI\Project Idea\Pose Suggestor\Unsplash1.2K\unsplash_pose_z4x--jzyNWQ.jpg,ok
unsplash_pose_x2F6Uh150IQ.jpg,78.57,good,D:\CDAC PGCP AI\Project Idea\Pose Suggestor\Unsplash1.2K\unsplash_pose_x2F6Uh150IQ.jpg,ok
unsplash_pose_GIJG8BTFl3E.jpg,78.57,good,D:\CDAC PGCP AI\Project Idea\Pose Suggestor\Unsplash1.2K\unsplash_pose_GIJG8BTFl3E.jpg,ok
unsplash_pose_TmYPED_M-W0.jpg,78.56,good,D:\CDAC PGCP AI\Project Idea\Pose Suggestor\Unsplash1.2K\unsplash_pose_TmYPED_M-W0.jpg,ok
unsplash_pose_H9tAk3iQWXo.jpg,78.55,good,D:\CDAC PGCP AI\Project Idea\Pose Suggestor\Unsplash1.2K\unsplash_pose_H9tAk3iQWXo.jpg,ok
unsplash_pose_uKRhIuGjnXc.jpg,78.55,good,D:\CDAC PGCP AI\Project Idea\Pose Suggestor\Unsplash1.2K\unsplash_pose_uKRhIuGjnXc.jpg,ok
unsplash_pose_PzEWjd8XwKc.jpg,78.55,good,D:\CDAC PGCP AI\Project Idea\Pose Suggestor\Unsplash1.2K\unsplash_pose_PzEWjd8XwKc.jpg,ok
unsplash_pose_Byk_l3EfVwQ.jpg,78.55,good,D:\CDAC PGCP AI\Project Idea\Pose Suggestor\Unsplash1.2K\unsplash_pose_Byk_l3EfVwQ.jpg,ok
unsplash_pose_yPWYyXPtwlk.jpg,78.54,good,D:\CDAC PGCP AI\Project Idea\Pose Suggestor\Unsplash1.2K\unsplash_pose_yPWYyXPtwlk.jpg,ok
unsplash_pose_0zHquT2lN4M.jpg,78.54,good,D:\CDAC PGCP AI\Project Idea\Pose Suggestor\Unsplash1.2K\unsplash_pose_0zHquT2lN4M.jpg,ok
unsplash_pose_HuBqQMwtDeQ.jpg,78.54,good,D:\CDAC PGCP AI\Project Idea\Pose Suggestor\Unsplash1.2K\unsplash_pose_HuBqQMwtDeQ.jpg,ok
unsplash_pose_TDxIkDqo5rA.jpg,78.53,good,D:\CDAC PGCP AI\Project Idea\Pose Suggestor\Unsplash1.2K\unsplash_pose_TDxIkDqo5rA.jpg,ok
unsplash_pose_gvTAo7EzNGs.jpg,78.53,good,D:\CDAC PGCP AI\Project Idea\Pose Suggestor\Unsplash1.2K\unsplash_pose_gvTAo7EzNGs.jpg,ok
unsplash_pose_rhnv9fssQwU.jpg,78.51,good,D:\CDAC PGCP AI\Project Idea\Pose Suggestor\Unsplash1.2K\unsplash_pose_rhnv9fssQwU.jpg,ok
unsplash_pose_iCIFeGdklX8.jpg,78.5,good,D:\CDAC PGCP AI\Project Idea\Pose Suggestor\Unsplash1.2K\unsplash_pose_iCIFeGdklX8.jpg,ok
unsplash_pose_PX3IDiwslRA.jpg,78.5,good,D:\CDAC PGCP AI\Project Idea\Pose Suggestor\Unsplash1.2K\unsplash_pose_PX3IDiwslRA.jpg,ok
unsplash_pose_GwGNtLUITY8.jpg,78.5,good,D:\CDAC PGCP AI\Project Idea\Pose Suggestor\Unsplash1.2K\unsplash_pose_GwGNtLUITY8.jpg,ok
unsplash_pose_JVItmkXlyJs.jpg,78.5,good,D:\CDAC PGCP AI\Project Idea\Pose Suggestor\Unsplash1.2K\unsplash_pose_JVItmkXlyJs.jpg,ok
unsplash_pose_x2uBl7UMIGM.jpg,78.46,good,D:\CDAC PGCP AI\Project Idea\Pose Suggestor\Unsplash1.2K\unsplash_pose_x2uBl7UMIGM.jpg,ok
unsplash_pose_odkGXkuKCpY.jpg,78.46,good,D:\CDAC PGCP AI\Project Idea\Pose Suggestor\Unsplash1.2K\unsplash_pose_odkGXkuKCpY.jpg,ok
unsplash_pose_iXax20zkOzc.jpg,78.44,good,D:\CDAC PGCP AI\Project Idea\Pose Suggestor\Unsplash1.2K\unsplash_pose_iXax20zkOzc.jpg,ok
unsplash_pose_yAd7diZaEX0.jpg,78.43,good,D:\CDAC PGCP AI\Project Idea\Pose Suggestor\Unsplash1.2K\unsplash_pose_yAd7diZaEX0.jpg,ok
unsplash_pose_IGIPocqT564.jpg,78.43,good,D:\CDAC PGCP AI\Project Idea\Pose Suggestor\Unsplash1.2K\unsplash_pose_IGIPocqT564.jpg,ok
unsplash_pose_CssdhO7k1J0.jpg,78.42,good,D:\CDAC PGCP AI\Project Idea\Pose Suggestor\Unsplash1.2K\unsplash_pose_CssdhO7k1J0.jpg,ok
unsplash_pose_h0YckC3fYQs.jpg,78.41,good,D:\CDAC PGCP AI\Project Idea\Pose Suggestor\Unsplash1.2K\unsplash_pose_h0YckC3fYQs.jpg,ok
unsplash_pose_WJMQ02PitkE.jpg,78.4,good,D:\CDAC PGCP AI\Project Idea\Pose Suggestor\Unsplash1.2K\unsplash_pose_WJMQ02PitkE.jpg,ok
unsplash_pose_aH-zTCrSj9U.jpg,78.37,good,D:\CDAC PGCP AI\Project Idea\Pose Suggestor\Unsplash1.2K\unsplash_pose_aH-zTCrSj9U.jpg,ok
unsplash_pose_j23R4Oi3HDI.jpg,78.37,good,D:\CDAC PGCP AI\Project Idea\Pose Suggestor\Unsplash1.2K\unsplash_pose_j23R4Oi3HDI.jpg,ok
unsplash_pose_2IUvKImxZSU.jpg,78.37,good,D:\CDAC PGCP AI\Project Idea\Pose Suggestor\Unsplash1.2K\unsplash_pose_2IUvKImxZSU.jpg,ok
unsplash_pose_7S74pZZcpkA.jpg,78.35,good,D:\CDAC PGCP AI\Project Idea\Pose Suggestor\Unsplash1.2K\unsplash_pose_7S74pZZcpkA.jpg,ok
unsplash_pose_h4G52sxYKYA.jpg,78.34,good,D:\CDAC PGCP AI\Project Idea\Pose Suggestor\Unsplash1.2K\unsplash_pose_h4G52sxYKYA.jpg,ok
unsplash_pose_7Ib2VEb4BvE.jpg,78.3,good,D:\CDAC PGCP AI\Project Idea\Pose Suggestor\Unsplash1.2K\unsplash_pose_7Ib2VEb4BvE.jpg,ok
unsplash_pose_aZ9BM1WSKrE.jpg,78.29,good,D:\CDAC PGCP AI\Project Idea\Pose Suggestor\Unsplash1.2K\unsplash_pose_aZ9BM1WSKrE.jpg,ok
unsplash_pose_R-eAer3Mb1w.jpg,78.28,good,D:\CDAC PGCP AI\Project Idea\Pose Suggestor\Unsplash1.2K\unsplash_pose_R-eAer3Mb1w.jpg,ok
unsplash_pose_IxYyrpkh27U.jpg,78.28,good,D:\CDAC PGCP AI\Project Idea\Pose Suggestor\Unsplash1.2K\unsplash_pose_IxYyrpkh27U.jpg,ok
unsplash_pose_APKh18wdiKA.jpg,78.26,good,D:\CDAC PGCP AI\Project Idea\Pose Suggestor\Unsplash1.2K\unsplash_pose_APKh18wdiKA.jpg,ok
unsplash_pose_vvl1eEissUU.jpg,78.26,good,D:\CDAC PGCP AI\Project Idea\Pose Suggestor\Unsplash1.2K\unsplash_pose_vvl1eEissUU.jpg,ok
unsplash_pose_tL2pImUueCw.jpg,78.25,good,D:\CDAC PGCP AI\Project Idea\Pose Suggestor\Unsplash1.2K\unsplash_pose_tL2pImUueCw.jpg,ok
unsplash_pose_C481Pp5q-U8.jpg,78.24,good,D:\CDAC PGCP AI\Project Idea\Pose Suggestor\Unsplash1.2K\unsplash_pose_C481Pp5q-U8.jpg,ok
unsplash_pose_J4gjvtgzK_w.jpg,78.24,good,D:\CDAC PGCP AI\Project Idea\Pose Suggestor\Unsplash1.2K\unsplash_pose_J4gjvtgzK_w.jpg,ok
unsplash_pose_XD9V3kRoaPs.jpg,78.22,good,D:\CDAC PGCP AI\Project Idea\Pose Suggestor\Unsplash1.2K\unsplash_pose_XD9V3kRoaPs.jpg,ok
unsplash_pose__IisnFCVPsk.jpg,78.19,good,D:\CDAC PGCP AI\Project Idea\Pose Suggestor\Unsplash1.2K\unsplash_pose__IisnFCVPsk.jpg,ok
unsplash_pose_XdC9ZbHDj6w.jpg,78.18,good,D:\CDAC PGCP AI\Project Idea\Pose Suggestor\Unsplash1.2K\unsplash_pose_XdC9ZbHDj6w.jpg,ok
unsplash_pose_UgTKXtLXJ1A.jpg,78.16,good,D:\CDAC PGCP AI\Project Idea\Pose Suggestor\Unsplash1.2K\unsplash_pose_UgTKXtLXJ1A.jpg,ok
unsplash_pose_mGFp9Mhp1qA.jpg,78.16,good,D:\CDAC PGCP AI\Project Idea\Pose Suggestor\Unsplash1.2K\unsplash_pose_mGFp9Mhp1qA.jpg,ok
unsplash_pose_sguaksg3b3s.jpg,78.16,good,D:\CDAC PGCP AI\Project Idea\Pose Suggestor\Unsplash1.2K\unsplash_pose_sguaksg3b3s.jpg,ok
unsplash_pose_uX-XjsQSTis.jpg,78.15,good,D:\CDAC PGCP AI\Project Idea\Pose Suggestor\Unsplash1.2K\unsplash_pose_uX-XjsQSTis.jpg,ok
unsplash_pose_bsH7xTSWC6U.jpg,78.14,good,D:\CDAC PGCP AI\Project Idea\Pose Suggestor\Unsplash1.2K\unsplash_pose_bsH7xTSWC6U.jpg,ok
unsplash_pose_s_-w3PASKQg.jpg,78.13,good,D:\CDAC PGCP AI\Project Idea\Pose Suggestor\Unsplash1.2K\unsplash_pose_s_-w3PASKQg.jpg,ok
unsplash_pose_eAEAwxqnEEY.jpg,78.1,good,D:\CDAC PGCP AI\Project Idea\Pose Suggestor\Unsplash1.2K\unsplash_pose_eAEAwxqnEEY.jpg,ok
unsplash_pose_FVcvLXXyE4o.jpg,78.1,good,D:\CDAC PGCP AI\Project Idea\Pose Suggestor\Unsplash1.2K\unsplash_pose_FVcvLXXyE4o.jpg,ok
unsplash_pose_RWxGAK0QkEA.jpg,78.08,good,D:\CDAC PGCP AI\Project Idea\Pose Suggestor\Unsplash1.2K\unsplash_pose_RWxGAK0QkEA.jpg,ok
unsplash_pose_IBEkLiw8hZQ.jpg,78.08,good,D:\CDAC PGCP AI\Project Idea\Pose Suggestor\Unsplash1.2K\unsplash_pose_IBEkLiw8hZQ.jpg,ok
unsplash_pose_2eTzGsBVYds.jpg,78.06,good,D:\CDAC PGCP AI\Project Idea\Pose Suggestor\Unsplash1.2K\unsplash_pose_2eTzGsBVYds.jpg,ok
unsplash_pose_jopuiswfFHw.jpg,78.04,good,D:\CDAC PGCP AI\Project Idea\Pose Suggestor\Unsplash1.2K\unsplash_pose_jopuiswfFHw.jpg,ok
unsplash_pose_rvxXudDM2Ao.jpg,78.03,good,D:\CDAC PGCP AI\Project Idea\Pose Suggestor\Unsplash1.2K\unsplash_pose_rvxXudDM2Ao.jpg,ok
unsplash_pose_-ghkiTQ89p0.jpg,78.03,good,D:\CDAC PGCP AI\Project Idea\Pose Suggestor\Unsplash1.2K\unsplash_pose_-ghkiTQ89p0.jpg,ok
unsplash_pose_zog6e326MXw.jpg,77.96,good,D:\CDAC PGCP AI\Project Idea\Pose Suggestor\Unsplash1.2K\unsplash_pose_zog6e326MXw.jpg,ok
unsplash_pose_X2dsZbInjQs.jpg,77.96,good,D:\CDAC PGCP AI\Project Idea\Pose Suggestor\Unsplash1.2K\unsplash_pose_X2dsZbInjQs.jpg,ok
unsplash_pose_a0ayX1YCc7I.jpg,77.95,good,D:\CDAC PGCP AI\Project Idea\Pose Suggestor\Unsplash1.2K\unsplash_pose_a0ayX1YCc7I.jpg,ok
unsplash_pose_McdKtISvySc.jpg,77.95,good,D:\CDAC PGCP AI\Project Idea\Pose Suggestor\Unsplash1.2K\unsplash_pose_McdKtISvySc.jpg,ok
unsplash_pose_T3vMp8rD6V8.jpg,77.95,good,D:\CDAC PGCP AI\Project Idea\Pose Suggestor\Unsplash1.2K\unsplash_pose_T3vMp8rD6V8.jpg,ok
unsplash_pose_y-tdaKCTOiI.jpg,77.94,good,D:\CDAC PGCP AI\Project Idea\Pose Suggestor\Unsplash1.2K\unsplash_pose_y-tdaKCTOiI.jpg,ok
unsplash_pose_-adzgYpOPSo.jpg,77.92,good,D:\CDAC PGCP AI\Project Idea\Pose Suggestor\Unsplash1.2K\unsplash_pose_-adzgYpOPSo.jpg,ok
unsplash_pose_us5AzyhSFkg.jpg,77.89,good,D:\CDAC PGCP AI\Project Idea\Pose Suggestor\Unsplash1.2K\unsplash_pose_us5AzyhSFkg.jpg,ok
unsplash_pose_-kuGwiKF-FM.jpg,77.88,good,D:\CDAC PGCP AI\Project Idea\Pose Suggestor\Unsplash1.2K\unsplash_pose_-kuGwiKF-FM.jpg,ok
unsplash_pose_ZS6wg22gZxA.jpg,77.88,good,D:\CDAC PGCP AI\Project Idea\Pose Suggestor\Unsplash1.2K\unsplash_pose_ZS6wg22gZxA.jpg,ok
unsplash_pose_1qxIopui6hQ.jpg,77.87,good,D:\CDAC PGCP AI\Project Idea\Pose Suggestor\Unsplash1.2K\unsplash_pose_1qxIopui6hQ.jpg,ok
unsplash_pose_yLFFEhcaYyw.jpg,77.85,good,D:\CDAC PGCP AI\Project Idea\Pose Suggestor\Unsplash1.2K\unsplash_pose_yLFFEhcaYyw.jpg,ok
unsplash_pose_OVI87oAtSUk.jpg,77.83,good,D:\CDAC PGCP AI\Project Idea\Pose Suggestor\Unsplash1.2K\unsplash_pose_OVI87oAtSUk.jpg,ok
unsplash_pose_C6CbYnEdoLA.jpg,77.83,good,D:\CDAC PGCP AI\Project Idea\Pose Suggestor\Unsplash1.2K\unsplash_pose_C6CbYnEdoLA.jpg,ok
unsplash_pose_HtOW4Fk_B9A.jpg,77.82,good,D:\CDAC PGCP AI\Project Idea\Pose Suggestor\Unsplash1.2K\unsplash_pose_HtOW4Fk_B9A.jpg,ok
unsplash_pose_z-TnxYdKwpw.jpg,77.8,good,D:\CDAC PGCP AI\Project Idea\Pose Suggestor\Unsplash1.2K\unsplash_pose_z-TnxYdKwpw.jpg,ok
unsplash_pose_dw24v_4NrOs.jpg,77.78,good,D:\CDAC PGCP AI\Project Idea\Pose Suggestor\Unsplash1.2K\unsplash_pose_dw24v_4NrOs.jpg,ok
unsplash_pose_h4Xrtds04sw.jpg,77.76,good,D:\CDAC PGCP AI\Project Idea\Pose Suggestor\Unsplash1.2K\unsplash_pose_h4Xrtds04sw.jpg,ok
unsplash_pose_0ND704R7-fM.jpg,77.75,good,D:\CDAC PGCP AI\Project Idea\Pose Suggestor\Unsplash1.2K\unsplash_pose_0ND704R7-fM.jpg,ok
unsplash_pose_khDkG41yBLM.jpg,77.72,good,D:\CDAC PGCP AI\Project Idea\Pose Suggestor\Unsplash1.2K\unsplash_pose_khDkG41yBLM.jpg,ok
unsplash_pose_7b3L-jeNPK0.jpg,77.72,good,D:\CDAC PGCP AI\Project Idea\Pose Suggestor\Unsplash1.2K\unsplash_pose_7b3L-jeNPK0.jpg,ok
unsplash_pose_RUj3EL4JmEg.jpg,77.71,good,D:\CDAC PGCP AI\Project Idea\Pose Suggestor\Unsplash1.2K\unsplash_pose_RUj3EL4JmEg.jpg,ok
unsplash_pose_sTe7YlrIBLo.jpg,77.71,good,D:\CDAC PGCP AI\Project Idea\Pose Suggestor\Unsplash1.2K\unsplash_pose_sTe7YlrIBLo.jpg,ok
unsplash_pose_p-NXlR19S40.jpg,77.67,good,D:\CDAC PGCP AI\Project Idea\Pose Suggestor\Unsplash1.2K\unsplash_pose_p-NXlR19S40.jpg,ok
unsplash_pose_AQHw0SuL_oA.jpg,77.64,good,D:\CDAC PGCP AI\Project Idea\Pose Suggestor\Unsplash1.2K\unsplash_pose_AQHw0SuL_oA.jpg,ok
unsplash_pose_Abj10oLWN6I.jpg,77.62,good,D:\CDAC PGCP AI\Project Idea\Pose Suggestor\Unsplash1.2K\unsplash_pose_Abj10oLWN6I.jpg,ok
unsplash_pose_rRr27DJdsp4.jpg,77.62,good,D:\CDAC PGCP AI\Project Idea\Pose Suggestor\Unsplash1.2K\unsplash_pose_rRr27DJdsp4.jpg,ok
unsplash_pose_qyqOPpWKJEE.jpg,77.61,good,D:\CDAC PGCP AI\Project Idea\Pose Suggestor\Unsplash1.2K\unsplash_pose_qyqOPpWKJEE.jpg,ok
unsplash_pose_wi0sFvy6NJc.jpg,77.61,good,D:\CDAC PGCP AI\Project Idea\Pose Suggestor\Unsplash1.2K\unsplash_pose_wi0sFvy6NJc.jpg,ok
unsplash_pose_SIgsL94vdyw.jpg,77.6,good,D:\CDAC PGCP AI\Project Idea\Pose Suggestor\Unsplash1.2K\unsplash_pose_SIgsL94vdyw.jpg,ok
unsplash_pose_CG2vhRNwSJ8.jpg,77.6,good,D:\CDAC PGCP AI\Project Idea\Pose Suggestor\Unsplash1.2K\unsplash_pose_CG2vhRNwSJ8.jpg,ok
unsplash_pose_E0uEgfRWplk.jpg,77.58,good,D:\CDAC PGCP AI\Project Idea\Pose Suggestor\Unsplash1.2K\unsplash_pose_E0uEgfRWplk.jpg,ok
unsplash_pose_Z63bdY7zrvM.jpg,77.58,good,D:\CDAC PGCP AI\Project Idea\Pose Suggestor\Unsplash1.2K\unsplash_pose_Z63bdY7zrvM.jpg,ok
unsplash_pose_zTRQJpRKnrs.jpg,77.58,good,D:\CDAC PGCP AI\Project Idea\Pose Suggestor\Unsplash1.2K\unsplash_pose_zTRQJpRKnrs.jpg,ok
unsplash_pose_E3ccNZ6hva0.jpg,77.54,good,D:\CDAC PGCP AI\Project Idea\Pose Suggestor\Unsplash1.2K\unsplash_pose_E3ccNZ6hva0.jpg,ok
unsplash_pose_0ZbvZf40qXk.jpg,77.53,good,D:\CDAC PGCP AI\Project Idea\Pose Suggestor\Unsplash1.2K\unsplash_pose_0ZbvZf40qXk.jpg,ok
unsplash_pose__RUs7zKl1iQ.jpg,77.52,good,D:\CDAC PGCP AI\Project Idea\Pose Suggestor\Unsplash1.2K\unsplash_pose__RUs7zKl1iQ.jpg,ok
unsplash_pose_QC-TcJM0XjI.jpg,77.51,good,D:\CDAC PGCP AI\Project Idea\Pose Suggestor\Unsplash1.2K\unsplash_pose_QC-TcJM0XjI.jpg,ok
unsplash_pose_-pb8RY6C9Dc.jpg,77.51,good,D:\CDAC PGCP AI\Project Idea\Pose Suggestor\Unsplash1.2K\unsplash_pose_-pb8RY6C9Dc.jpg,ok
unsplash_pose_eOnFVOETHig.jpg,77.5,good,D:\CDAC PGCP AI\Project Idea\Pose Suggestor\Unsplash1.2K\unsplash_pose_eOnFVOETHig.jpg,ok
unsplash_pose_5wIZx6ZGc2w.jpg,77.49,good,D:\CDAC PGCP AI\Project Idea\Pose Suggestor\Unsplash1.2K\unsplash_pose_5wIZx6ZGc2w.jpg,ok
unsplash_pose_53ILdjMnT9I.jpg,77.49,good,D:\CDAC PGCP AI\Project Idea\Pose Suggestor\Unsplash1.2K\unsplash_pose_53ILdjMnT9I.jpg,ok
unsplash_pose_upWVjv5lcKQ.jpg,77.48,good,D:\CDAC PGCP AI\Project Idea\Pose Suggestor\Unsplash1.2K\unsplash_pose_upWVjv5lcKQ.jpg,ok
unsplash_pose_L_ftVDkM3CU.jpg,77.48,good,D:\CDAC PGCP AI\Project Idea\Pose Suggestor\Unsplash1.2K\unsplash_pose_L_ftVDkM3CU.jpg,ok
unsplash_pose_uAkwSMWMQBc.jpg,77.47,good,D:\CDAC PGCP AI\Project Idea\Pose Suggestor\Unsplash1.2K\unsplash_pose_uAkwSMWMQBc.jpg,ok
unsplash_pose_5FL9DVBl9W8.jpg,77.46,good,D:\CDAC PGCP AI\Project Idea\Pose Suggestor\Unsplash1.2K\unsplash_pose_5FL9DVBl9W8.jpg,ok
unsplash_pose_9inE0zHLHss.jpg,77.46,good,D:\CDAC PGCP AI\Project Idea\Pose Suggestor\Unsplash1.2K\unsplash_pose_9inE0zHLHss.jpg,ok
unsplash_pose_fYJLTX4BRu0.jpg,77.46,good,D:\CDAC PGCP AI\Project Idea\Pose Suggestor\Unsplash1.2K\unsplash_pose_fYJLTX4BRu0.jpg,ok
unsplash_pose_8Fe3Wz2rQ7s.jpg,77.45,good,D:\CDAC PGCP AI\Project Idea\Pose Suggestor\Unsplash1.2K\unsplash_pose_8Fe3Wz2rQ7s.jpg,ok
unsplash_pose_d805HKK-7K4.jpg,77.45,good,D:\CDAC PGCP AI\Project Idea\Pose Suggestor\Unsplash1.2K\unsplash_pose_d805HKK-7K4.jpg,ok
unsplash_pose_ADYCGfDQJCc.jpg,77.41,good,D:\CDAC PGCP AI\Project Idea\Pose Suggestor\Unsplash1.2K\unsplash_pose_ADYCGfDQJCc.jpg,ok
unsplash_pose_04GEdOZtGvU.jpg,77.41,good,D:\CDAC PGCP AI\Project Idea\Pose Suggestor\Unsplash1.2K\unsplash_pose_04GEdOZtGvU.jpg,ok
unsplash_pose__PJosDSuwdk.jpg,77.4,good,D:\CDAC PGCP AI\Project Idea\Pose Suggestor\Unsplash1.2K\unsplash_pose__PJosDSuwdk.jpg,ok
unsplash_pose_6Vib-PpVX0I.jpg,77.4,good,D:\CDAC PGCP AI\Project Idea\Pose Suggestor\Unsplash1.2K\unsplash_pose_6Vib-PpVX0I.jpg,ok
unsplash_pose_lnqmcEHcySA.jpg,77.39,good,D:\CDAC PGCP AI\Project Idea\Pose Suggestor\Unsplash1.2K\unsplash_pose_lnqmcEHcySA.jpg,ok
unsplash_pose_FXtkrVr3HvI.jpg,77.39,good,D:\CDAC PGCP AI\Project Idea\Pose Suggestor\Unsplash1.2K\unsplash_pose_FXtkrVr3HvI.jpg,ok
unsplash_pose_PG0OM-_XCWo.jpg,77.37,good,D:\CDAC PGCP AI\Project Idea\Pose Suggestor\Unsplash1.2K\unsplash_pose_PG0OM-_XCWo.jpg,ok
unsplash_pose_G1DnixXWZPA.jpg,77.31,good,D:\CDAC PGCP AI\Project Idea\Pose Suggestor\Unsplash1.2K\unsplash_pose_G1DnixXWZPA.jpg,ok
unsplash_pose_iyA1eDIELh8.jpg,77.3,good,D:\CDAC PGCP AI\Project Idea\Pose Suggestor\Unsplash1.2K\unsplash_pose_iyA1eDIELh8.jpg,ok
unsplash_pose_ZNqvhM9mHBo.jpg,77.29,good,D:\CDAC PGCP AI\Project Idea\Pose Suggestor\Unsplash1.2K\unsplash_pose_ZNqvhM9mHBo.jpg,ok
unsplash_pose_HXWv35a0NqY.jpg,77.29,good,D:\CDAC PGCP AI\Project Idea\Pose Suggestor\Unsplash1.2K\unsplash_pose_HXWv35a0NqY.jpg,ok
unsplash_pose_pSlNBu4dc3E.jpg,77.27,good,D:\CDAC PGCP AI\Project Idea\Pose Suggestor\Unsplash1.2K\unsplash_pose_pSlNBu4dc3E.jpg,ok
unsplash_pose__7jpC5a8h5s.jpg,77.26,good,D:\CDAC PGCP AI\Project Idea\Pose Suggestor\Unsplash1.2K\unsplash_pose__7jpC5a8h5s.jpg,ok
unsplash_pose_Kg4ROuEzdLU.jpg,77.25,good,D:\CDAC PGCP AI\Project Idea\Pose Suggestor\Unsplash1.2K\unsplash_pose_Kg4ROuEzdLU.jpg,ok
unsplash_pose_slvqjv4eDWw.jpg,77.24,good,D:\CDAC PGCP AI\Project Idea\Pose Suggestor\Unsplash1.2K\unsplash_pose_slvqjv4eDWw.jpg,ok
unsplash_pose_zzJJr4xN3Cc.jpg,77.22,good,D:\CDAC PGCP AI\Project Idea\Pose Suggestor\Unsplash1.2K\unsplash_pose_zzJJr4xN3Cc.jpg,ok
unsplash_pose_FN52JoBiyUc.jpg,77.21,good,D:\CDAC PGCP AI\Project Idea\Pose Suggestor\Unsplash1.2K\unsplash_pose_FN52JoBiyUc.jpg,ok
unsplash_pose_x8JAJbJe_y4.jpg,77.21,good,D:\CDAC PGCP AI\Project Idea\Pose Suggestor\Unsplash1.2K\unsplash_pose_x8JAJbJe_y4.jpg,ok
unsplash_pose_r8CrUqBAqwY.jpg,77.21,good,D:\CDAC PGCP AI\Project Idea\Pose Suggestor\Unsplash1.2K\unsplash_pose_r8CrUqBAqwY.jpg,ok
unsplash_pose_qpgfJWn3oWY.jpg,77.2,good,D:\CDAC PGCP AI\Project Idea\Pose Suggestor\Unsplash1.2K\unsplash_pose_qpgfJWn3oWY.jpg,ok
unsplash_pose_WLEgl7AiqV0.jpg,77.2,good,D:\CDAC PGCP AI\Project Idea\Pose Suggestor\Unsplash1.2K\unsplash_pose_WLEgl7AiqV0.jpg,ok
unsplash_pose_P8ZYE6v39dM.jpg,77.19,good,D:\CDAC PGCP AI\Project Idea\Pose Suggestor\Unsplash1.2K\unsplash_pose_P8ZYE6v39dM.jpg,ok
unsplash_pose_U3cCIwCSQ6k.jpg,77.13,good,D:\CDAC PGCP AI\Project Idea\Pose Suggestor\Unsplash1.2K\unsplash_pose_U3cCIwCSQ6k.jpg,ok
unsplash_pose_TvCAqUFAMMs.jpg,77.12,good,D:\CDAC PGCP AI\Project Idea\Pose Suggestor\Unsplash1.2K\unsplash_pose_TvCAqUFAMMs.jpg,ok
unsplash_pose_2_OZchfc3vM.jpg,77.11,good,D:\CDAC PGCP AI\Project Idea\Pose Suggestor\Unsplash1.2K\unsplash_pose_2_OZchfc3vM.jpg,ok
unsplash_pose_IG3yvVJMveY.jpg,77.1,good,D:\CDAC PGCP AI\Project Idea\Pose Suggestor\Unsplash1.2K\unsplash_pose_IG3yvVJMveY.jpg,ok
unsplash_pose_qzgJEKM-5wk.jpg,77.09,good,D:\CDAC PGCP AI\Project Idea\Pose Suggestor\Unsplash1.2K\unsplash_pose_qzgJEKM-5wk.jpg,ok
unsplash_pose_KdIOIbae-ds.jpg,77.08,good,D:\CDAC PGCP AI\Project Idea\Pose Suggestor\Unsplash1.2K\unsplash_pose_KdIOIbae-ds.jpg,ok
unsplash_pose_Y8efA7MEjs4.jpg,77.07,good,D:\CDAC PGCP AI\Project Idea\Pose Suggestor\Unsplash1.2K\unsplash_pose_Y8efA7MEjs4.jpg,ok
unsplash_pose_qEeY3JIC6VQ.jpg,77.04,good,D:\CDAC PGCP AI\Project Idea\Pose Suggestor\Unsplash1.2K\unsplash_pose_qEeY3JIC6VQ.jpg,ok
unsplash_pose_MILR4OugvUg.jpg,77.04,good,D:\CDAC PGCP AI\Project Idea\Pose Suggestor\Unsplash1.2K\unsplash_pose_MILR4OugvUg.jpg,ok
unsplash_pose_ZJ0p87rDoXk.jpg,77.03,good,D:\CDAC PGCP AI\Project Idea\Pose Suggestor\Unsplash1.2K\unsplash_pose_ZJ0p87rDoXk.jpg,ok
unsplash_pose_Q7dXt2uNsfc.jpg,77.03,good,D:\CDAC PGCP AI\Project Idea\Pose Suggestor\Unsplash1.2K\unsplash_pose_Q7dXt2uNsfc.jpg,ok
unsplash_pose_0SNiTuvzTt0.jpg,77.02,good,D:\CDAC PGCP AI\Project Idea\Pose Suggestor\Unsplash1.2K\unsplash_pose_0SNiTuvzTt0.jpg,ok
unsplash_pose_fDmHkHuhiu8.jpg,77.02,good,D:\CDAC PGCP AI\Project Idea\Pose Suggestor\Unsplash1.2K\unsplash_pose_fDmHkHuhiu8.jpg,ok
unsplash_pose_CizO8G21Hhc.jpg,76.98,good,D:\CDAC PGCP AI\Project Idea\Pose Suggestor\Unsplash1.2K\unsplash_pose_CizO8G21Hhc.jpg,ok
unsplash_pose_EVUfkusD3a0.jpg,76.97,good,D:\CDAC PGCP AI\Project Idea\Pose Suggestor\Unsplash1.2K\unsplash_pose_EVUfkusD3a0.jpg,ok
unsplash_pose_u5LMun-T95Y.jpg,76.96,good,D:\CDAC PGCP AI\Project Idea\Pose Suggestor\Unsplash1.2K\unsplash_pose_u5LMun-T95Y.jpg,ok
unsplash_pose_egVonUwtEWk.jpg,76.96,good,D:\CDAC PGCP AI\Project Idea\Pose Suggestor\Unsplash1.2K\unsplash_pose_egVonUwtEWk.jpg,ok
unsplash_pose_ga10ZiumpIM.jpg,76.96,good,D:\CDAC PGCP AI\Project Idea\Pose Suggestor\Unsplash1.2K\unsplash_pose_ga10ZiumpIM.jpg,ok
unsplash_pose_W_7WgFzAPTc.jpg,76.9,good,D:\CDAC PGCP AI\Project Idea\Pose Suggestor\Unsplash1.2K\unsplash_pose_W_7WgFzAPTc.jpg,ok
unsplash_pose_n6dxGoXVJJE.jpg,76.88,good,D:\CDAC PGCP AI\Project Idea\Pose Suggestor\Unsplash1.2K\unsplash_pose_n6dxGoXVJJE.jpg,ok
unsplash_pose_fAzxckukqdw.jpg,76.84,good,D:\CDAC PGCP AI\Project Idea\Pose Suggestor\Unsplash1.2K\unsplash_pose_fAzxckukqdw.jpg,ok
unsplash_pose_jJt4D-jGpeM.jpg,76.84,good,D:\CDAC PGCP AI\Project Idea\Pose Suggestor\Unsplash1.2K\unsplash_pose_jJt4D-jGpeM.jpg,ok
unsplash_pose_EuNgCjSWPmA.jpg,76.81,good,D:\CDAC PGCP AI\Project Idea\Pose Suggestor\Unsplash1.2K\unsplash_pose_EuNgCjSWPmA.jpg,ok
unsplash_pose_1r2ozYV9OSQ.jpg,76.8,good,D:\CDAC PGCP AI\Project Idea\Pose Suggestor\Unsplash1.2K\unsplash_pose_1r2ozYV9OSQ.jpg,ok
unsplash_pose__ZGkZcsps8c.jpg,76.8,good,D:\CDAC PGCP AI\Project Idea\Pose Suggestor\Unsplash1.2K\unsplash_pose__ZGkZcsps8c.jpg,ok
unsplash_pose__a3sV6L29dA.jpg,76.8,good,D:\CDAC PGCP AI\Project Idea\Pose Suggestor\Unsplash1.2K\unsplash_pose__a3sV6L29dA.jpg,ok
unsplash_pose_upPqL4tLhUY.jpg,76.79,good,D:\CDAC PGCP AI\Project Idea\Pose Suggestor\Unsplash1.2K\unsplash_pose_upPqL4tLhUY.jpg,ok
unsplash_pose_DAwehHP90o0.jpg,76.77,good,D:\CDAC PGCP AI\Project Idea\Pose Suggestor\Unsplash1.2K\unsplash_pose_DAwehHP90o0.jpg,ok
unsplash_pose_LgQE71biv0g.jpg,76.77,good,D:\CDAC PGCP AI\Project Idea\Pose Suggestor\Unsplash1.2K\unsplash_pose_LgQE71biv0g.jpg,ok
unsplash_pose_UKQAh-HQuNc.jpg,76.76,good,D:\CDAC PGCP AI\Project Idea\Pose Suggestor\Unsplash1.2K\unsplash_pose_UKQAh-HQuNc.jpg,ok
unsplash_pose_qX30kGf7Zb4.jpg,76.76,good,D:\CDAC PGCP AI\Project Idea\Pose Suggestor\Unsplash1.2K\unsplash_pose_qX30kGf7Zb4.jpg,ok
unsplash_pose_BkvpZfXo8NA.jpg,76.74,good,D:\CDAC PGCP AI\Project Idea\Pose Suggestor\Unsplash1.2K\unsplash_pose_BkvpZfXo8NA.jpg,ok
unsplash_pose_lDWJbwy80lQ.jpg,76.72,good,D:\CDAC PGCP AI\Project Idea\Pose Suggestor\Unsplash1.2K\unsplash_pose_lDWJbwy80lQ.jpg,ok
unsplash_pose_Gp2jv_GNokM.jpg,76.72,good,D:\CDAC PGCP AI\Project Idea\Pose Suggestor\Unsplash1.2K\unsplash_pose_Gp2jv_GNokM.jpg,ok
unsplash_pose_5k5CKVBMcF0.jpg,76.71,good,D:\CDAC PGCP AI\Project Idea\Pose Suggestor\Unsplash1.2K\unsplash_pose_5k5CKVBMcF0.jpg,ok
unsplash_pose_juSMyZAQCJU.jpg,76.69,good,D:\CDAC PGCP AI\Project Idea\Pose Suggestor\Unsplash1.2K\unsplash_pose_juSMyZAQCJU.jpg,ok
unsplash_pose_UaoDNSuMSlw.jpg,76.68,good,D:\CDAC PGCP AI\Project Idea\Pose Suggestor\Unsplash1.2K\unsplash_pose_UaoDNSuMSlw.jpg,ok
unsplash_pose_xEpTXR4Du24.jpg,76.65,good,D:\CDAC PGCP AI\Project Idea\Pose Suggestor\Unsplash1.2K\unsplash_pose_xEpTXR4Du24.jpg,ok
unsplash_pose_kumpNDTs5xg.jpg,76.65,good,D:\CDAC PGCP AI\Project Idea\Pose Suggestor\Unsplash1.2K\unsplash_pose_kumpNDTs5xg.jpg,ok
unsplash_pose_piMmy8CSYDE.jpg,76.59,good,D:\CDAC PGCP AI\Project Idea\Pose Suggestor\Unsplash1.2K\unsplash_pose_piMmy8CSYDE.jpg,ok
unsplash_pose_lbdIQPkit-I.jpg,76.56,good,D:\CDAC PGCP AI\Project Idea\Pose Suggestor\Unsplash1.2K\unsplash_pose_lbdIQPkit-I.jpg,ok
unsplash_pose_LBMVsbQDakI.jpg,76.53,good,D:\CDAC PGCP AI\Project Idea\Pose Suggestor\Unsplash1.2K\unsplash_pose_LBMVsbQDakI.jpg,ok
unsplash_pose_LnIQV-p1N-k.jpg,76.53,good,D:\CDAC PGCP AI\Project Idea\Pose Suggestor\Unsplash1.2K\unsplash_pose_LnIQV-p1N-k.jpg,ok
unsplash_pose_qeY6cAsCvTs.jpg,76.52,good,D:\CDAC PGCP AI\Project Idea\Pose Suggestor\Unsplash1.2K\unsplash_pose_qeY6cAsCvTs.jpg,ok
unsplash_pose_Ki_bQNT1eiM.jpg,76.52,good,D:\CDAC PGCP AI\Project Idea\Pose Suggestor\Unsplash1.2K\unsplash_pose_Ki_bQNT1eiM.jpg,ok
unsplash_pose_FkkwOumu63s.jpg,76.5,good,D:\CDAC PGCP AI\Project Idea\Pose Suggestor\Unsplash1.2K\unsplash_pose_FkkwOumu63s.jpg,ok
unsplash_pose_jauRVgYUl0Q.jpg,76.49,good,D:\CDAC PGCP AI\Project Idea\Pose Suggestor\Unsplash1.2K\unsplash_pose_jauRVgYUl0Q.jpg,ok
unsplash_pose_M1uwZ4-fqGs.jpg,76.49,good,D:\CDAC PGCP AI\Project Idea\Pose Suggestor\Unsplash1.2K\unsplash_pose_M1uwZ4-fqGs.jpg,ok
unsplash_pose_n4U9X04C9VI.jpg,76.48,good,D:\CDAC PGCP AI\Project Idea\Pose Suggestor\Unsplash1.2K\unsplash_pose_n4U9X04C9VI.jpg,ok
unsplash_pose_Chjt826nsZE.jpg,76.43,good,D:\CDAC PGCP AI\Project Idea\Pose Suggestor\Unsplash1.2K\unsplash_pose_Chjt826nsZE.jpg,ok
unsplash_pose_p_-tCIlfaik.jpg,76.41,good,D:\CDAC PGCP AI\Project Idea\Pose Suggestor\Unsplash1.2K\unsplash_pose_p_-tCIlfaik.jpg,ok
unsplash_pose_l8Hc9FEKpIo.jpg,76.4,good,D:\CDAC PGCP AI\Project Idea\Pose Suggestor\Unsplash1.2K\unsplash_pose_l8Hc9FEKpIo.jpg,ok
unsplash_pose_kCoQC0D4QvA.jpg,76.4,good,D:\CDAC PGCP AI\Project Idea\Pose Suggestor\Unsplash1.2K\unsplash_pose_kCoQC0D4QvA.jpg,ok
unsplash_pose_h2JunI06Xdw.jpg,76.39,good,D:\CDAC PGCP AI\Project Idea\Pose Suggestor\Unsplash1.2K\unsplash_pose_h2JunI06Xdw.jpg,ok
unsplash_pose_p8fOJAFYx4Y.jpg,76.36,good,D:\CDAC PGCP AI\Project Idea\Pose Suggestor\Unsplash1.2K\unsplash_pose_p8fOJAFYx4Y.jpg,ok
unsplash_pose__81qIVANhro.jpg,76.34,good,D:\CDAC PGCP AI\Project Idea\Pose Suggestor\Unsplash1.2K\unsplash_pose__81qIVANhro.jpg,ok
unsplash_pose_weFuSfWsU0A.jpg,76.34,good,D:\CDAC PGCP AI\Project Idea\Pose Suggestor\Unsplash1.2K\unsplash_pose_weFuSfWsU0A.jpg,ok
unsplash_pose_NF0bbvimAe4.jpg,76.33,good,D:\CDAC PGCP AI\Project Idea\Pose Suggestor\Unsplash1.2K\unsplash_pose_NF0bbvimAe4.jpg,ok
unsplash_pose_WwF018sC8ko.jpg,76.29,good,D:\CDAC PGCP AI\Project Idea\Pose Suggestor\Unsplash1.2K\unsplash_pose_WwF018sC8ko.jpg,ok
unsplash_pose_CgwF-FhRkvs.jpg,76.29,good,D:\CDAC PGCP AI\Project Idea\Pose Suggestor\Unsplash1.2K\unsplash_pose_CgwF-FhRkvs.jpg,ok
unsplash_pose_TOZvwI2oZfw.jpg,76.28,good,D:\CDAC PGCP AI\Project Idea\Pose Suggestor\Unsplash1.2K\unsplash_pose_TOZvwI2oZfw.jpg,ok
unsplash_pose_lSGSO0epc2k.jpg,76.28,good,D:\CDAC PGCP AI\Project Idea\Pose Suggestor\Unsplash1.2K\unsplash_pose_lSGSO0epc2k.jpg,ok
unsplash_pose_SEln6shH8Lc.jpg,76.27,good,D:\CDAC PGCP AI\Project Idea\Pose Suggestor\Unsplash1.2K\unsplash_pose_SEln6shH8Lc.jpg,ok
unsplash_pose_iBes0MKh1rg.jpg,76.27,good,D:\CDAC PGCP AI\Project Idea\Pose Suggestor\Unsplash1.2K\unsplash_pose_iBes0MKh1rg.jpg,ok
unsplash_pose_E2i988jKXLg.jpg,76.25,good,D:\CDAC PGCP AI\Project Idea\Pose Suggestor\Unsplash1.2K\unsplash_pose_E2i988jKXLg.jpg,ok
unsplash_pose_O8SuPkzq_8E.jpg,76.23,good,D:\CDAC PGCP AI\Project Idea\Pose Suggestor\Unsplash1.2K\unsplash_pose_O8SuPkzq_8E.jpg,ok
unsplash_pose_7cKp2sZWptg.jpg,76.23,good,D:\CDAC PGCP AI\Project Idea\Pose Suggestor\Unsplash1.2K\unsplash_pose_7cKp2sZWptg.jpg,ok
unsplash_pose_gOqM2EOTvuw.jpg,76.21,good,D:\CDAC PGCP AI\Project Idea\Pose Suggestor\Unsplash1.2K\unsplash_pose_gOqM2EOTvuw.jpg,ok
unsplash_pose_cWAPyhb9faM.jpg,76.21,good,D:\CDAC PGCP AI\Project Idea\Pose Suggestor\Unsplash1.2K\unsplash_pose_cWAPyhb9faM.jpg,ok
unsplash_pose_DRolt9B5nlU.jpg,76.21,good,D:\CDAC PGCP AI\Project Idea\Pose Suggestor\Unsplash1.2K\unsplash_pose_DRolt9B5nlU.jpg,ok
unsplash_pose_0QNSNGmungI.jpg,76.2,good,D:\CDAC PGCP AI\Project Idea\Pose Suggestor\Unsplash1.2K\unsplash_pose_0QNSNGmungI.jpg,ok
unsplash_pose_pQ1Ylqc1ytE.jpg,76.18,good,D:\CDAC PGCP AI\Project Idea\Pose Suggestor\Unsplash1.2K\unsplash_pose_pQ1Ylqc1ytE.jpg,ok
unsplash_pose_aiL8fWvhtsg.jpg,76.15,good,D:\CDAC PGCP AI\Project Idea\Pose Suggestor\Unsplash1.2K\unsplash_pose_aiL8fWvhtsg.jpg,ok
unsplash_pose_wQX5VViR67Q.jpg,76.15,good,D:\CDAC PGCP AI\Project Idea\Pose Suggestor\Unsplash1.2K\unsplash_pose_wQX5VViR67Q.jpg,ok
unsplash_pose_s5Dk_IHgxw4.jpg,76.14,good,D:\CDAC PGCP AI\Project Idea\Pose Suggestor\Unsplash1.2K\unsplash_pose_s5Dk_IHgxw4.jpg,ok
unsplash_pose_i7xJNgM4OOY.jpg,76.14,good,D:\CDAC PGCP AI\Project Idea\Pose Suggestor\Unsplash1.2K\unsplash_pose_i7xJNgM4OOY.jpg,ok
unsplash_pose_bIhLddjH36k.jpg,76.11,good,D:\CDAC PGCP AI\Project Idea\Pose Suggestor\Unsplash1.2K\unsplash_pose_bIhLddjH36k.jpg,ok
unsplash_pose_du_FPpt4cBU.jpg,76.08,good,D:\CDAC PGCP AI\Project Idea\Pose Suggestor\Unsplash1.2K\unsplash_pose_du_FPpt4cBU.jpg,ok
unsplash_pose_Ni-Oq5yojco.jpg,76.08,good,D:\CDAC PGCP AI\Project Idea\Pose Suggestor\Unsplash1.2K\unsplash_pose_Ni-Oq5yojco.jpg,ok
unsplash_pose_inpLoD-KrPg.jpg,76.07,good,D:\CDAC PGCP AI\Project Idea\Pose Suggestor\Unsplash1.2K\unsplash_pose_inpLoD-KrPg.jpg,ok
unsplash_pose_C5DxZbuQvf8.jpg,76.07,good,D:\CDAC PGCP AI\Project Idea\Pose Suggestor\Unsplash1.2K\unsplash_pose_C5DxZbuQvf8.jpg,ok
unsplash_pose_YfBMb4LjPnU.jpg,76.03,good,D:\CDAC PGCP AI\Project Idea\Pose Suggestor\Unsplash1.2K\unsplash_pose_YfBMb4LjPnU.jpg,ok
unsplash_pose_KifdLXdT7aQ.jpg,75.99,good,D:\CDAC PGCP AI\Project Idea\Pose Suggestor\Unsplash1.2K\unsplash_pose_KifdLXdT7aQ.jpg,ok
unsplash_pose_XSFIz3cSc-A.jpg,75.98,good,D:\CDAC PGCP AI\Project Idea\Pose Suggestor\Unsplash1.2K\unsplash_pose_XSFIz3cSc-A.jpg,ok
unsplash_pose_vVRjvi-fnXc.jpg,75.96,good,D:\CDAC PGCP AI\Project Idea\Pose Suggestor\Unsplash1.2K\unsplash_pose_vVRjvi-fnXc.jpg,ok
unsplash_pose_5uHsuWoj-8U.jpg,75.95,good,D:\CDAC PGCP AI\Project Idea\Pose Suggestor\Unsplash1.2K\unsplash_pose_5uHsuWoj-8U.jpg,ok
unsplash_pose_k6TcD_eW15k.jpg,75.91,good,D:\CDAC PGCP AI\Project Idea\Pose Suggestor\Unsplash1.2K\unsplash_pose_k6TcD_eW15k.jpg,ok
unsplash_pose_r46BaPcWP3Q.jpg,75.9,good,D:\CDAC PGCP AI\Project Idea\Pose Suggestor\Unsplash1.2K\unsplash_pose_r46BaPcWP3Q.jpg,ok
unsplash_pose_uJ4qhwJO7bY.jpg,75.89,good,D:\CDAC PGCP AI\Project Idea\Pose Suggestor\Unsplash1.2K\unsplash_pose_uJ4qhwJO7bY.jpg,ok
unsplash_pose_qN8irPJ3tNA.jpg,75.89,good,D:\CDAC PGCP AI\Project Idea\Pose Suggestor\Unsplash1.2K\unsplash_pose_qN8irPJ3tNA.jpg,ok
unsplash_pose_Rrr8TjQodok.jpg,75.88,good,D:\CDAC PGCP AI\Project Idea\Pose Suggestor\Unsplash1.2K\unsplash_pose_Rrr8TjQodok.jpg,ok
unsplash_pose_FERMYyzr-ds.jpg,75.84,good,D:\CDAC PGCP AI\Project Idea\Pose Suggestor\Unsplash1.2K\unsplash_pose_FERMYyzr-ds.jpg,ok
unsplash_pose_qRj9Wg6de2M.jpg,75.83,good,D:\CDAC PGCP AI\Project Idea\Pose Suggestor\Unsplash1.2K\unsplash_pose_qRj9Wg6de2M.jpg,ok
unsplash_pose_AmuUryisd1E.jpg,75.83,good,D:\CDAC PGCP AI\Project Idea\Pose Suggestor\Unsplash1.2K\unsplash_pose_AmuUryisd1E.jpg,ok
unsplash_pose_RRucSozLnTI.jpg,75.82,good,D:\CDAC PGCP AI\Project Idea\Pose Suggestor\Unsplash1.2K\unsplash_pose_RRucSozLnTI.jpg,ok
unsplash_pose_fVpoZjNiCLg.jpg,75.81,good,D:\CDAC PGCP AI\Project Idea\Pose Suggestor\Unsplash1.2K\unsplash_pose_fVpoZjNiCLg.jpg,ok
unsplash_pose_gMveWNqajGw.jpg,75.8,good,D:\CDAC PGCP AI\Project Idea\Pose Suggestor\Unsplash1.2K\unsplash_pose_gMveWNqajGw.jpg,ok
unsplash_pose_mKUmiAzBK54.jpg,75.8,good,D:\CDAC PGCP AI\Project Idea\Pose Suggestor\Unsplash1.2K\unsplash_pose_mKUmiAzBK54.jpg,ok
unsplash_pose_HDE_k0SlSLw.jpg,75.77,good,D:\CDAC PGCP AI\Project Idea\Pose Suggestor\Unsplash1.2K\unsplash_pose_HDE_k0SlSLw.jpg,ok
unsplash_pose_FZYbvW289mI.jpg,75.76,good,D:\CDAC PGCP AI\Project Idea\Pose Suggestor\Unsplash1.2K\unsplash_pose_FZYbvW289mI.jpg,ok
unsplash_pose_itdQzEnWg9o.jpg,75.75,good,D:\CDAC PGCP AI\Project Idea\Pose Suggestor\Unsplash1.2K\unsplash_pose_itdQzEnWg9o.jpg,ok
unsplash_pose_sHIH0vLa-jo.jpg,75.74,good,D:\CDAC PGCP AI\Project Idea\Pose Suggestor\Unsplash1.2K\unsplash_pose_sHIH0vLa-jo.jpg,ok
unsplash_pose_xQ16CQxV7mM.jpg,75.71,good,D:\CDAC PGCP AI\Project Idea\Pose Suggestor\Unsplash1.2K\unsplash_pose_xQ16CQxV7mM.jpg,ok
unsplash_pose_icccDZlqLf8.jpg,75.7,good,D:\CDAC PGCP AI\Project Idea\Pose Suggestor\Unsplash1.2K\unsplash_pose_icccDZlqLf8.jpg,ok
unsplash_pose_qJfrLvSbiDk.jpg,75.7,good,D:\CDAC PGCP AI\Project Idea\Pose Suggestor\Unsplash1.2K\unsplash_pose_qJfrLvSbiDk.jpg,ok
unsplash_pose_2BUxdfWQahk.jpg,75.68,good,D:\CDAC PGCP AI\Project Idea\Pose Suggestor\Unsplash1.2K\unsplash_pose_2BUxdfWQahk.jpg,ok
unsplash_pose_mWptdNP9j9A.jpg,75.67,good,D:\CDAC PGCP AI\Project Idea\Pose Suggestor\Unsplash1.2K\unsplash_pose_mWptdNP9j9A.jpg,ok
unsplash_pose_6io8Z08eHDo.jpg,75.67,good,D:\CDAC PGCP AI\Project Idea\Pose Suggestor\Unsplash1.2K\unsplash_pose_6io8Z08eHDo.jpg,ok
unsplash_pose_D6NcQnXAZSQ.jpg,75.62,good,D:\CDAC PGCP AI\Project Idea\Pose Suggestor\Unsplash1.2K\unsplash_pose_D6NcQnXAZSQ.jpg,ok
unsplash_pose_iHfBBeiAVCE.jpg,75.57,good,D:\CDAC PGCP AI\Project Idea\Pose Suggestor\Unsplash1.2K\unsplash_pose_iHfBBeiAVCE.jpg,ok
unsplash_pose_2SKQF1MuakI.jpg,75.54,good,D:\CDAC PGCP AI\Project Idea\Pose Suggestor\Unsplash1.2K\unsplash_pose_2SKQF1MuakI.jpg,ok
unsplash_pose_vZDpnON-4SU.jpg,75.52,good,D:\CDAC PGCP AI\Project Idea\Pose Suggestor\Unsplash1.2K\unsplash_pose_vZDpnON-4SU.jpg,ok
unsplash_pose_rwm1I-5Fk4I.jpg,75.51,good,D:\CDAC PGCP AI\Project Idea\Pose Suggestor\Unsplash1.2K\unsplash_pose_rwm1I-5Fk4I.jpg,ok
unsplash_pose_bf0JtEVq2B4.jpg,75.48,good,D:\CDAC PGCP AI\Project Idea\Pose Suggestor\Unsplash1.2K\unsplash_pose_bf0JtEVq2B4.jpg,ok
unsplash_pose_UNNpki_WfSE.jpg,75.46,good,D:\CDAC PGCP AI\Project Idea\Pose Suggestor\Unsplash1.2K\unsplash_pose_UNNpki_WfSE.jpg,ok
unsplash_pose_1aklPrd5wiY.jpg,75.45,good,D:\CDAC PGCP AI\Project Idea\Pose Suggestor\Unsplash1.2K\unsplash_pose_1aklPrd5wiY.jpg,ok
unsplash_pose_llB9FwAbMCs.jpg,75.45,good,D:\CDAC PGCP AI\Project Idea\Pose Suggestor\Unsplash1.2K\unsplash_pose_llB9FwAbMCs.jpg,ok
unsplash_pose_jY7nPBhD4AQ.jpg,75.45,good,D:\CDAC PGCP AI\Project Idea\Pose Suggestor\Unsplash1.2K\unsplash_pose_jY7nPBhD4AQ.jpg,ok
unsplash_pose_231fuqmO4yM.jpg,75.42,good,D:\CDAC PGCP AI\Project Idea\Pose Suggestor\Unsplash1.2K\unsplash_pose_231fuqmO4yM.jpg,ok
unsplash_pose_geWI06IUEjQ.jpg,75.4,good,D:\CDAC PGCP AI\Project Idea\Pose Suggestor\Unsplash1.2K\unsplash_pose_geWI06IUEjQ.jpg,ok
unsplash_pose_evZP-DJgE-8.jpg,75.39,good,D:\CDAC PGCP AI\Project Idea\Pose Suggestor\Unsplash1.2K\unsplash_pose_evZP-DJgE-8.jpg,ok
unsplash_pose_UlaHc4h1t4s.jpg,75.38,good,D:\CDAC PGCP AI\Project Idea\Pose Suggestor\Unsplash1.2K\unsplash_pose_UlaHc4h1t4s.jpg,ok
unsplash_pose_b9lNdKK-2B8.jpg,75.37,good,D:\CDAC PGCP AI\Project Idea\Pose Suggestor\Unsplash1.2K\unsplash_pose_b9lNdKK-2B8.jpg,ok
unsplash_pose_midNoBVzZdU.jpg,75.35,good,D:\CDAC PGCP AI\Project Idea\Pose Suggestor\Unsplash1.2K\unsplash_pose_midNoBVzZdU.jpg,ok
unsplash_pose_15S-CoAxdMA.jpg,75.34,good,D:\CDAC PGCP AI\Project Idea\Pose Suggestor\Unsplash1.2K\unsplash_pose_15S-CoAxdMA.jpg,ok
unsplash_pose_K9yz7Xzmi08.jpg,75.34,good,D:\CDAC PGCP AI\Project Idea\Pose Suggestor\Unsplash1.2K\unsplash_pose_K9yz7Xzmi08.jpg,ok
unsplash_pose_cLAfoDI9EKw.jpg,75.33,good,D:\CDAC PGCP AI\Project Idea\Pose Suggestor\Unsplash1.2K\unsplash_pose_cLAfoDI9EKw.jpg,ok
unsplash_pose_SaRIGOQxyiI.jpg,75.33,good,D:\CDAC PGCP AI\Project Idea\Pose Suggestor\Unsplash1.2K\unsplash_pose_SaRIGOQxyiI.jpg,ok
unsplash_pose_bowr4BxFwiM.jpg,75.29,good,D:\CDAC PGCP AI\Project Idea\Pose Suggestor\Unsplash1.2K\unsplash_pose_bowr4BxFwiM.jpg,ok
unsplash_pose_VpJ9w1WsLBQ.jpg,75.29,good,D:\CDAC PGCP AI\Project Idea\Pose Suggestor\Unsplash1.2K\unsplash_pose_VpJ9w1WsLBQ.jpg,ok
unsplash_pose_PcTh8weUqJ8.jpg,75.29,good,D:\CDAC PGCP AI\Project Idea\Pose Suggestor\Unsplash1.2K\unsplash_pose_PcTh8weUqJ8.jpg,ok
unsplash_pose_-XDNySVPuh4.jpg,75.28,good,D:\CDAC PGCP AI\Project Idea\Pose Suggestor\Unsplash1.2K\unsplash_pose_-XDNySVPuh4.jpg,ok
unsplash_pose_U4cPrYNtvXk.jpg,75.27,good,D:\CDAC PGCP AI\Project Idea\Pose Suggestor\Unsplash1.2K\unsplash_pose_U4cPrYNtvXk.jpg,ok
unsplash_pose_bCudC72v2Ig.jpg,75.26,good,D:\CDAC PGCP AI\Project Idea\Pose Suggestor\Unsplash1.2K\unsplash_pose_bCudC72v2Ig.jpg,ok
unsplash_pose_PLn0y_OMmgk.jpg,75.25,good,D:\CDAC PGCP AI\Project Idea\Pose Suggestor\Unsplash1.2K\unsplash_pose_PLn0y_OMmgk.jpg,ok
unsplash_pose_p0GM8kURLgo.jpg,75.24,good,D:\CDAC PGCP AI\Project Idea\Pose Suggestor\Unsplash1.2K\unsplash_pose_p0GM8kURLgo.jpg,ok
unsplash_pose_IF8UnTIUcPA.jpg,75.24,good,D:\CDAC PGCP AI\Project Idea\Pose Suggestor\Unsplash1.2K\unsplash_pose_IF8UnTIUcPA.jpg,ok
unsplash_pose_Zwb2EAhVKc4.jpg,75.21,good,D:\CDAC PGCP AI\Project Idea\Pose Suggestor\Unsplash1.2K\unsplash_pose_Zwb2EAhVKc4.jpg,ok
unsplash_pose_iC_fvSvHry0.jpg,75.21,good,D:\CDAC PGCP AI\Project Idea\Pose Suggestor\Unsplash1.2K\unsplash_pose_iC_fvSvHry0.jpg,ok
unsplash_pose_aXbcxhYBF-Y.jpg,75.2,good,D:\CDAC PGCP AI\Project Idea\Pose Suggestor\Unsplash1.2K\unsplash_pose_aXbcxhYBF-Y.jpg,ok
unsplash_pose_2wN2ooOfRXw.jpg,75.19,good,D:\CDAC PGCP AI\Project Idea\Pose Suggestor\Unsplash1.2K\unsplash_pose_2wN2ooOfRXw.jpg,ok
unsplash_pose_qAvr-qBFJFQ.jpg,75.15,good,D:\CDAC PGCP AI\Project Idea\Pose Suggestor\Unsplash1.2K\unsplash_pose_qAvr-qBFJFQ.jpg,ok
unsplash_pose_PF5WRofoFrQ.jpg,75.1,good,D:\CDAC PGCP AI\Project Idea\Pose Suggestor\Unsplash1.2K\unsplash_pose_PF5WRofoFrQ.jpg,ok
unsplash_pose_2pj3R9GZQpI.jpg,75.1,good,D:\CDAC PGCP AI\Project Idea\Pose Suggestor\Unsplash1.2K\unsplash_pose_2pj3R9GZQpI.jpg,ok
unsplash_pose_8UW6fZ27VcA.jpg,75.1,good,D:\CDAC PGCP AI\Project Idea\Pose Suggestor\Unsplash1.2K\unsplash_pose_8UW6fZ27VcA.jpg,ok
unsplash_pose_CNmAYp-bBvc.jpg,75.09,good,D:\CDAC PGCP AI\Project Idea\Pose Suggestor\Unsplash1.2K\unsplash_pose_CNmAYp-bBvc.jpg,ok
unsplash_pose_OEN2mZo7JAA.jpg,75.08,good,D:\CDAC PGCP AI\Project Idea\Pose Suggestor\Unsplash1.2K\unsplash_pose_OEN2mZo7JAA.jpg,ok
unsplash_pose_A98K3weWKoI.jpg,75.08,good,D:\CDAC PGCP AI\Project Idea\Pose Suggestor\Unsplash1.2K\unsplash_pose_A98K3weWKoI.jpg,ok
unsplash_pose_4HNHDhvug4c.jpg,75.07,good,D:\CDAC PGCP AI\Project Idea\Pose Suggestor\Unsplash1.2K\unsplash_pose_4HNHDhvug4c.jpg,ok
unsplash_pose_gRDQGngBZuw.jpg,75.06,good,D:\CDAC PGCP AI\Project Idea\Pose Suggestor\Unsplash1.2K\unsplash_pose_gRDQGngBZuw.jpg,ok
unsplash_pose_Nqt5vixI8_0.jpg,75.06,good,D:\CDAC PGCP AI\Project Idea\Pose Suggestor\Unsplash1.2K\unsplash_pose_Nqt5vixI8_0.jpg,ok
unsplash_pose_RWsL-GjAAbs.jpg,75.05,good,D:\CDAC PGCP AI\Project Idea\Pose Suggestor\Unsplash1.2K\unsplash_pose_RWsL-GjAAbs.jpg,ok
unsplash_pose_fSDO9NYXbzI.jpg,75.03,good,D:\CDAC PGCP AI\Project Idea\Pose Suggestor\Unsplash1.2K\unsplash_pose_fSDO9NYXbzI.jpg,ok
unsplash_pose_uioN71Xj-c4.jpg,75.02,good,D:\CDAC PGCP AI\Project Idea\Pose Suggestor\Unsplash1.2K\unsplash_pose_uioN71Xj-c4.jpg,ok
unsplash_pose_Q4t1YTTtCew.jpg,75.02,good,D:\CDAC PGCP AI\Project Idea\Pose Suggestor\Unsplash1.2K\unsplash_pose_Q4t1YTTtCew.jpg,ok
unsplash_pose__WulI-A6hO0.jpg,75.01,good,D:\CDAC PGCP AI\Project Idea\Pose Suggestor\Unsplash1.2K\unsplash_pose__WulI-A6hO0.jpg,ok
unsplash_pose_FV-ibJ1BItU.jpg,74.99,good,D:\CDAC PGCP AI\Project Idea\Pose Suggestor\Unsplash1.2K\unsplash_pose_FV-ibJ1BItU.jpg,ok
unsplash_pose_i8LQKvYIcmo.jpg,74.99,good,D:\CDAC PGCP AI\Project Idea\Pose Suggestor\Unsplash1.2K\unsplash_pose_i8LQKvYIcmo.jpg,ok
unsplash_pose_rMOWYEgNc3w.jpg,74.96,good,D:\CDAC PGCP AI\Project Idea\Pose Suggestor\Unsplash1.2K\unsplash_pose_rMOWYEgNc3w.jpg,ok
unsplash_pose_zlKpTf3kHCg.jpg,74.96,good,D:\CDAC PGCP AI\Project Idea\Pose Suggestor\Unsplash1.2K\unsplash_pose_zlKpTf3kHCg.jpg,ok
unsplash_pose_Cg5UFyw22EE.jpg,74.93,good,D:\CDAC PGCP AI\Project Idea\Pose Suggestor\Unsplash1.2K\unsplash_pose_Cg5UFyw22EE.jpg,ok
unsplash_pose_SDdavpWKbTY.jpg,74.92,good,D:\CDAC PGCP AI\Project Idea\Pose Suggestor\Unsplash1.2K\unsplash_pose_SDdavpWKbTY.jpg,ok
unsplash_pose_Nb_FUwr9C2I.jpg,74.91,good,D:\CDAC PGCP AI\Project Idea\Pose Suggestor\Unsplash1.2K\unsplash_pose_Nb_FUwr9C2I.jpg,ok
unsplash_pose_F0z2ytgheCY.jpg,74.9,good,D:\CDAC PGCP AI\Project Idea\Pose Suggestor\Unsplash1.2K\unsplash_pose_F0z2ytgheCY.jpg,ok
unsplash_pose_oS6hd8SPBd0.jpg,74.84,good,D:\CDAC PGCP AI\Project Idea\Pose Suggestor\Unsplash1.2K\unsplash_pose_oS6hd8SPBd0.jpg,ok
unsplash_pose_SjPDynsoFi0.jpg,74.84,good,D:\CDAC PGCP AI\Project Idea\Pose Suggestor\Unsplash1.2K\unsplash_pose_SjPDynsoFi0.jpg,ok
unsplash_pose_GJb6crVZlcE.jpg,74.78,good,D:\CDAC PGCP AI\Project Idea\Pose Suggestor\Unsplash1.2K\unsplash_pose_GJb6crVZlcE.jpg,ok
unsplash_pose_iZNDcwUHs24.jpg,74.76,good,D:\CDAC PGCP AI\Project Idea\Pose Suggestor\Unsplash1.2K\unsplash_pose_iZNDcwUHs24.jpg,ok
unsplash_pose_eau9_eLaxXM.jpg,74.75,good,D:\CDAC PGCP AI\Project Idea\Pose Suggestor\Unsplash1.2K\unsplash_pose_eau9_eLaxXM.jpg,ok
unsplash_pose_KcIfpwoy-84.jpg,74.75,good,D:\CDAC PGCP AI\Project Idea\Pose Suggestor\Unsplash1.2K\unsplash_pose_KcIfpwoy-84.jpg,ok
unsplash_pose_1WkSt6YPC0Y.jpg,74.73,good,D:\CDAC PGCP AI\Project Idea\Pose Suggestor\Unsplash1.2K\unsplash_pose_1WkSt6YPC0Y.jpg,ok
unsplash_pose_Jqhn2OCGj-g.jpg,74.69,good,D:\CDAC PGCP AI\Project Idea\Pose Suggestor\Unsplash1.2K\unsplash_pose_Jqhn2OCGj-g.jpg,ok
unsplash_pose_jDnOfwHO3eg.jpg,74.69,good,D:\CDAC PGCP AI\Project Idea\Pose Suggestor\Unsplash1.2K\unsplash_pose_jDnOfwHO3eg.jpg,ok
unsplash_pose_KNK17qOk8BM.jpg,74.67,good,D:\CDAC PGCP AI\Project Idea\Pose Suggestor\Unsplash1.2K\unsplash_pose_KNK17qOk8BM.jpg,ok
unsplash_pose_HzfSKS1YxZ8.jpg,74.65,good,D:\CDAC PGCP AI\Project Idea\Pose Suggestor\Unsplash1.2K\unsplash_pose_HzfSKS1YxZ8.jpg,ok
unsplash_pose_Y0TdXOx2sAw.jpg,74.65,good,D:\CDAC PGCP AI\Project Idea\Pose Suggestor\Unsplash1.2K\unsplash_pose_Y0TdXOx2sAw.jpg,ok
unsplash_pose_dH-IRoh1cAs.jpg,74.64,good,D:\CDAC PGCP AI\Project Idea\Pose Suggestor\Unsplash1.2K\unsplash_pose_dH-IRoh1cAs.jpg,ok
unsplash_pose_EQiIi9wdIQo.jpg,74.63,good,D:\CDAC PGCP AI\Project Idea\Pose Suggestor\Unsplash1.2K\unsplash_pose_EQiIi9wdIQo.jpg,ok
unsplash_pose_BohvY5Apv3Y.jpg,74.63,good,D:\CDAC PGCP AI\Project Idea\Pose Suggestor\Unsplash1.2K\unsplash_pose_BohvY5Apv3Y.jpg,ok
unsplash_pose_5BjLjh_2FQc.jpg,74.61,good,D:\CDAC PGCP AI\Project Idea\Pose Suggestor\Unsplash1.2K\unsplash_pose_5BjLjh_2FQc.jpg,ok
unsplash_pose_aD-qdObBsWE.jpg,74.61,good,D:\CDAC PGCP AI\Project Idea\Pose Suggestor\Unsplash1.2K\unsplash_pose_aD-qdObBsWE.jpg,ok
unsplash_pose_17fjH15e76I.jpg,74.59,good,D:\CDAC PGCP AI\Project Idea\Pose Suggestor\Unsplash1.2K\unsplash_pose_17fjH15e76I.jpg,ok
unsplash_pose_32S-El9G_ow.jpg,74.58,good,D:\CDAC PGCP AI\Project Idea\Pose Suggestor\Unsplash1.2K\unsplash_pose_32S-El9G_ow.jpg,ok
unsplash_pose_EO5-HQxVeL8.jpg,74.56,good,D:\CDAC PGCP AI\Project Idea\Pose Suggestor\Unsplash1.2K\unsplash_pose_EO5-HQxVeL8.jpg,ok
unsplash_pose_mPGZTqK_ELg.jpg,74.55,good,D:\CDAC PGCP AI\Project Idea\Pose Suggestor\Unsplash1.2K\unsplash_pose_mPGZTqK_ELg.jpg,ok
unsplash_pose_drmyfdaD1_c.jpg,74.54,good,D:\CDAC PGCP AI\Project Idea\Pose Suggestor\Unsplash1.2K\unsplash_pose_drmyfdaD1_c.jpg,ok
unsplash_pose_1eOSIqt3GOY.jpg,74.51,good,D:\CDAC PGCP AI\Project Idea\Pose Suggestor\Unsplash1.2K\unsplash_pose_1eOSIqt3GOY.jpg,ok
unsplash_pose_T_D-wRx_cIw.jpg,74.47,good,D:\CDAC PGCP AI\Project Idea\Pose Suggestor\Unsplash1.2K\unsplash_pose_T_D-wRx_cIw.jpg,ok
unsplash_pose_VpUyO2x-jR0.jpg,74.47,good,D:\CDAC PGCP AI\Project Idea\Pose Suggestor\Unsplash1.2K\unsplash_pose_VpUyO2x-jR0.jpg,ok
unsplash_pose_2H3p5JqK46g.jpg,74.46,good,D:\CDAC PGCP AI\Project Idea\Pose Suggestor\Unsplash1.2K\unsplash_pose_2H3p5JqK46g.jpg,ok
unsplash_pose_iLgwZYGySsU.jpg,74.46,good,D:\CDAC PGCP AI\Project Idea\Pose Suggestor\Unsplash1.2K\unsplash_pose_iLgwZYGySsU.jpg,ok
unsplash_pose_JnfaXDIXBmc.jpg,74.45,good,D:\CDAC PGCP AI\Project Idea\Pose Suggestor\Unsplash1.2K\unsplash_pose_JnfaXDIXBmc.jpg,ok
unsplash_pose_UH2R6RCHsqg.jpg,74.45,good,D:\CDAC PGCP AI\Project Idea\Pose Suggestor\Unsplash1.2K\unsplash_pose_UH2R6RCHsqg.jpg,ok
unsplash_pose_kUUoN5ngHIM.jpg,74.42,good,D:\CDAC PGCP AI\Project Idea\Pose Suggestor\Unsplash1.2K\unsplash_pose_kUUoN5ngHIM.jpg,ok
unsplash_pose_btZLHaGbxhE.jpg,74.38,good,D:\CDAC PGCP AI\Project Idea\Pose Suggestor\Unsplash1.2K\unsplash_pose_btZLHaGbxhE.jpg,ok
unsplash_pose_Yz_i1X9ItaY.jpg,74.36,good,D:\CDAC PGCP AI\Project Idea\Pose Suggestor\Unsplash1.2K\unsplash_pose_Yz_i1X9ItaY.jpg,ok
unsplash_pose_2e5489NaePY.jpg,74.35,good,D:\CDAC PGCP AI\Project Idea\Pose Suggestor\Unsplash1.2K\unsplash_pose_2e5489NaePY.jpg,ok
unsplash_pose_-egxLPiE_Ns.jpg,74.34,good,D:\CDAC PGCP AI\Project Idea\Pose Suggestor\Unsplash1.2K\unsplash_pose_-egxLPiE_Ns.jpg,ok
unsplash_pose_XbEPjyhUS8w.jpg,74.32,good,D:\CDAC PGCP AI\Project Idea\Pose Suggestor\Unsplash1.2K\unsplash_pose_XbEPjyhUS8w.jpg,ok
unsplash_pose_jmX-Bn2vr24.jpg,74.32,good,D:\CDAC PGCP AI\Project Idea\Pose Suggestor\Unsplash1.2K\unsplash_pose_jmX-Bn2vr24.jpg,ok
unsplash_pose_Y92OI5D-cvM.jpg,74.29,good,D:\CDAC PGCP AI\Project Idea\Pose Suggestor\Unsplash1.2K\unsplash_pose_Y92OI5D-cvM.jpg,ok
unsplash_pose_s15qiB36NRo.jpg,74.24,good,D:\CDAC PGCP AI\Project Idea\Pose Suggestor\Unsplash1.2K\unsplash_pose_s15qiB36NRo.jpg,ok
unsplash_pose_vgqTH5STxzc.jpg,74.22,good,D:\CDAC PGCP AI\Project Idea\Pose Suggestor\Unsplash1.2K\unsplash_pose_vgqTH5STxzc.jpg,ok
unsplash_pose_HsM3EfTIv48.jpg,74.22,good,D:\CDAC PGCP AI\Project Idea\Pose Suggestor\Unsplash1.2K\unsplash_pose_HsM3EfTIv48.jpg,ok
unsplash_pose_6eqpz1b9ZiE.jpg,74.22,good,D:\CDAC PGCP AI\Project Idea\Pose Suggestor\Unsplash1.2K\unsplash_pose_6eqpz1b9ZiE.jpg,ok
unsplash_pose_noAmyWFbNnc.jpg,74.22,good,D:\CDAC PGCP AI\Project Idea\Pose Suggestor\Unsplash1.2K\unsplash_pose_noAmyWFbNnc.jpg,ok
unsplash_pose_amNMmZISS6Q.jpg,74.2,good,D:\CDAC PGCP AI\Project Idea\Pose Suggestor\Unsplash1.2K\unsplash_pose_amNMmZISS6Q.jpg,ok
unsplash_pose_1IB4yn96r5g.jpg,74.15,good,D:\CDAC PGCP AI\Project Idea\Pose Suggestor\Unsplash1.2K\unsplash_pose_1IB4yn96r5g.jpg,ok
unsplash_pose_VCrlw14bA3o.jpg,74.11,good,D:\CDAC PGCP AI\Project Idea\Pose Suggestor\Unsplash1.2K\unsplash_pose_VCrlw14bA3o.jpg,ok
unsplash_pose_KOyHBlqKUL0.jpg,74.09,good,D:\CDAC PGCP AI\Project Idea\Pose Suggestor\Unsplash1.2K\unsplash_pose_KOyHBlqKUL0.jpg,ok
unsplash_pose_XA6Etm9KtF8.jpg,74.08,good,D:\CDAC PGCP AI\Project Idea\Pose Suggestor\Unsplash1.2K\unsplash_pose_XA6Etm9KtF8.jpg,ok
unsplash_pose_hxQRPTOIAJs.jpg,74.07,good,D:\CDAC PGCP AI\Project Idea\Pose Suggestor\Unsplash1.2K\unsplash_pose_hxQRPTOIAJs.jpg,ok
unsplash_pose_a3XaNHg1RbM.jpg,74.06,good,D:\CDAC PGCP AI\Project Idea\Pose Suggestor\Unsplash1.2K\unsplash_pose_a3XaNHg1RbM.jpg,ok
unsplash_pose_UF4rgG23lM0.jpg,74.05,good,D:\CDAC PGCP AI\Project Idea\Pose Suggestor\Unsplash1.2K\unsplash_pose_UF4rgG23lM0.jpg,ok
unsplash_pose_vEnfd_lRChM.jpg,74.05,good,D:\CDAC PGCP AI\Project Idea\Pose Suggestor\Unsplash1.2K\unsplash_pose_vEnfd_lRChM.jpg,ok
unsplash_pose_1_19E6-l9ng.jpg,74.04,good,D:\CDAC PGCP AI\Project Idea\Pose Suggestor\Unsplash1.2K\unsplash_pose_1_19E6-l9ng.jpg,ok
unsplash_pose_IB75p73dVRo.jpg,74.03,good,D:\CDAC PGCP AI\Project Idea\Pose Suggestor\Unsplash1.2K\unsplash_pose_IB75p73dVRo.jpg,ok
unsplash_pose_WJrZKYR8Qv8.jpg,74.02,good,D:\CDAC PGCP AI\Project Idea\Pose Suggestor\Unsplash1.2K\unsplash_pose_WJrZKYR8Qv8.jpg,ok
unsplash_pose_JhBnckkM3KY.jpg,74.02,good,D:\CDAC PGCP AI\Project Idea\Pose Suggestor\Unsplash1.2K\unsplash_pose_JhBnckkM3KY.jpg,ok
unsplash_pose_q9DBfcagozU.jpg,74.02,good,D:\CDAC PGCP AI\Project Idea\Pose Suggestor\Unsplash1.2K\unsplash_pose_q9DBfcagozU.jpg,ok
unsplash_pose_jCLM8SE2aL8.jpg,73.99,good,D:\CDAC PGCP AI\Project Idea\Pose Suggestor\Unsplash1.2K\unsplash_pose_jCLM8SE2aL8.jpg,ok
unsplash_pose_k749qF2fe8k.jpg,73.98,good,D:\CDAC PGCP AI\Project Idea\Pose Suggestor\Unsplash1.2K\unsplash_pose_k749qF2fe8k.jpg,ok
unsplash_pose_Q6I762j66PI.jpg,73.98,good,D:\CDAC PGCP AI\Project Idea\Pose Suggestor\Unsplash1.2K\unsplash_pose_Q6I762j66PI.jpg,ok
unsplash_pose_N70f4ebpm0c.jpg,73.91,good,D:\CDAC PGCP AI\Project Idea\Pose Suggestor\Unsplash1.2K\unsplash_pose_N70f4ebpm0c.jpg,ok
unsplash_pose_05_eR8feuAo.jpg,73.86,good,D:\CDAC PGCP AI\Project Idea\Pose Suggestor\Unsplash1.2K\unsplash_pose_05_eR8feuAo.jpg,ok
unsplash_pose_W9LMRQAkGuI.jpg,73.86,good,D:\CDAC PGCP AI\Project Idea\Pose Suggestor\Unsplash1.2K\unsplash_pose_W9LMRQAkGuI.jpg,ok
unsplash_pose_UquTB_Opzqg.jpg,73.86,good,D:\CDAC PGCP AI\Project Idea\Pose Suggestor\Unsplash1.2K\unsplash_pose_UquTB_Opzqg.jpg,ok
unsplash_pose_OaBNYMyzOcI.jpg,73.84,good,D:\CDAC PGCP AI\Project Idea\Pose Suggestor\Unsplash1.2K\unsplash_pose_OaBNYMyzOcI.jpg,ok
unsplash_pose_c5l3UCj_pAY.jpg,73.84,good,D:\CDAC PGCP AI\Project Idea\Pose Suggestor\Unsplash1.2K\unsplash_pose_c5l3UCj_pAY.jpg,ok
unsplash_pose_GsBSWTCP9UM.jpg,73.83,good,D:\CDAC PGCP AI\Project Idea\Pose Suggestor\Unsplash1.2K\unsplash_pose_GsBSWTCP9UM.jpg,ok
unsplash_pose_NoFaORI922s.jpg,73.79,good,D:\CDAC PGCP AI\Project Idea\Pose Suggestor\Unsplash1.2K\unsplash_pose_NoFaORI922s.jpg,ok
unsplash_pose_2VpJsf46s60.jpg,73.76,good,D:\CDAC PGCP AI\Project Idea\Pose Suggestor\Unsplash1.2K\unsplash_pose_2VpJsf46s60.jpg,ok
unsplash_pose_laf4AW8d7fU.jpg,73.73,good,D:\CDAC PGCP AI\Project Idea\Pose Suggestor\Unsplash1.2K\unsplash_pose_laf4AW8d7fU.jpg,ok
unsplash_pose_RGFdWFg1eds.jpg,73.68,good,D:\CDAC PGCP AI\Project Idea\Pose Suggestor\Unsplash1.2K\unsplash_pose_RGFdWFg1eds.jpg,ok
unsplash_pose_rCJ0ssVlv1k.jpg,73.67,good,D:\CDAC PGCP AI\Project Idea\Pose Suggestor\Unsplash1.2K\unsplash_pose_rCJ0ssVlv1k.jpg,ok
unsplash_pose_9dQIO9w9X5s.jpg,73.65,good,D:\CDAC PGCP AI\Project Idea\Pose Suggestor\Unsplash1.2K\unsplash_pose_9dQIO9w9X5s.jpg,ok
unsplash_pose_mC48qXAUSYc.jpg,73.64,good,D:\CDAC PGCP AI\Project Idea\Pose Suggestor\Unsplash1.2K\unsplash_pose_mC48qXAUSYc.jpg,ok
unsplash_pose_IG3oGiFr9ts.jpg,73.63,good,D:\CDAC PGCP AI\Project Idea\Pose Suggestor\Unsplash1.2K\unsplash_pose_IG3oGiFr9ts.jpg,ok
unsplash_pose_FQmgsgF3djU.jpg,73.62,good,D:\CDAC PGCP AI\Project Idea\Pose Suggestor\Unsplash1.2K\unsplash_pose_FQmgsgF3djU.jpg,ok
unsplash_pose_rWqGHX8uEF8.jpg,73.62,good,D:\CDAC PGCP AI\Project Idea\Pose Suggestor\Unsplash1.2K\unsplash_pose_rWqGHX8uEF8.jpg,ok
unsplash_pose_3tb4nAinmus.jpg,73.6,good,D:\CDAC PGCP AI\Project Idea\Pose Suggestor\Unsplash1.2K\unsplash_pose_3tb4nAinmus.jpg,ok
unsplash_pose_W5leggnfFoU.jpg,73.59,good,D:\CDAC PGCP AI\Project Idea\Pose Suggestor\Unsplash1.2K\unsplash_pose_W5leggnfFoU.jpg,ok
unsplash_pose_jGTCstA3Bpc.jpg,73.55,good,D:\CDAC PGCP AI\Project Idea\Pose Suggestor\Unsplash1.2K\unsplash_pose_jGTCstA3Bpc.jpg,ok
unsplash_pose_ghRj422_MeA.jpg,73.55,good,D:\CDAC PGCP AI\Project Idea\Pose Suggestor\Unsplash1.2K\unsplash_pose_ghRj422_MeA.jpg,ok
unsplash_pose_p-f7vhgatIk.jpg,73.53,good,D:\CDAC PGCP AI\Project Idea\Pose Suggestor\Unsplash1.2K\unsplash_pose_p-f7vhgatIk.jpg,ok
unsplash_pose_s9Pg2WqGfHk.jpg,73.53,good,D:\CDAC PGCP AI\Project Idea\Pose Suggestor\Unsplash1.2K\unsplash_pose_s9Pg2WqGfHk.jpg,ok
unsplash_pose_AeSXYv8mQg0.jpg,73.48,good,D:\CDAC PGCP AI\Project Idea\Pose Suggestor\Unsplash1.2K\unsplash_pose_AeSXYv8mQg0.jpg,ok
unsplash_pose_OnRowBJ6T0M.jpg,73.47,good,D:\CDAC PGCP AI\Project Idea\Pose Suggestor\Unsplash1.2K\unsplash_pose_OnRowBJ6T0M.jpg,ok
unsplash_pose_OwhEbrsxTJw.jpg,73.44,good,D:\CDAC PGCP AI\Project Idea\Pose Suggestor\Unsplash1.2K\unsplash_pose_OwhEbrsxTJw.jpg,ok
unsplash_pose_G9bI0y1AUn0.jpg,73.42,good,D:\CDAC PGCP AI\Project Idea\Pose Suggestor\Unsplash1.2K\unsplash_pose_G9bI0y1AUn0.jpg,ok
unsplash_pose_pWcwsv1gshE.jpg,73.38,good,D:\CDAC PGCP AI\Project Idea\Pose Suggestor\Unsplash1.2K\unsplash_pose_pWcwsv1gshE.jpg,ok
unsplash_pose_aHZw2iPu-gI.jpg,73.36,good,D:\CDAC PGCP AI\Project Idea\Pose Suggestor\Unsplash1.2K\unsplash_pose_aHZw2iPu-gI.jpg,ok
unsplash_pose_O_uqVZSdFq8.jpg,73.33,good,D:\CDAC PGCP AI\Project Idea\Pose Suggestor\Unsplash1.2K\unsplash_pose_O_uqVZSdFq8.jpg,ok
unsplash_pose_VyKR684Roqo.jpg,73.32,good,D:\CDAC PGCP AI\Project Idea\Pose Suggestor\Unsplash1.2K\unsplash_pose_VyKR684Roqo.jpg,ok
unsplash_pose_gYbZvZ92x3I.jpg,73.3,good,D:\CDAC PGCP AI\Project Idea\Pose Suggestor\Unsplash1.2K\unsplash_pose_gYbZvZ92x3I.jpg,ok
unsplash_pose_KDEPI0l4vHA.jpg,73.29,good,D:\CDAC PGCP AI\Project Idea\Pose Suggestor\Unsplash1.2K\unsplash_pose_KDEPI0l4vHA.jpg,ok
unsplash_pose_lIiOG6wM2p0.jpg,73.26,good,D:\CDAC PGCP AI\Project Idea\Pose Suggestor\Unsplash1.2K\unsplash_pose_lIiOG6wM2p0.jpg,ok
unsplash_pose_6qFpRHG4B9g.jpg,73.26,good,D:\CDAC PGCP AI\Project Idea\Pose Suggestor\Unsplash1.2K\unsplash_pose_6qFpRHG4B9g.jpg,ok
unsplash_pose_T2s1F39E-w4.jpg,73.25,good,D:\CDAC PGCP AI\Project Idea\Pose Suggestor\Unsplash1.2K\unsplash_pose_T2s1F39E-w4.jpg,ok
unsplash_pose_IgU-TiiC1Ao.jpg,73.22,good,D:\CDAC PGCP AI\Project Idea\Pose Suggestor\Unsplash1.2K\unsplash_pose_IgU-TiiC1Ao.jpg,ok
unsplash_pose_UIjwbYTJsTs.jpg,73.21,good,D:\CDAC PGCP AI\Project Idea\Pose Suggestor\Unsplash1.2K\unsplash_pose_UIjwbYTJsTs.jpg,ok
unsplash_pose_zsQUsCrf7V8.jpg,73.21,good,D:\CDAC PGCP AI\Project Idea\Pose Suggestor\Unsplash1.2K\unsplash_pose_zsQUsCrf7V8.jpg,ok
unsplash_pose_x2DCIMwBlOE.jpg,73.19,good,D:\CDAC PGCP AI\Project Idea\Pose Suggestor\Unsplash1.2K\unsplash_pose_x2DCIMwBlOE.jpg,ok
unsplash_pose_73qsGSEFikg.jpg,73.17,good,D:\CDAC PGCP AI\Project Idea\Pose Suggestor\Unsplash1.2K\unsplash_pose_73qsGSEFikg.jpg,ok
unsplash_pose_8Ht_ZpQSu3w.jpg,73.15,good,D:\CDAC PGCP AI\Project Idea\Pose Suggestor\Unsplash1.2K\unsplash_pose_8Ht_ZpQSu3w.jpg,ok
unsplash_pose_ncTJEg8Fc10.jpg,73.14,good,D:\CDAC PGCP AI\Project Idea\Pose Suggestor\Unsplash1.2K\unsplash_pose_ncTJEg8Fc10.jpg,ok
unsplash_pose_hfRNp9DzNw4.jpg,73.11,good,D:\CDAC PGCP AI\Project Idea\Pose Suggestor\Unsplash1.2K\unsplash_pose_hfRNp9DzNw4.jpg,ok
unsplash_pose_S0sV3wOzOYM.jpg,73.11,good,D:\CDAC PGCP AI\Project Idea\Pose Suggestor\Unsplash1.2K\unsplash_pose_S0sV3wOzOYM.jpg,ok
unsplash_pose_vpJfeudFjnI.jpg,73.1,good,D:\CDAC PGCP AI\Project Idea\Pose Suggestor\Unsplash1.2K\unsplash_pose_vpJfeudFjnI.jpg,ok
unsplash_pose_OBAz7StoYTw.jpg,73.08,good,D:\CDAC PGCP AI\Project Idea\Pose Suggestor\Unsplash1.2K\unsplash_pose_OBAz7StoYTw.jpg,ok
unsplash_pose_UYw-S5v49K0.jpg,73.07,good,D:\CDAC PGCP AI\Project Idea\Pose Suggestor\Unsplash1.2K\unsplash_pose_UYw-S5v49K0.jpg,ok
unsplash_pose__xaOdNRTiVg.jpg,73.06,good,D:\CDAC PGCP AI\Project Idea\Pose Suggestor\Unsplash1.2K\unsplash_pose__xaOdNRTiVg.jpg,ok
unsplash_pose_HicmVPK9hmg.jpg,73.04,good,D:\CDAC PGCP AI\Project Idea\Pose Suggestor\Unsplash1.2K\unsplash_pose_HicmVPK9hmg.jpg,ok
unsplash_pose_qax1Xvi8ayo.jpg,72.96,good,D:\CDAC PGCP AI\Project Idea\Pose Suggestor\Unsplash1.2K\unsplash_pose_qax1Xvi8ayo.jpg,ok
unsplash_pose_Ff5XaTrKDO4.jpg,72.95,good,D:\CDAC PGCP AI\Project Idea\Pose Suggestor\Unsplash1.2K\unsplash_pose_Ff5XaTrKDO4.jpg,ok
unsplash_pose_axL7CZYjWfw.jpg,72.94,good,D:\CDAC PGCP AI\Project Idea\Pose Suggestor\Unsplash1.2K\unsplash_pose_axL7CZYjWfw.jpg,ok
unsplash_pose_DQuRFzEyxFY.jpg,72.94,good,D:\CDAC PGCP AI\Project Idea\Pose Suggestor\Unsplash1.2K\unsplash_pose_DQuRFzEyxFY.jpg,ok
unsplash_pose_FaHWwCzyCL4.jpg,72.91,good,D:\CDAC PGCP AI\Project Idea\Pose Suggestor\Unsplash1.2K\unsplash_pose_FaHWwCzyCL4.jpg,ok
unsplash_pose_8YqmHFleFwQ.jpg,72.9,good,D:\CDAC PGCP AI\Project Idea\Pose Suggestor\Unsplash1.2K\unsplash_pose_8YqmHFleFwQ.jpg,ok
unsplash_pose_Ot0i0TlIpCs.jpg,72.89,good,D:\CDAC PGCP AI\Project Idea\Pose Suggestor\Unsplash1.2K\unsplash_pose_Ot0i0TlIpCs.jpg,ok
unsplash_pose_rShFFZy93Ig.jpg,72.88,good,D:\CDAC PGCP AI\Project Idea\Pose Suggestor\Unsplash1.2K\unsplash_pose_rShFFZy93Ig.jpg,ok
unsplash_pose_dwonmYWzEKQ.jpg,72.84,good,D:\CDAC PGCP AI\Project Idea\Pose Suggestor\Unsplash1.2K\unsplash_pose_dwonmYWzEKQ.jpg,ok
unsplash_pose_26OJnTgP6lE.jpg,72.82,good,D:\CDAC PGCP AI\Project Idea\Pose Suggestor\Unsplash1.2K\unsplash_pose_26OJnTgP6lE.jpg,ok
unsplash_pose_DAjePek1rTA.jpg,72.82,good,D:\CDAC PGCP AI\Project Idea\Pose Suggestor\Unsplash1.2K\unsplash_pose_DAjePek1rTA.jpg,ok
unsplash_pose_lNGfsJhm_-M.jpg,72.82,good,D:\CDAC PGCP AI\Project Idea\Pose Suggestor\Unsplash1.2K\unsplash_pose_lNGfsJhm_-M.jpg,ok
unsplash_pose_jrF8GekXqSk.jpg,72.82,good,D:\CDAC PGCP AI\Project Idea\Pose Suggestor\Unsplash1.2K\unsplash_pose_jrF8GekXqSk.jpg,ok
unsplash_pose_Pv43jmyP92U.jpg,72.81,good,D:\CDAC PGCP AI\Project Idea\Pose Suggestor\Unsplash1.2K\unsplash_pose_Pv43jmyP92U.jpg,ok
unsplash_pose_1lacaFe1gz8.jpg,72.8,good,D:\CDAC PGCP AI\Project Idea\Pose Suggestor\Unsplash1.2K\unsplash_pose_1lacaFe1gz8.jpg,ok
unsplash_pose_JQ8JrRnaZOI.jpg,72.8,good,D:\CDAC PGCP AI\Project Idea\Pose Suggestor\Unsplash1.2K\unsplash_pose_JQ8JrRnaZOI.jpg,ok
unsplash_pose_SU_E0wkeOf4.jpg,72.79,good,D:\CDAC PGCP AI\Project Idea\Pose Suggestor\Unsplash1.2K\unsplash_pose_SU_E0wkeOf4.jpg,ok
unsplash_pose_kb2vZFF9o58.jpg,72.78,good,D:\CDAC PGCP AI\Project Idea\Pose Suggestor\Unsplash1.2K\unsplash_pose_kb2vZFF9o58.jpg,ok
unsplash_pose_X7f34I_Liac.jpg,72.78,good,D:\CDAC PGCP AI\Project Idea\Pose Suggestor\Unsplash1.2K\unsplash_pose_X7f34I_Liac.jpg,ok
unsplash_pose_7XaK7QDAWk8.jpg,72.76,good,D:\CDAC PGCP AI\Project Idea\Pose Suggestor\Unsplash1.2K\unsplash_pose_7XaK7QDAWk8.jpg,ok
unsplash_pose_P11v-gVbBtM.jpg,72.73,good,D:\CDAC PGCP AI\Project Idea\Pose Suggestor\Unsplash1.2K\unsplash_pose_P11v-gVbBtM.jpg,ok
unsplash_pose_02uhVhzmpEU.jpg,72.73,good,D:\CDAC PGCP AI\Project Idea\Pose Suggestor\Unsplash1.2K\unsplash_pose_02uhVhzmpEU.jpg,ok
unsplash_pose_LgnCzxiX5ew.jpg,72.71,good,D:\CDAC PGCP AI\Project Idea\Pose Suggestor\Unsplash1.2K\unsplash_pose_LgnCzxiX5ew.jpg,ok
unsplash_pose_0uXFkQ9TZHs.jpg,72.68,good,D:\CDAC PGCP AI\Project Idea\Pose Suggestor\Unsplash1.2K\unsplash_pose_0uXFkQ9TZHs.jpg,ok
unsplash_pose_wqyKANHsgjM.jpg,72.65,good,D:\CDAC PGCP AI\Project Idea\Pose Suggestor\Unsplash1.2K\unsplash_pose_wqyKANHsgjM.jpg,ok
unsplash_pose_Hkavt2MAOEc.jpg,72.62,good,D:\CDAC PGCP AI\Project Idea\Pose Suggestor\Unsplash1.2K\unsplash_pose_Hkavt2MAOEc.jpg,ok
unsplash_pose_flBoW2zYyD8.jpg,72.61,good,D:\CDAC PGCP AI\Project Idea\Pose Suggestor\Unsplash1.2K\unsplash_pose_flBoW2zYyD8.jpg,ok
unsplash_pose_xx3LNIgfmuc.jpg,72.59,good,D:\CDAC PGCP AI\Project Idea\Pose Suggestor\Unsplash1.2K\unsplash_pose_xx3LNIgfmuc.jpg,ok
unsplash_pose_IukTiuMbYtk.jpg,72.55,good,D:\CDAC PGCP AI\Project Idea\Pose Suggestor\Unsplash1.2K\unsplash_pose_IukTiuMbYtk.jpg,ok
unsplash_pose_KD24CrLuNxY.jpg,72.54,good,D:\CDAC PGCP AI\Project Idea\Pose Suggestor\Unsplash1.2K\unsplash_pose_KD24CrLuNxY.jpg,ok
unsplash_pose_KzLBDg6qeAI.jpg,72.54,good,D:\CDAC PGCP AI\Project Idea\Pose Suggestor\Unsplash1.2K\unsplash_pose_KzLBDg6qeAI.jpg,ok
unsplash_pose_rDMDjt7xSTI.jpg,72.54,good,D:\CDAC PGCP AI\Project Idea\Pose Suggestor\Unsplash1.2K\unsplash_pose_rDMDjt7xSTI.jpg,ok
unsplash_pose_ycCrMwHqVJo.jpg,72.52,good,D:\CDAC PGCP AI\Project Idea\Pose Suggestor\Unsplash1.2K\unsplash_pose_ycCrMwHqVJo.jpg,ok
unsplash_pose_uA3l6BBzoaA.jpg,72.46,good,D:\CDAC PGCP AI\Project Idea\Pose Suggestor\Unsplash1.2K\unsplash_pose_uA3l6BBzoaA.jpg,ok
unsplash_pose_foiDPgPVPF0.jpg,72.45,good,D:\CDAC PGCP AI\Project Idea\Pose Suggestor\Unsplash1.2K\unsplash_pose_foiDPgPVPF0.jpg,ok
unsplash_pose_tCb5i7I5x-o.jpg,72.45,good,D:\CDAC PGCP AI\Project Idea\Pose Suggestor\Unsplash1.2K\unsplash_pose_tCb5i7I5x-o.jpg,ok
unsplash_pose_9thbK8mLW8w.jpg,72.45,good,D:\CDAC PGCP AI\Project Idea\Pose Suggestor\Unsplash1.2K\unsplash_pose_9thbK8mLW8w.jpg,ok
unsplash_pose_-CJyOFmVbGI.jpg,72.44,good,D:\CDAC PGCP AI\Project Idea\Pose Suggestor\Unsplash1.2K\unsplash_pose_-CJyOFmVbGI.jpg,ok
unsplash_pose_2gZk9HztgLE.jpg,72.43,good,D:\CDAC PGCP AI\Project Idea\Pose Suggestor\Unsplash1.2K\unsplash_pose_2gZk9HztgLE.jpg,ok
unsplash_pose_0BScoftQ6to.jpg,72.4,good,D:\CDAC PGCP AI\Project Idea\Pose Suggestor\Unsplash1.2K\unsplash_pose_0BScoftQ6to.jpg,ok
unsplash_pose_bGEIjOJsJkQ.jpg,72.36,good,D:\CDAC PGCP AI\Project Idea\Pose Suggestor\Unsplash1.2K\unsplash_pose_bGEIjOJsJkQ.jpg,ok
unsplash_pose_p3LS4OSLOJ4.jpg,72.33,good,D:\CDAC PGCP AI\Project Idea\Pose Suggestor\Unsplash1.2K\unsplash_pose_p3LS4OSLOJ4.jpg,ok
unsplash_pose_fT3e1-T1aWg.jpg,72.31,good,D:\CDAC PGCP AI\Project Idea\Pose Suggestor\Unsplash1.2K\unsplash_pose_fT3e1-T1aWg.jpg,ok
unsplash_pose_BMtDpa21qL8.jpg,72.3,good,D:\CDAC PGCP AI\Project Idea\Pose Suggestor\Unsplash1.2K\unsplash_pose_BMtDpa21qL8.jpg,ok
unsplash_pose_I-qVte3Gypg.jpg,72.28,good,D:\CDAC PGCP AI\Project Idea\Pose Suggestor\Unsplash1.2K\unsplash_pose_I-qVte3Gypg.jpg,ok
unsplash_pose_pZDrhP8sxrA.jpg,72.28,good,D:\CDAC PGCP AI\Project Idea\Pose Suggestor\Unsplash1.2K\unsplash_pose_pZDrhP8sxrA.jpg,ok
unsplash_pose_tzkjRPIF8YU.jpg,72.26,good,D:\CDAC PGCP AI\Project Idea\Pose Suggestor\Unsplash1.2K\unsplash_pose_tzkjRPIF8YU.jpg,ok
unsplash_pose_zBbMUwq48tw.jpg,72.25,good,D:\CDAC PGCP AI\Project Idea\Pose Suggestor\Unsplash1.2K\unsplash_pose_zBbMUwq48tw.jpg,ok
unsplash_pose_gD8ArMRjqAQ.jpg,72.24,good,D:\CDAC PGCP AI\Project Idea\Pose Suggestor\Unsplash1.2K\unsplash_pose_gD8ArMRjqAQ.jpg,ok
unsplash_pose_mjZYHzGkLTc.jpg,72.24,good,D:\CDAC PGCP AI\Project Idea\Pose Suggestor\Unsplash1.2K\unsplash_pose_mjZYHzGkLTc.jpg,ok
unsplash_pose_F6T2ZN3sUao.jpg,72.21,good,D:\CDAC PGCP AI\Project Idea\Pose Suggestor\Unsplash1.2K\unsplash_pose_F6T2ZN3sUao.jpg,ok
unsplash_pose_W0RAXDbI2_I.jpg,72.16,good,D:\CDAC PGCP AI\Project Idea\Pose Suggestor\Unsplash1.2K\unsplash_pose_W0RAXDbI2_I.jpg,ok
unsplash_pose_uTGFAfK8H1c.jpg,72.15,good,D:\CDAC PGCP AI\Project Idea\Pose Suggestor\Unsplash1.2K\unsplash_pose_uTGFAfK8H1c.jpg,ok
unsplash_pose_S7LdK32oToc.jpg,72.1,good,D:\CDAC PGCP AI\Project Idea\Pose Suggestor\Unsplash1.2K\unsplash_pose_S7LdK32oToc.jpg,ok
unsplash_pose_CnGsqM0-gII.jpg,72.1,good,D:\CDAC PGCP AI\Project Idea\Pose Suggestor\Unsplash1.2K\unsplash_pose_CnGsqM0-gII.jpg,ok
unsplash_pose_vTzKeI75h1E.jpg,72.08,good,D:\CDAC PGCP AI\Project Idea\Pose Suggestor\Unsplash1.2K\unsplash_pose_vTzKeI75h1E.jpg,ok
unsplash_pose_Bg6apLsAE3Q.jpg,72.08,good,D:\CDAC PGCP AI\Project Idea\Pose Suggestor\Unsplash1.2K\unsplash_pose_Bg6apLsAE3Q.jpg,ok
unsplash_pose_6FeYzCOGQmc.jpg,72.07,good,D:\CDAC PGCP AI\Project Idea\Pose Suggestor\Unsplash1.2K\unsplash_pose_6FeYzCOGQmc.jpg,ok
unsplash_pose_sYjDo-U1YOY.jpg,72.0,good,D:\CDAC PGCP AI\Project Idea\Pose Suggestor\Unsplash1.2K\unsplash_pose_sYjDo-U1YOY.jpg,ok
unsplash_pose_OePofZ_XwVc.jpg,71.97,good,D:\CDAC PGCP AI\Project Idea\Pose Suggestor\Unsplash1.2K\unsplash_pose_OePofZ_XwVc.jpg,ok
unsplash_pose_6pNDtj5LLSs.jpg,71.96,good,D:\CDAC PGCP AI\Project Idea\Pose Suggestor\Unsplash1.2K\unsplash_pose_6pNDtj5LLSs.jpg,ok
unsplash_pose_R0DLzs1T_gM.jpg,71.96,good,D:\CDAC PGCP AI\Project Idea\Pose Suggestor\Unsplash1.2K\unsplash_pose_R0DLzs1T_gM.jpg,ok
unsplash_pose_OnCe5vU57Fk.jpg,71.96,good,D:\CDAC PGCP AI\Project Idea\Pose Suggestor\Unsplash1.2K\unsplash_pose_OnCe5vU57Fk.jpg,ok
unsplash_pose_bDVQSH2z1FI.jpg,71.95,good,D:\CDAC PGCP AI\Project Idea\Pose Suggestor\Unsplash1.2K\unsplash_pose_bDVQSH2z1FI.jpg,ok
unsplash_pose_HFsj0-17vCI.jpg,71.94,good,D:\CDAC PGCP AI\Project Idea\Pose Suggestor\Unsplash1.2K\unsplash_pose_HFsj0-17vCI.jpg,ok
unsplash_pose_coV1mNdQcbE.jpg,71.91,good,D:\CDAC PGCP AI\Project Idea\Pose Suggestor\Unsplash1.2K\unsplash_pose_coV1mNdQcbE.jpg,ok
unsplash_pose_0P90u0yCPFU.jpg,71.89,good,D:\CDAC PGCP AI\Project Idea\Pose Suggestor\Unsplash1.2K\unsplash_pose_0P90u0yCPFU.jpg,ok
unsplash_pose_3cIK8f4YGdg.jpg,71.89,good,D:\CDAC PGCP AI\Project Idea\Pose Suggestor\Unsplash1.2K\unsplash_pose_3cIK8f4YGdg.jpg,ok
unsplash_pose_dzlVuFRENxw.jpg,71.86,good,D:\CDAC PGCP AI\Project Idea\Pose Suggestor\Unsplash1.2K\unsplash_pose_dzlVuFRENxw.jpg,ok
unsplash_pose_yhypwE8RKks.jpg,71.83,good,D:\CDAC PGCP AI\Project Idea\Pose Suggestor\Unsplash1.2K\unsplash_pose_yhypwE8RKks.jpg,ok
unsplash_pose_Ayy0OkslmOY.jpg,71.8,good,D:\CDAC PGCP AI\Project Idea\Pose Suggestor\Unsplash1.2K\unsplash_pose_Ayy0OkslmOY.jpg,ok
unsplash_pose__to293yRjd4.jpg,71.79,good,D:\CDAC PGCP AI\Project Idea\Pose Suggestor\Unsplash1.2K\unsplash_pose__to293yRjd4.jpg,ok
unsplash_pose_Om4LyhJWEaU.jpg,71.76,good,D:\CDAC PGCP AI\Project Idea\Pose Suggestor\Unsplash1.2K\unsplash_pose_Om4LyhJWEaU.jpg,ok
unsplash_pose_Ky3XDgT7MM0.jpg,71.74,good,D:\CDAC PGCP AI\Project Idea\Pose Suggestor\Unsplash1.2K\unsplash_pose_Ky3XDgT7MM0.jpg,ok
unsplash_pose_KX-Ca2-qkEM.jpg,71.71,good,D:\CDAC PGCP AI\Project Idea\Pose Suggestor\Unsplash1.2K\unsplash_pose_KX-Ca2-qkEM.jpg,ok
unsplash_pose_RKRCNuXuQFY.jpg,71.68,good,D:\CDAC PGCP AI\Project Idea\Pose Suggestor\Unsplash1.2K\unsplash_pose_RKRCNuXuQFY.jpg,ok
unsplash_pose_ge5sJDHdo4U.jpg,71.67,good,D:\CDAC PGCP AI\Project Idea\Pose Suggestor\Unsplash1.2K\unsplash_pose_ge5sJDHdo4U.jpg,ok
unsplash_pose_JRzjroIC_gc.jpg,71.66,good,D:\CDAC PGCP AI\Project Idea\Pose Suggestor\Unsplash1.2K\unsplash_pose_JRzjroIC_gc.jpg,ok
unsplash_pose__LKtLlEpx1c.jpg,71.6,good,D:\CDAC PGCP AI\Project Idea\Pose Suggestor\Unsplash1.2K\unsplash_pose__LKtLlEpx1c.jpg,ok
unsplash_pose_1UrzIfwj84I.jpg,71.58,good,D:\CDAC PGCP AI\Project Idea\Pose Suggestor\Unsplash1.2K\unsplash_pose_1UrzIfwj84I.jpg,ok
unsplash_pose_mYHoBtRaIwY.jpg,71.58,good,D:\CDAC PGCP AI\Project Idea\Pose Suggestor\Unsplash1.2K\unsplash_pose_mYHoBtRaIwY.jpg,ok
unsplash_pose_oa4WTrPjn9w.jpg,71.57,good,D:\CDAC PGCP AI\Project Idea\Pose Suggestor\Unsplash1.2K\unsplash_pose_oa4WTrPjn9w.jpg,ok
unsplash_pose_Di85akgnvj4.jpg,71.54,good,D:\CDAC PGCP AI\Project Idea\Pose Suggestor\Unsplash1.2K\unsplash_pose_Di85akgnvj4.jpg,ok
unsplash_pose_-ZS7cd-b3Xc.jpg,71.47,good,D:\CDAC PGCP AI\Project Idea\Pose Suggestor\Unsplash1.2K\unsplash_pose_-ZS7cd-b3Xc.jpg,ok
unsplash_pose_ItooL4olEjw.jpg,71.4,good,D:\CDAC PGCP AI\Project Idea\Pose Suggestor\Unsplash1.2K\unsplash_pose_ItooL4olEjw.jpg,ok
unsplash_pose_J6hPpanoRE8.jpg,71.37,good,D:\CDAC PGCP AI\Project Idea\Pose Suggestor\Unsplash1.2K\unsplash_pose_J6hPpanoRE8.jpg,ok
unsplash_pose_KHd5707JEgg.jpg,71.36,good,D:\CDAC PGCP AI\Project Idea\Pose Suggestor\Unsplash1.2K\unsplash_pose_KHd5707JEgg.jpg,ok
unsplash_pose_H6SunAI1dGM.jpg,71.35,good,D:\CDAC PGCP AI\Project Idea\Pose Suggestor\Unsplash1.2K\unsplash_pose_H6SunAI1dGM.jpg,ok
unsplash_pose_fjjogXmBzJs.jpg,71.35,good,D:\CDAC PGCP AI\Project Idea\Pose Suggestor\Unsplash1.2K\unsplash_pose_fjjogXmBzJs.jpg,ok
unsplash_pose_wPolwMPGClk.jpg,71.33,good,D:\CDAC PGCP AI\Project Idea\Pose Suggestor\Unsplash1.2K\unsplash_pose_wPolwMPGClk.jpg,ok
unsplash_pose_PcppmghsAt0.jpg,71.32,good,D:\CDAC PGCP AI\Project Idea\Pose Suggestor\Unsplash1.2K\unsplash_pose_PcppmghsAt0.jpg,ok
unsplash_pose_hCMm4NRK5WE.jpg,71.31,good,D:\CDAC PGCP AI\Project Idea\Pose Suggestor\Unsplash1.2K\unsplash_pose_hCMm4NRK5WE.jpg,ok
unsplash_pose_H-6mbUajAXc.jpg,71.31,good,D:\CDAC PGCP AI\Project Idea\Pose Suggestor\Unsplash1.2K\unsplash_pose_H-6mbUajAXc.jpg,ok
unsplash_pose_znbCV1MIlM0.jpg,71.28,good,D:\CDAC PGCP AI\Project Idea\Pose Suggestor\Unsplash1.2K\unsplash_pose_znbCV1MIlM0.jpg,ok
unsplash_pose_bN8Btu6cfDM.jpg,71.27,good,D:\CDAC PGCP AI\Project Idea\Pose Suggestor\Unsplash1.2K\unsplash_pose_bN8Btu6cfDM.jpg,ok
unsplash_pose_flmBP2w_ZxY.jpg,71.27,good,D:\CDAC PGCP AI\Project Idea\Pose Suggestor\Unsplash1.2K\unsplash_pose_flmBP2w_ZxY.jpg,ok
unsplash_pose_ATbG48bw8xc.jpg,71.27,good,D:\CDAC PGCP AI\Project Idea\Pose Suggestor\Unsplash1.2K\unsplash_pose_ATbG48bw8xc.jpg,ok
unsplash_pose_ACpW5Db1cd4.jpg,71.24,good,D:\CDAC PGCP AI\Project Idea\Pose Suggestor\Unsplash1.2K\unsplash_pose_ACpW5Db1cd4.jpg,ok
unsplash_pose_YyaCFrx3fA0.jpg,71.24,good,D:\CDAC PGCP AI\Project Idea\Pose Suggestor\Unsplash1.2K\unsplash_pose_YyaCFrx3fA0.jpg,ok
unsplash_pose_UJlPhr1uRNQ.jpg,71.21,good,D:\CDAC PGCP AI\Project Idea\Pose Suggestor\Unsplash1.2K\unsplash_pose_UJlPhr1uRNQ.jpg,ok
unsplash_pose_ovL5EJCxmXE.jpg,71.2,good,D:\CDAC PGCP AI\Project Idea\Pose Suggestor\Unsplash1.2K\unsplash_pose_ovL5EJCxmXE.jpg,ok
unsplash_pose_lzMg9cAESPg.jpg,71.18,good,D:\CDAC PGCP AI\Project Idea\Pose Suggestor\Unsplash1.2K\unsplash_pose_lzMg9cAESPg.jpg,ok
unsplash_pose_f9NUGVm8kyI.jpg,71.17,good,D:\CDAC PGCP AI\Project Idea\Pose Suggestor\Unsplash1.2K\unsplash_pose_f9NUGVm8kyI.jpg,ok
unsplash_pose_dHR3JQMZxvE.jpg,71.12,good,D:\CDAC PGCP AI\Project Idea\Pose Suggestor\Unsplash1.2K\unsplash_pose_dHR3JQMZxvE.jpg,ok
unsplash_pose_G5ebQsczj-4.jpg,71.12,good,D:\CDAC PGCP AI\Project Idea\Pose Suggestor\Unsplash1.2K\unsplash_pose_G5ebQsczj-4.jpg,ok
unsplash_pose_d-NZnHJXBQs.jpg,71.1,good,D:\CDAC PGCP AI\Project Idea\Pose Suggestor\Unsplash1.2K\unsplash_pose_d-NZnHJXBQs.jpg,ok
unsplash_pose_d1QqoRWb7g8.jpg,71.09,good,D:\CDAC PGCP AI\Project Idea\Pose Suggestor\Unsplash1.2K\unsplash_pose_d1QqoRWb7g8.jpg,ok
unsplash_pose_uSOG9Lhcduk.jpg,71.05,good,D:\CDAC PGCP AI\Project Idea\Pose Suggestor\Unsplash1.2K\unsplash_pose_uSOG9Lhcduk.jpg,ok
unsplash_pose_KHoEw5XwY_c.jpg,71.05,good,D:\CDAC PGCP AI\Project Idea\Pose Suggestor\Unsplash1.2K\unsplash_pose_KHoEw5XwY_c.jpg,ok
unsplash_pose_M32sMadskyc.jpg,70.96,good,D:\CDAC PGCP AI\Project Idea\Pose Suggestor\Unsplash1.2K\unsplash_pose_M32sMadskyc.jpg,ok
unsplash_pose_rm0y_uAHXt8.jpg,70.96,good,D:\CDAC PGCP AI\Project Idea\Pose Suggestor\Unsplash1.2K\unsplash_pose_rm0y_uAHXt8.jpg,ok
unsplash_pose_gXTS6zCGfbc.jpg,70.95,good,D:\CDAC PGCP AI\Project Idea\Pose Suggestor\Unsplash1.2K\unsplash_pose_gXTS6zCGfbc.jpg,ok
unsplash_pose_cGqwT6vv0EM.jpg,70.95,good,D:\CDAC PGCP AI\Project Idea\Pose Suggestor\Unsplash1.2K\unsplash_pose_cGqwT6vv0EM.jpg,ok
unsplash_pose_6xaxs3ydOsQ.jpg,70.91,good,D:\CDAC PGCP AI\Project Idea\Pose Suggestor\Unsplash1.2K\unsplash_pose_6xaxs3ydOsQ.jpg,ok
unsplash_pose_Oahi6-ZAsV4.jpg,70.9,good,D:\CDAC PGCP AI\Project Idea\Pose Suggestor\Unsplash1.2K\unsplash_pose_Oahi6-ZAsV4.jpg,ok
unsplash_pose_mniEC44Jx0o.jpg,70.89,good,D:\CDAC PGCP AI\Project Idea\Pose Suggestor\Unsplash1.2K\unsplash_pose_mniEC44Jx0o.jpg,ok
unsplash_pose_NG3RvvexcWk.jpg,70.87,good,D:\CDAC PGCP AI\Project Idea\Pose Suggestor\Unsplash1.2K\unsplash_pose_NG3RvvexcWk.jpg,ok
unsplash_pose_yCws4DkRJhs.jpg,70.85,good,D:\CDAC PGCP AI\Project Idea\Pose Suggestor\Unsplash1.2K\unsplash_pose_yCws4DkRJhs.jpg,ok
unsplash_pose_QCpsid3NiPU.jpg,70.84,good,D:\CDAC PGCP AI\Project Idea\Pose Suggestor\Unsplash1.2K\unsplash_pose_QCpsid3NiPU.jpg,ok
unsplash_pose_japFsPPlwtc.jpg,70.84,good,D:\CDAC PGCP AI\Project Idea\Pose Suggestor\Unsplash1.2K\unsplash_pose_japFsPPlwtc.jpg,ok
unsplash_pose_-qxc8Rf9GE4.jpg,70.84,good,D:\CDAC PGCP AI\Project Idea\Pose Suggestor\Unsplash1.2K\unsplash_pose_-qxc8Rf9GE4.jpg,ok
unsplash_pose_TlWw5PoUmZc.jpg,70.79,good,D:\CDAC PGCP AI\Project Idea\Pose Suggestor\Unsplash1.2K\unsplash_pose_TlWw5PoUmZc.jpg,ok
unsplash_pose_WVrCUZfz-nw.jpg,70.74,good,D:\CDAC PGCP AI\Project Idea\Pose Suggestor\Unsplash1.2K\unsplash_pose_WVrCUZfz-nw.jpg,ok
unsplash_pose_b7213brZyRA.jpg,70.73,good,D:\CDAC PGCP AI\Project Idea\Pose Suggestor\Unsplash1.2K\unsplash_pose_b7213brZyRA.jpg,ok
unsplash_pose_Ye7HTrKAjus.jpg,70.71,good,D:\CDAC PGCP AI\Project Idea\Pose Suggestor\Unsplash1.2K\unsplash_pose_Ye7HTrKAjus.jpg,ok
unsplash_pose_6mcTCh5imcQ.jpg,70.7,good,D:\CDAC PGCP AI\Project Idea\Pose Suggestor\Unsplash1.2K\unsplash_pose_6mcTCh5imcQ.jpg,ok
unsplash_pose_ie-hT0aUxFs.jpg,70.68,good,D:\CDAC PGCP AI\Project Idea\Pose Suggestor\Unsplash1.2K\unsplash_pose_ie-hT0aUxFs.jpg,ok
unsplash_pose_igAigtkpgSc.jpg,70.63,good,D:\CDAC PGCP AI\Project Idea\Pose Suggestor\Unsplash1.2K\unsplash_pose_igAigtkpgSc.jpg,ok
unsplash_pose_g8MEAQB49iY.jpg,70.6,good,D:\CDAC PGCP AI\Project Idea\Pose Suggestor\Unsplash1.2K\unsplash_pose_g8MEAQB49iY.jpg,ok
unsplash_pose_w8HqdltVtL0.jpg,70.6,good,D:\CDAC PGCP AI\Project Idea\Pose Suggestor\Unsplash1.2K\unsplash_pose_w8HqdltVtL0.jpg,ok
unsplash_pose_OFGe1e7-5hw.jpg,70.57,good,D:\CDAC PGCP AI\Project Idea\Pose Suggestor\Unsplash1.2K\unsplash_pose_OFGe1e7-5hw.jpg,ok
unsplash_pose_AK9kQ0rEPvU.jpg,70.55,good,D:\CDAC PGCP AI\Project Idea\Pose Suggestor\Unsplash1.2K\unsplash_pose_AK9kQ0rEPvU.jpg,ok
unsplash_pose_4PScH9qmA-M.jpg,70.52,good,D:\CDAC PGCP AI\Project Idea\Pose Suggestor\Unsplash1.2K\unsplash_pose_4PScH9qmA-M.jpg,ok
unsplash_pose_73V1gEijbJ4.jpg,70.52,good,D:\CDAC PGCP AI\Project Idea\Pose Suggestor\Unsplash1.2K\unsplash_pose_73V1gEijbJ4.jpg,ok
unsplash_pose_B7kv2psMdnk.jpg,70.48,good,D:\CDAC PGCP AI\Project Idea\Pose Suggestor\Unsplash1.2K\unsplash_pose_B7kv2psMdnk.jpg,ok
unsplash_pose_hN-9KiodOYs.jpg,70.47,good,D:\CDAC PGCP AI\Project Idea\Pose Suggestor\Unsplash1.2K\unsplash_pose_hN-9KiodOYs.jpg,ok
unsplash_pose_eV7QS5Azq4Y.jpg,70.41,good,D:\CDAC PGCP AI\Project Idea\Pose Suggestor\Unsplash1.2K\unsplash_pose_eV7QS5Azq4Y.jpg,ok
unsplash_pose_NoDHImLUPYo.jpg,70.4,good,D:\CDAC PGCP AI\Project Idea\Pose Suggestor\Unsplash1.2K\unsplash_pose_NoDHImLUPYo.jpg,ok
unsplash_pose_fqQbwsuoWhU.jpg,70.4,good,D:\CDAC PGCP AI\Project Idea\Pose Suggestor\Unsplash1.2K\unsplash_pose_fqQbwsuoWhU.jpg,ok
unsplash_pose_TlceF7BrHOs.jpg,70.39,good,D:\CDAC PGCP AI\Project Idea\Pose Suggestor\Unsplash1.2K\unsplash_pose_TlceF7BrHOs.jpg,ok
unsplash_pose_HRYH5lChD18.jpg,70.38,good,D:\CDAC PGCP AI\Project Idea\Pose Suggestor\Unsplash1.2K\unsplash_pose_HRYH5lChD18.jpg,ok
unsplash_pose_QsX0ykE37oI.jpg,70.36,good,D:\CDAC PGCP AI\Project Idea\Pose Suggestor\Unsplash1.2K\unsplash_pose_QsX0ykE37oI.jpg,ok
unsplash_pose_UEPaL8Nyi0Y.jpg,70.33,good,D:\CDAC PGCP AI\Project Idea\Pose Suggestor\Unsplash1.2K\unsplash_pose_UEPaL8Nyi0Y.jpg,ok
unsplash_pose_zj3GjVWzCIE.jpg,70.27,good,D:\CDAC PGCP AI\Project Idea\Pose Suggestor\Unsplash1.2K\unsplash_pose_zj3GjVWzCIE.jpg,ok
unsplash_pose_rivtZLm2WXY.jpg,70.23,good,D:\CDAC PGCP AI\Project Idea\Pose Suggestor\Unsplash1.2K\unsplash_pose_rivtZLm2WXY.jpg,ok
unsplash_pose_lUe4Lk2NUWQ.jpg,70.08,good,D:\CDAC PGCP AI\Project Idea\Pose Suggestor\Unsplash1.2K\unsplash_pose_lUe4Lk2NUWQ.jpg,ok
unsplash_pose_0Y--4B_HS_I.jpg,69.93,average,D:\CDAC PGCP AI\Project Idea\Pose Suggestor\Unsplash1.2K\unsplash_pose_0Y--4B_HS_I.jpg,ok
unsplash_pose_eMeTfDfnosA.jpg,69.87,average,D:\CDAC PGCP AI\Project Idea\Pose Suggestor\Unsplash1.2K\unsplash_pose_eMeTfDfnosA.jpg,ok
unsplash_pose_ENCCKojAFkM.jpg,69.84,average,D:\CDAC PGCP AI\Project Idea\Pose Suggestor\Unsplash1.2K\unsplash_pose_ENCCKojAFkM.jpg,ok
unsplash_pose_2C49rcz0YKI.jpg,69.83,average,D:\CDAC PGCP AI\Project Idea\Pose Suggestor\Unsplash1.2K\unsplash_pose_2C49rcz0YKI.jpg,ok
unsplash_pose_nAVdKYhudKk.jpg,69.81,average,D:\CDAC PGCP AI\Project Idea\Pose Suggestor\Unsplash1.2K\unsplash_pose_nAVdKYhudKk.jpg,ok
unsplash_pose_TyIY9uBch8o.jpg,69.8,average,D:\CDAC PGCP AI\Project Idea\Pose Suggestor\Unsplash1.2K\unsplash_pose_TyIY9uBch8o.jpg,ok
unsplash_pose_6ZDgMABwotw.jpg,69.79,average,D:\CDAC PGCP AI\Project Idea\Pose Suggestor\Unsplash1.2K\unsplash_pose_6ZDgMABwotw.jpg,ok
unsplash_pose_07c8He82CzI.jpg,69.78,average,D:\CDAC PGCP AI\Project Idea\Pose Suggestor\Unsplash1.2K\unsplash_pose_07c8He82CzI.jpg,ok
unsplash_pose_HGkRH0JeUc8.jpg,69.76,average,D:\CDAC PGCP AI\Project Idea\Pose Suggestor\Unsplash1.2K\unsplash_pose_HGkRH0JeUc8.jpg,ok
unsplash_pose_skUWW81OBeY.jpg,69.74,average,D:\CDAC PGCP AI\Project Idea\Pose Suggestor\Unsplash1.2K\unsplash_pose_skUWW81OBeY.jpg,ok
unsplash_pose_CUsjFNhgoiM.jpg,69.74,average,D:\CDAC PGCP AI\Project Idea\Pose Suggestor\Unsplash1.2K\unsplash_pose_CUsjFNhgoiM.jpg,ok
unsplash_pose_hWGxr9xxFWE.jpg,69.73,average,D:\CDAC PGCP AI\Project Idea\Pose Suggestor\Unsplash1.2K\unsplash_pose_hWGxr9xxFWE.jpg,ok
unsplash_pose_9m0VZKlBU_Y.jpg,69.72,average,D:\CDAC PGCP AI\Project Idea\Pose Suggestor\Unsplash1.2K\unsplash_pose_9m0VZKlBU_Y.jpg,ok
unsplash_pose_OcdtBgdu7hE.jpg,69.62,average,D:\CDAC PGCP AI\Project Idea\Pose Suggestor\Unsplash1.2K\unsplash_pose_OcdtBgdu7hE.jpg,ok
unsplash_pose_f5wKqaGp8Kk.jpg,69.6,average,D:\CDAC PGCP AI\Project Idea\Pose Suggestor\Unsplash1.2K\unsplash_pose_f5wKqaGp8Kk.jpg,ok
unsplash_pose_WFJD9XFAwyw.jpg,69.59,average,D:\CDAC PGCP AI\Project Idea\Pose Suggestor\Unsplash1.2K\unsplash_pose_WFJD9XFAwyw.jpg,ok
unsplash_pose_9GqMLuNFWCw.jpg,69.5,average,D:\CDAC PGCP AI\Project Idea\Pose Suggestor\Unsplash1.2K\unsplash_pose_9GqMLuNFWCw.jpg,ok
unsplash_pose_CvHeSUdjdE4.jpg,69.49,average,D:\CDAC PGCP AI\Project Idea\Pose Suggestor\Unsplash1.2K\unsplash_pose_CvHeSUdjdE4.jpg,ok
unsplash_pose_9FNy1iltU68.jpg,69.48,average,D:\CDAC PGCP AI\Project Idea\Pose Suggestor\Unsplash1.2K\unsplash_pose_9FNy1iltU68.jpg,ok
unsplash_pose_yXB1y_J26pk.jpg,69.45,average,D:\CDAC PGCP AI\Project Idea\Pose Suggestor\Unsplash1.2K\unsplash_pose_yXB1y_J26pk.jpg,ok
unsplash_pose_l42JMhFQODY.jpg,69.43,average,D:\CDAC PGCP AI\Project Idea\Pose Suggestor\Unsplash1.2K\unsplash_pose_l42JMhFQODY.jpg,ok
unsplash_pose_UXN0MmJ5tP0.jpg,69.42,average,D:\CDAC PGCP AI\Project Idea\Pose Suggestor\Unsplash1.2K\unsplash_pose_UXN0MmJ5tP0.jpg,ok
unsplash_pose_v9fyrUuxb0k.jpg,69.39,average,D:\CDAC PGCP AI\Project Idea\Pose Suggestor\Unsplash1.2K\unsplash_pose_v9fyrUuxb0k.jpg,ok
unsplash_pose_uzy8AmJItMY.jpg,69.3,average,D:\CDAC PGCP AI\Project Idea\Pose Suggestor\Unsplash1.2K\unsplash_pose_uzy8AmJItMY.jpg,ok
unsplash_pose_VGLImIsgs9A.jpg,69.18,average,D:\CDAC PGCP AI\Project Idea\Pose Suggestor\Unsplash1.2K\unsplash_pose_VGLImIsgs9A.jpg,ok
unsplash_pose_9IaHImfKgfI.jpg,69.16,average,D:\CDAC PGCP AI\Project Idea\Pose Suggestor\Unsplash1.2K\unsplash_pose_9IaHImfKgfI.jpg,ok
unsplash_pose_h7H4XkfETKM.jpg,69.14,average,D:\CDAC PGCP AI\Project Idea\Pose Suggestor\Unsplash1.2K\unsplash_pose_h7H4XkfETKM.jpg,ok
unsplash_pose_9FLESDdOZ5c.jpg,69.12,average,D:\CDAC PGCP AI\Project Idea\Pose Suggestor\Unsplash1.2K\unsplash_pose_9FLESDdOZ5c.jpg,ok
unsplash_pose_Sp9ZBQ-WHKI.jpg,69.12,average,D:\CDAC PGCP AI\Project Idea\Pose Suggestor\Unsplash1.2K\unsplash_pose_Sp9ZBQ-WHKI.jpg,ok
unsplash_pose_VgaxvZ9m78s.jpg,69.11,average,D:\CDAC PGCP AI\Project Idea\Pose Suggestor\Unsplash1.2K\unsplash_pose_VgaxvZ9m78s.jpg,ok
unsplash_pose_pEZebY5SGvo.jpg,69.11,average,D:\CDAC PGCP AI\Project Idea\Pose Suggestor\Unsplash1.2K\unsplash_pose_pEZebY5SGvo.jpg,ok
unsplash_pose_GPNvzahe2Tg.jpg,69.1,average,D:\CDAC PGCP AI\Project Idea\Pose Suggestor\Unsplash1.2K\unsplash_pose_GPNvzahe2Tg.jpg,ok
unsplash_pose_Vaix21I2g3s.jpg,69.07,average,D:\CDAC PGCP AI\Project Idea\Pose Suggestor\Unsplash1.2K\unsplash_pose_Vaix21I2g3s.jpg,ok
unsplash_pose_gNiHPV4d-OE.jpg,69.05,average,D:\CDAC PGCP AI\Project Idea\Pose Suggestor\Unsplash1.2K\unsplash_pose_gNiHPV4d-OE.jpg,ok
unsplash_pose_NnshFEOdljI.jpg,68.99,average,D:\CDAC PGCP AI\Project Idea\Pose Suggestor\Unsplash1.2K\unsplash_pose_NnshFEOdljI.jpg,ok
unsplash_pose_7L1o8zisa38.jpg,68.98,average,D:\CDAC PGCP AI\Project Idea\Pose Suggestor\Unsplash1.2K\unsplash_pose_7L1o8zisa38.jpg,ok
unsplash_pose_JbFRVH7ix-E.jpg,68.97,average,D:\CDAC PGCP AI\Project Idea\Pose Suggestor\Unsplash1.2K\unsplash_pose_JbFRVH7ix-E.jpg,ok
unsplash_pose_Yonjc01yWlA.jpg,68.96,average,D:\CDAC PGCP AI\Project Idea\Pose Suggestor\Unsplash1.2K\unsplash_pose_Yonjc01yWlA.jpg,ok
unsplash_pose_GNs38Lvwr5Q.jpg,68.81,average,D:\CDAC PGCP AI\Project Idea\Pose Suggestor\Unsplash1.2K\unsplash_pose_GNs38Lvwr5Q.jpg,ok
unsplash_pose_emMix1krm20.jpg,68.79,average,D:\CDAC PGCP AI\Project Idea\Pose Suggestor\Unsplash1.2K\unsplash_pose_emMix1krm20.jpg,ok
unsplash_pose_L6fjbL0GJxk.jpg,68.79,average,D:\CDAC PGCP AI\Project Idea\Pose Suggestor\Unsplash1.2K\unsplash_pose_L6fjbL0GJxk.jpg,ok
unsplash_pose_ObxUI65aNLU.jpg,68.72,average,D:\CDAC PGCP AI\Project Idea\Pose Suggestor\Unsplash1.2K\unsplash_pose_ObxUI65aNLU.jpg,ok
unsplash_pose_XUBk4G461hM.jpg,68.71,average,D:\CDAC PGCP AI\Project Idea\Pose Suggestor\Unsplash1.2K\unsplash_pose_XUBk4G461hM.jpg,ok
unsplash_pose_NN70PLrunsI.jpg,68.68,average,D:\CDAC PGCP AI\Project Idea\Pose Suggestor\Unsplash1.2K\unsplash_pose_NN70PLrunsI.jpg,ok
unsplash_pose_K-wYdArbtAc.jpg,68.66,average,D:\CDAC PGCP AI\Project Idea\Pose Suggestor\Unsplash1.2K\unsplash_pose_K-wYdArbtAc.jpg,ok
unsplash_pose_5MGChutkFNo.jpg,68.61,average,D:\CDAC PGCP AI\Project Idea\Pose Suggestor\Unsplash1.2K\unsplash_pose_5MGChutkFNo.jpg,ok
unsplash_pose_gBITSd8Xq7c.jpg,68.56,average,D:\CDAC PGCP AI\Project Idea\Pose Suggestor\Unsplash1.2K\unsplash_pose_gBITSd8Xq7c.jpg,ok
unsplash_pose_1b_17TS3_uA.jpg,68.51,average,D:\CDAC PGCP AI\Project Idea\Pose Suggestor\Unsplash1.2K\unsplash_pose_1b_17TS3_uA.jpg,ok
unsplash_pose_Yl-rsbzsuhs.jpg,68.45,average,D:\CDAC PGCP AI\Project Idea\Pose Suggestor\Unsplash1.2K\unsplash_pose_Yl-rsbzsuhs.jpg,ok
unsplash_pose_U01zC6-y4og.jpg,68.43,average,D:\CDAC PGCP AI\Project Idea\Pose Suggestor\Unsplash1.2K\unsplash_pose_U01zC6-y4og.jpg,ok
unsplash_pose_T5CS8UgpKtA.jpg,68.39,average,D:\CDAC PGCP AI\Project Idea\Pose Suggestor\Unsplash1.2K\unsplash_pose_T5CS8UgpKtA.jpg,ok
unsplash_pose_TSci4r_85Zw.jpg,68.35,average,D:\CDAC PGCP AI\Project Idea\Pose Suggestor\Unsplash1.2K\unsplash_pose_TSci4r_85Zw.jpg,ok
unsplash_pose_-xPNj3ntaV8.jpg,68.34,average,D:\CDAC PGCP AI\Project Idea\Pose Suggestor\Unsplash1.2K\unsplash_pose_-xPNj3ntaV8.jpg,ok
unsplash_pose_ydvhdQwCp3A.jpg,68.31,average,D:\CDAC PGCP AI\Project Idea\Pose Suggestor\Unsplash1.2K\unsplash_pose_ydvhdQwCp3A.jpg,ok
unsplash_pose_M6elbKgnLis.jpg,68.3,average,D:\CDAC PGCP AI\Project Idea\Pose Suggestor\Unsplash1.2K\unsplash_pose_M6elbKgnLis.jpg,ok
unsplash_pose_Yy94_C4XP8Q.jpg,68.29,average,D:\CDAC PGCP AI\Project Idea\Pose Suggestor\Unsplash1.2K\unsplash_pose_Yy94_C4XP8Q.jpg,ok
unsplash_pose_o23agsLwGr4.jpg,68.21,average,D:\CDAC PGCP AI\Project Idea\Pose Suggestor\Unsplash1.2K\unsplash_pose_o23agsLwGr4.jpg,ok
unsplash_pose_rrP2k00-FmY.jpg,68.17,average,D:\CDAC PGCP AI\Project Idea\Pose Suggestor\Unsplash1.2K\unsplash_pose_rrP2k00-FmY.jpg,ok
unsplash_pose_vZTkWQyGgEE.jpg,68.13,average,D:\CDAC PGCP AI\Project Idea\Pose Suggestor\Unsplash1.2K\unsplash_pose_vZTkWQyGgEE.jpg,ok
unsplash_pose_wWJBOT9m8Rw.jpg,68.11,average,D:\CDAC PGCP AI\Project Idea\Pose Suggestor\Unsplash1.2K\unsplash_pose_wWJBOT9m8Rw.jpg,ok
unsplash_pose_OKkydI85BN0.jpg,68.09,average,D:\CDAC PGCP AI\Project Idea\Pose Suggestor\Unsplash1.2K\unsplash_pose_OKkydI85BN0.jpg,ok
unsplash_pose_KgSx3dL1Kj8.jpg,68.09,average,D:\CDAC PGCP AI\Project Idea\Pose Suggestor\Unsplash1.2K\unsplash_pose_KgSx3dL1Kj8.jpg,ok
unsplash_pose_DgH5PIy9oLE.jpg,68.0,average,D:\CDAC PGCP AI\Project Idea\Pose Suggestor\Unsplash1.2K\unsplash_pose_DgH5PIy9oLE.jpg,ok
unsplash_pose_UFLTB2tLwCU.jpg,67.78,average,D:\CDAC PGCP AI\Project Idea\Pose Suggestor\Unsplash1.2K\unsplash_pose_UFLTB2tLwCU.jpg,ok
unsplash_pose_VKfECDwPr2c.jpg,67.77,average,D:\CDAC PGCP AI\Project Idea\Pose Suggestor\Unsplash1.2K\unsplash_pose_VKfECDwPr2c.jpg,ok
unsplash_pose_UfNGkUWodeU.jpg,67.7,average,D:\CDAC PGCP AI\Project Idea\Pose Suggestor\Unsplash1.2K\unsplash_pose_UfNGkUWodeU.jpg,ok
unsplash_pose_1jrA9DOy4TE.jpg,67.7,average,D:\CDAC PGCP AI\Project Idea\Pose Suggestor\Unsplash1.2K\unsplash_pose_1jrA9DOy4TE.jpg,ok
unsplash_pose_FJ53yAsh2_c.jpg,67.69,average,D:\CDAC PGCP AI\Project Idea\Pose Suggestor\Unsplash1.2K\unsplash_pose_FJ53yAsh2_c.jpg,ok
unsplash_pose_hir_CBQACMI.jpg,67.54,average,D:\CDAC PGCP AI\Project Idea\Pose Suggestor\Unsplash1.2K\unsplash_pose_hir_CBQACMI.jpg,ok
unsplash_pose_UqRuutK4v84.jpg,67.49,average,D:\CDAC PGCP AI\Project Idea\Pose Suggestor\Unsplash1.2K\unsplash_pose_UqRuutK4v84.jpg,ok
unsplash_pose_RpJULY4wxWU.jpg,67.47,average,D:\CDAC PGCP AI\Project Idea\Pose Suggestor\Unsplash1.2K\unsplash_pose_RpJULY4wxWU.jpg,ok
unsplash_pose_bdYHdLWpG9Q.jpg,67.43,average,D:\CDAC PGCP AI\Project Idea\Pose Suggestor\Unsplash1.2K\unsplash_pose_bdYHdLWpG9Q.jpg,ok
unsplash_pose_n8b_xrzWwAQ.jpg,67.39,average,D:\CDAC PGCP AI\Project Idea\Pose Suggestor\Unsplash1.2K\unsplash_pose_n8b_xrzWwAQ.jpg,ok
unsplash_pose_VsPvEHV-zTY.jpg,67.39,average,D:\CDAC PGCP AI\Project Idea\Pose Suggestor\Unsplash1.2K\unsplash_pose_VsPvEHV-zTY.jpg,ok
unsplash_pose_egJZ7JzE8L0.jpg,67.38,average,D:\CDAC PGCP AI\Project Idea\Pose Suggestor\Unsplash1.2K\unsplash_pose_egJZ7JzE8L0.jpg,ok
unsplash_pose_6-4HNLCm1ko.jpg,67.32,average,D:\CDAC PGCP AI\Project Idea\Pose Suggestor\Unsplash1.2K\unsplash_pose_6-4HNLCm1ko.jpg,ok
unsplash_pose_kmS_4_UbwSo.jpg,67.24,average,D:\CDAC PGCP AI\Project Idea\Pose Suggestor\Unsplash1.2K\unsplash_pose_kmS_4_UbwSo.jpg,ok
unsplash_pose_ZiGCls2h--o.jpg,67.21,average,D:\CDAC PGCP AI\Project Idea\Pose Suggestor\Unsplash1.2K\unsplash_pose_ZiGCls2h--o.jpg,ok
unsplash_pose_xPXRVAhGNRM.jpg,67.19,average,D:\CDAC PGCP AI\Project Idea\Pose Suggestor\Unsplash1.2K\unsplash_pose_xPXRVAhGNRM.jpg,ok
unsplash_pose_Ba-2S2MpZd4.jpg,67.18,average,D:\CDAC PGCP AI\Project Idea\Pose Suggestor\Unsplash1.2K\unsplash_pose_Ba-2S2MpZd4.jpg,ok
unsplash_pose_YkAMHj_4wT8.jpg,67.14,average,D:\CDAC PGCP AI\Project Idea\Pose Suggestor\Unsplash1.2K\unsplash_pose_YkAMHj_4wT8.jpg,ok
unsplash_pose_dMqXtzzPQqo.jpg,67.1,average,D:\CDAC PGCP AI\Project Idea\Pose Suggestor\Unsplash1.2K\unsplash_pose_dMqXtzzPQqo.jpg,ok
unsplash_pose_82G6bobViBg.jpg,67.06,average,D:\CDAC PGCP AI\Project Idea\Pose Suggestor\Unsplash1.2K\unsplash_pose_82G6bobViBg.jpg,ok
unsplash_pose_TkomAKwjdbA.jpg,67.01,average,D:\CDAC PGCP AI\Project Idea\Pose Suggestor\Unsplash1.2K\unsplash_pose_TkomAKwjdbA.jpg,ok
unsplash_pose_FoZAJxT_DW8.jpg,66.96,average,D:\CDAC PGCP AI\Project Idea\Pose Suggestor\Unsplash1.2K\unsplash_pose_FoZAJxT_DW8.jpg,ok
unsplash_pose_LEsOlQ-g_bM.jpg,66.96,average,D:\CDAC PGCP AI\Project Idea\Pose Suggestor\Unsplash1.2K\unsplash_pose_LEsOlQ-g_bM.jpg,ok
unsplash_pose_cC3fPbUL69w.jpg,66.91,average,D:\CDAC PGCP AI\Project Idea\Pose Suggestor\Unsplash1.2K\unsplash_pose_cC3fPbUL69w.jpg,ok
unsplash_pose_xX2eTSx7Z1k.jpg,66.91,average,D:\CDAC PGCP AI\Project Idea\Pose Suggestor\Unsplash1.2K\unsplash_pose_xX2eTSx7Z1k.jpg,ok
unsplash_pose_ZS-NGqRuyOY.jpg,66.82,average,D:\CDAC PGCP AI\Project Idea\Pose Suggestor\Unsplash1.2K\unsplash_pose_ZS-NGqRuyOY.jpg,ok
unsplash_pose_YFwUjEPudn4.jpg,66.73,average,D:\CDAC PGCP AI\Project Idea\Pose Suggestor\Unsplash1.2K\unsplash_pose_YFwUjEPudn4.jpg,ok
unsplash_pose_Xa01dl4hD2M.jpg,66.72,average,D:\CDAC PGCP AI\Project Idea\Pose Suggestor\Unsplash1.2K\unsplash_pose_Xa01dl4hD2M.jpg,ok
unsplash_pose_e42tzLa1aK4.jpg,66.72,average,D:\CDAC PGCP AI\Project Idea\Pose Suggestor\Unsplash1.2K\unsplash_pose_e42tzLa1aK4.jpg,ok
unsplash_pose_XDOAKZrGT6Y.jpg,66.7,average,D:\CDAC PGCP AI\Project Idea\Pose Suggestor\Unsplash1.2K\unsplash_pose_XDOAKZrGT6Y.jpg,ok
unsplash_pose_WOAY0MShvzc.jpg,66.68,average,D:\CDAC PGCP AI\Project Idea\Pose Suggestor\Unsplash1.2K\unsplash_pose_WOAY0MShvzc.jpg,ok
unsplash_pose_s5IM45Gz_ME.jpg,66.67,average,D:\CDAC PGCP AI\Project Idea\Pose Suggestor\Unsplash1.2K\unsplash_pose_s5IM45Gz_ME.jpg,ok
unsplash_pose_EkHnkSMwnsw.jpg,66.54,average,D:\CDAC PGCP AI\Project Idea\Pose Suggestor\Unsplash1.2K\unsplash_pose_EkHnkSMwnsw.jpg,ok
unsplash_pose_nucQZmX0wVU.jpg,66.47,average,D:\CDAC PGCP AI\Project Idea\Pose Suggestor\Unsplash1.2K\unsplash_pose_nucQZmX0wVU.jpg,ok
unsplash_pose_IA15Uy_8-Jo.jpg,66.43,average,D:\CDAC PGCP AI\Project Idea\Pose Suggestor\Unsplash1.2K\unsplash_pose_IA15Uy_8-Jo.jpg,ok
unsplash_pose_cFxOfki6MOI.jpg,66.39,average,D:\CDAC PGCP AI\Project Idea\Pose Suggestor\Unsplash1.2K\unsplash_pose_cFxOfki6MOI.jpg,ok
unsplash_pose_4sYDUP2kPSA.jpg,66.38,average,D:\CDAC PGCP AI\Project Idea\Pose Suggestor\Unsplash1.2K\unsplash_pose_4sYDUP2kPSA.jpg,ok
unsplash_pose_y4159be_SSA.jpg,66.34,average,D:\CDAC PGCP AI\Project Idea\Pose Suggestor\Unsplash1.2K\unsplash_pose_y4159be_SSA.jpg,ok
unsplash_pose_kA5H_ixTjrs.jpg,66.22,average,D:\CDAC PGCP AI\Project Idea\Pose Suggestor\Unsplash1.2K\unsplash_pose_kA5H_ixTjrs.jpg,ok
unsplash_pose_lyFMDXupIY8.jpg,66.13,average,D:\CDAC PGCP AI\Project Idea\Pose Suggestor\Unsplash1.2K\unsplash_pose_lyFMDXupIY8.jpg,ok
unsplash_pose_VH6oZYxXv2k.jpg,66.01,average,D:\CDAC PGCP AI\Project Idea\Pose Suggestor\Unsplash1.2K\unsplash_pose_VH6oZYxXv2k.jpg,ok
unsplash_pose_AZ2mx5yOCQo.jpg,66.0,average,D:\CDAC PGCP AI\Project Idea\Pose Suggestor\Unsplash1.2K\unsplash_pose_AZ2mx5yOCQo.jpg,ok
unsplash_pose_6TgpMfM6lIQ.jpg,65.89,average,D:\CDAC PGCP AI\Project Idea\Pose Suggestor\Unsplash1.2K\unsplash_pose_6TgpMfM6lIQ.jpg,ok
unsplash_pose_fF2vlzDaWqc.jpg,65.78,average,D:\CDAC PGCP AI\Project Idea\Pose Suggestor\Unsplash1.2K\unsplash_pose_fF2vlzDaWqc.jpg,ok
unsplash_pose_xWJ5gSeRlss.jpg,65.72,average,D:\CDAC PGCP AI\Project Idea\Pose Suggestor\Unsplash1.2K\unsplash_pose_xWJ5gSeRlss.jpg,ok
unsplash_pose_M-xmjLCOwVU.jpg,65.72,average,D:\CDAC PGCP AI\Project Idea\Pose Suggestor\Unsplash1.2K\unsplash_pose_M-xmjLCOwVU.jpg,ok
unsplash_pose_0e0fB6sZEAA.jpg,65.65,average,D:\CDAC PGCP AI\Project Idea\Pose Suggestor\Unsplash1.2K\unsplash_pose_0e0fB6sZEAA.jpg,ok
unsplash_pose_Hw0oNBH5gGY.jpg,65.63,average,D:\CDAC PGCP AI\Project Idea\Pose Suggestor\Unsplash1.2K\unsplash_pose_Hw0oNBH5gGY.jpg,ok
unsplash_pose_dPB71gEqlkQ.jpg,65.57,average,D:\CDAC PGCP AI\Project Idea\Pose Suggestor\Unsplash1.2K\unsplash_pose_dPB71gEqlkQ.jpg,ok
unsplash_pose_hSq-HFWX-T0.jpg,65.51,average,D:\CDAC PGCP AI\Project Idea\Pose Suggestor\Unsplash1.2K\unsplash_pose_hSq-HFWX-T0.jpg,ok
unsplash_pose_Hr7UhZHqeX8.jpg,65.5,average,D:\CDAC PGCP AI\Project Idea\Pose Suggestor\Unsplash1.2K\unsplash_pose_Hr7UhZHqeX8.jpg,ok
unsplash_pose_KnmggIcig5s.jpg,65.43,average,D:\CDAC PGCP AI\Project Idea\Pose Suggestor\Unsplash1.2K\unsplash_pose_KnmggIcig5s.jpg,ok
unsplash_pose_aq9da0G8nYg.jpg,65.37,average,D:\CDAC PGCP AI\Project Idea\Pose Suggestor\Unsplash1.2K\unsplash_pose_aq9da0G8nYg.jpg,ok
unsplash_pose_DYpSkOktfWA.jpg,65.26,average,D:\CDAC PGCP AI\Project Idea\Pose Suggestor\Unsplash1.2K\unsplash_pose_DYpSkOktfWA.jpg,ok
unsplash_pose_PrsJMKaRD2c.jpg,65.25,average,D:\CDAC PGCP AI\Project Idea\Pose Suggestor\Unsplash1.2K\unsplash_pose_PrsJMKaRD2c.jpg,ok
unsplash_pose_cPGbyVIfIYU.jpg,65.22,average,D:\CDAC PGCP AI\Project Idea\Pose Suggestor\Unsplash1.2K\unsplash_pose_cPGbyVIfIYU.jpg,ok
unsplash_pose_Zwhr8udIJRQ.jpg,65.2,average,D:\CDAC PGCP AI\Project Idea\Pose Suggestor\Unsplash1.2K\unsplash_pose_Zwhr8udIJRQ.jpg,ok
unsplash_pose_txq775ibSoU.jpg,65.17,average,D:\CDAC PGCP AI\Project Idea\Pose Suggestor\Unsplash1.2K\unsplash_pose_txq775ibSoU.jpg,ok
unsplash_pose_lbVO-l7-oJg.jpg,65.01,average,D:\CDAC PGCP AI\Project Idea\Pose Suggestor\Unsplash1.2K\unsplash_pose_lbVO-l7-oJg.jpg,ok
unsplash_pose_bdlEdoCaCaQ.jpg,64.81,average,D:\CDAC PGCP AI\Project Idea\Pose Suggestor\Unsplash1.2K\unsplash_pose_bdlEdoCaCaQ.jpg,ok
unsplash_pose_T-y8piTDgrg.jpg,64.8,average,D:\CDAC PGCP AI\Project Idea\Pose Suggestor\Unsplash1.2K\unsplash_pose_T-y8piTDgrg.jpg,ok
unsplash_pose_yauY7CQqNH8.jpg,64.7,average,D:\CDAC PGCP AI\Project Idea\Pose Suggestor\Unsplash1.2K\unsplash_pose_yauY7CQqNH8.jpg,ok
unsplash_pose_TxV3-bPY_04.jpg,64.59,average,D:\CDAC PGCP AI\Project Idea\Pose Suggestor\Unsplash1.2K\unsplash_pose_TxV3-bPY_04.jpg,ok
unsplash_pose_IB3f_cBusKQ.jpg,64.52,average,D:\CDAC PGCP AI\Project Idea\Pose Suggestor\Unsplash1.2K\unsplash_pose_IB3f_cBusKQ.jpg,ok
unsplash_pose_NGoraTmU_uk.jpg,64.49,average,D:\CDAC PGCP AI\Project Idea\Pose Suggestor\Unsplash1.2K\unsplash_pose_NGoraTmU_uk.jpg,ok
unsplash_pose_OszK3zngGzQ.jpg,64.29,average,D:\CDAC PGCP AI\Project Idea\Pose Suggestor\Unsplash1.2K\unsplash_pose_OszK3zngGzQ.jpg,ok
unsplash_pose_W_Li5VPf0Zc.jpg,64.2,average,D:\CDAC PGCP AI\Project Idea\Pose Suggestor\Unsplash1.2K\unsplash_pose_W_Li5VPf0Zc.jpg,ok
unsplash_pose_QKc67bG6h3o.jpg,64.18,average,D:\CDAC PGCP AI\Project Idea\Pose Suggestor\Unsplash1.2K\unsplash_pose_QKc67bG6h3o.jpg,ok
unsplash_pose_AnhCBmcXX28.jpg,64.03,average,D:\CDAC PGCP AI\Project Idea\Pose Suggestor\Unsplash1.2K\unsplash_pose_AnhCBmcXX28.jpg,ok
unsplash_pose_kiR9qs1Aj3g.jpg,64.01,average,D:\CDAC PGCP AI\Project Idea\Pose Suggestor\Unsplash1.2K\unsplash_pose_kiR9qs1Aj3g.jpg,ok
unsplash_pose_nKw27ja4dSk.jpg,63.99,average,D:\CDAC PGCP AI\Project Idea\Pose Suggestor\Unsplash1.2K\unsplash_pose_nKw27ja4dSk.jpg,ok
unsplash_pose_r1btMgyLXGc.jpg,63.74,average,D:\CDAC PGCP AI\Project Idea\Pose Suggestor\Unsplash1.2K\unsplash_pose_r1btMgyLXGc.jpg,ok
unsplash_pose_e0-owRS1f0k.jpg,63.37,average,D:\CDAC PGCP AI\Project Idea\Pose Suggestor\Unsplash1.2K\unsplash_pose_e0-owRS1f0k.jpg,ok
unsplash_pose_p9iI12an8PE.jpg,63.3,average,D:\CDAC PGCP AI\Project Idea\Pose Suggestor\Unsplash1.2K\unsplash_pose_p9iI12an8PE.jpg,ok
unsplash_pose_7jkpI2xAPNY.jpg,63.25,average,D:\CDAC PGCP AI\Project Idea\Pose Suggestor\Unsplash1.2K\unsplash_pose_7jkpI2xAPNY.jpg,ok
unsplash_pose_T-q2QLhRFnY.jpg,63.13,average,D:\CDAC PGCP AI\Project Idea\Pose Suggestor\Unsplash1.2K\unsplash_pose_T-q2QLhRFnY.jpg,ok
unsplash_pose_RLz345_a7oM.jpg,63.04,average,D:\CDAC PGCP AI\Project Idea\Pose Suggestor\Unsplash1.2K\unsplash_pose_RLz345_a7oM.jpg,ok
unsplash_pose_YlM0wznQNNI.jpg,62.97,average,D:\CDAC PGCP AI\Project Idea\Pose Suggestor\Unsplash1.2K\unsplash_pose_YlM0wznQNNI.jpg,ok
unsplash_pose_NZjuXhxXVME.jpg,62.95,average,D:\CDAC PGCP AI\Project Idea\Pose Suggestor\Unsplash1.2K\unsplash_pose_NZjuXhxXVME.jpg,ok
unsplash_pose_2y1r7OcE0uk.jpg,62.91,average,D:\CDAC PGCP AI\Project Idea\Pose Suggestor\Unsplash1.2K\unsplash_pose_2y1r7OcE0uk.jpg,ok
unsplash_pose_W851A2OBOJQ.jpg,62.83,average,D:\CDAC PGCP AI\Project Idea\Pose Suggestor\Unsplash1.2K\unsplash_pose_W851A2OBOJQ.jpg,ok
unsplash_pose_8ZLJaXp8Yvo.jpg,62.75,average,D:\CDAC PGCP AI\Project Idea\Pose Suggestor\Unsplash1.2K\unsplash_pose_8ZLJaXp8Yvo.jpg,ok
unsplash_pose_od0l9JuIWRY.jpg,62.71,average,D:\CDAC PGCP AI\Project Idea\Pose Suggestor\Unsplash1.2K\unsplash_pose_od0l9JuIWRY.jpg,ok
unsplash_pose_RdY2pnkNtjw.jpg,62.66,average,D:\CDAC PGCP AI\Project Idea\Pose Suggestor\Unsplash1.2K\unsplash_pose_RdY2pnkNtjw.jpg,ok
unsplash_pose_zENdoMS6oqc.jpg,62.58,average,D:\CDAC PGCP AI\Project Idea\Pose Suggestor\Unsplash1.2K\unsplash_pose_zENdoMS6oqc.jpg,ok
unsplash_pose_kAn4Jt5z5bg.jpg,62.39,average,D:\CDAC PGCP AI\Project Idea\Pose Suggestor\Unsplash1.2K\unsplash_pose_kAn4Jt5z5bg.jpg,ok
unsplash_pose_G0oRmxcf438.jpg,62.37,average,D:\CDAC PGCP AI\Project Idea\Pose Suggestor\Unsplash1.2K\unsplash_pose_G0oRmxcf438.jpg,ok
unsplash_pose_8AGHlJcfe-4.jpg,62.33,average,D:\CDAC PGCP AI\Project Idea\Pose Suggestor\Unsplash1.2K\unsplash_pose_8AGHlJcfe-4.jpg,ok
unsplash_pose_pVUsUOeNU9M.jpg,62.14,average,D:\CDAC PGCP AI\Project Idea\Pose Suggestor\Unsplash1.2K\unsplash_pose_pVUsUOeNU9M.jpg,ok
unsplash_pose_aTaKxDzxmJ0.jpg,62.09,average,D:\CDAC PGCP AI\Project Idea\Pose Suggestor\Unsplash1.2K\unsplash_pose_aTaKxDzxmJ0.jpg,ok
unsplash_pose_8qTZurK_YyI.jpg,61.92,average,D:\CDAC PGCP AI\Project Idea\Pose Suggestor\Unsplash1.2K\unsplash_pose_8qTZurK_YyI.jpg,ok
unsplash_pose__0smPpUjQZI.jpg,61.77,average,D:\CDAC PGCP AI\Project Idea\Pose Suggestor\Unsplash1.2K\unsplash_pose__0smPpUjQZI.jpg,ok
unsplash_pose_7IrcLXrt5eM.jpg,61.76,average,D:\CDAC PGCP AI\Project Idea\Pose Suggestor\Unsplash1.2K\unsplash_pose_7IrcLXrt5eM.jpg,ok
unsplash_pose_GDTgfAMWcqQ.jpg,61.55,average,D:\CDAC PGCP AI\Project Idea\Pose Suggestor\Unsplash1.2K\unsplash_pose_GDTgfAMWcqQ.jpg,ok
unsplash_pose_QXIp_KoFqQ4.jpg,61.54,average,D:\CDAC PGCP AI\Project Idea\Pose Suggestor\Unsplash1.2K\unsplash_pose_QXIp_KoFqQ4.jpg,ok
unsplash_pose_hQxjhjbQfY0.jpg,61.52,average,D:\CDAC PGCP AI\Project Idea\Pose Suggestor\Unsplash1.2K\unsplash_pose_hQxjhjbQfY0.jpg,ok
unsplash_pose_AdDFyXX1zSo.jpg,61.44,average,D:\CDAC PGCP AI\Project Idea\Pose Suggestor\Unsplash1.2K\unsplash_pose_AdDFyXX1zSo.jpg,ok
unsplash_pose_3LRQTzw-m90.jpg,61.29,average,D:\CDAC PGCP AI\Project Idea\Pose Suggestor\Unsplash1.2K\unsplash_pose_3LRQTzw-m90.jpg,ok
unsplash_pose_yQ-1M6MdAwU.jpg,61.15,average,D:\CDAC PGCP AI\Project Idea\Pose Suggestor\Unsplash1.2K\unsplash_pose_yQ-1M6MdAwU.jpg,ok
unsplash_pose_dDD69QuKqg4.jpg,61.01,average,D:\CDAC PGCP AI\Project Idea\Pose Suggestor\Unsplash1.2K\unsplash_pose_dDD69QuKqg4.jpg,ok
unsplash_pose_hx_wUUOcVXQ.jpg,61.0,average,D:\CDAC PGCP AI\Project Idea\Pose Suggestor\Unsplash1.2K\unsplash_pose_hx_wUUOcVXQ.jpg,ok
unsplash_pose_4RtMokDryOw.jpg,60.99,average,D:\CDAC PGCP AI\Project Idea\Pose Suggestor\Unsplash1.2K\unsplash_pose_4RtMokDryOw.jpg,ok
unsplash_pose_C5_RmTHXIoQ.jpg,60.71,average,D:\CDAC PGCP AI\Project Idea\Pose Suggestor\Unsplash1.2K\unsplash_pose_C5_RmTHXIoQ.jpg,ok
unsplash_pose_kBDzAV_q6Sw.jpg,60.7,average,D:\CDAC PGCP AI\Project Idea\Pose Suggestor\Unsplash1.2K\unsplash_pose_kBDzAV_q6Sw.jpg,ok
unsplash_pose_e6G3xJV908g.jpg,60.46,average,D:\CDAC PGCP AI\Project Idea\Pose Suggestor\Unsplash1.2K\unsplash_pose_e6G3xJV908g.jpg,ok
unsplash_pose_czBUABN_RCI.jpg,60.29,average,D:\CDAC PGCP AI\Project Idea\Pose Suggestor\Unsplash1.2K\unsplash_pose_czBUABN_RCI.jpg,ok
unsplash_pose_kbsdwYOZ8TA.jpg,60.11,average,D:\CDAC PGCP AI\Project Idea\Pose Suggestor\Unsplash1.2K\unsplash_pose_kbsdwYOZ8TA.jpg,ok
unsplash_pose_xTaDUjx6AI4.jpg,60.04,average,D:\CDAC PGCP AI\Project Idea\Pose Suggestor\Unsplash1.2K\unsplash_pose_xTaDUjx6AI4.jpg,ok
unsplash_pose_pYaZouRAPaA.jpg,59.95,average,D:\CDAC PGCP AI\Project Idea\Pose Suggestor\Unsplash1.2K\unsplash_pose_pYaZouRAPaA.jpg,ok
unsplash_pose_Av4gNsllkyU.jpg,59.85,average,D:\CDAC PGCP AI\Project Idea\Pose Suggestor\Unsplash1.2K\unsplash_pose_Av4gNsllkyU.jpg,ok
unsplash_pose_JdMBETsB0oc.jpg,59.67,average,D:\CDAC PGCP AI\Project Idea\Pose Suggestor\Unsplash1.2K\unsplash_pose_JdMBETsB0oc.jpg,ok
unsplash_pose_24Afs0-BOdg.jpg,59.29,average,D:\CDAC PGCP AI\Project Idea\Pose Suggestor\Unsplash1.2K\unsplash_pose_24Afs0-BOdg.jpg,ok
unsplash_pose_kHlUENN4Xhc.jpg,59.06,average,D:\CDAC PGCP AI\Project Idea\Pose Suggestor\Unsplash1.2K\unsplash_pose_kHlUENN4Xhc.jpg,ok
unsplash_pose_WXoCpasOPuo.jpg,58.98,average,D:\CDAC PGCP AI\Project Idea\Pose Suggestor\Unsplash1.2K\unsplash_pose_WXoCpasOPuo.jpg,ok
unsplash_pose_ILjYqTMd6p0.jpg,57.57,average,D:\CDAC PGCP AI\Project Idea\Pose Suggestor\Unsplash1.2K\unsplash_pose_ILjYqTMd6p0.jpg,ok
unsplash_pose_HEJy-o65TNk.jpg,57.32,average,D:\CDAC PGCP AI\Project Idea\Pose Suggestor\Unsplash1.2K\unsplash_pose_HEJy-o65TNk.jpg,ok
unsplash_pose_htDU1hQd8rg.jpg,57.07,average,D:\CDAC PGCP AI\Project Idea\Pose Suggestor\Unsplash1.2K\unsplash_pose_htDU1hQd8rg.jpg,ok
unsplash_pose_ywl3J10ZmBI.jpg,56.84,average,D:\CDAC PGCP AI\Project Idea\Pose Suggestor\Unsplash1.2K\unsplash_pose_ywl3J10ZmBI.jpg,ok
unsplash_pose_7LPrJRiZusQ.jpg,53.26,poor,D:\CDAC PGCP AI\Project Idea\Pose Suggestor\Unsplash1.2K\unsplash_pose_7LPrJRiZusQ.jpg,ok
unsplash_pose_IqDN1FsIoKA.jpg,0.0,poor,D:\CDAC PGCP AI\Project Idea\Pose Suggestor\Unsplash1.2K\unsplash_pose_IqDN1FsIoKA.jpg,no_pose_detected
unsplash_pose_zxKtI5YGwDI.jpg,0.0,poor,D:\CDAC PGCP AI\Project Idea\Pose Suggestor\Unsplash1.2K\unsplash_pose_zxKtI5YGwDI.jpg,no_pose_detected
unsplash_pose_hkfG6feLUfg.jpg,0.0,poor,D:\CDAC PGCP AI\Project Idea\Pose Suggestor\Unsplash1.2K\unsplash_pose_hkfG6feLUfg.jpg,no_pose_detected
unsplash_pose_gJbUkhjPU2s.jpg,0.0,poor,D:\CDAC PGCP AI\Project Idea\Pose Suggestor\Unsplash1.2K\unsplash_pose_gJbUkhjPU2s.jpg,no_pose_detected
unsplash_pose_dLCYWCvNqd0.jpg,0.0,poor,D:\CDAC PGCP AI\Project Idea\Pose Suggestor\Unsplash1.2K\unsplash_pose_dLCYWCvNqd0.jpg,no_pose_detected
unsplash_pose_kF2Lex6d9e8.jpg,0.0,poor,D:\CDAC PGCP AI\Project Idea\Pose Suggestor\Unsplash1.2K\unsplash_pose_kF2Lex6d9e8.jpg,no_pose_detected
unsplash_pose_sGTIwI58noA.jpg,0.0,poor,D:\CDAC PGCP AI\Project Idea\Pose Suggestor\Unsplash1.2K\unsplash_pose_sGTIwI58noA.jpg,no_pose_detected
unsplash_pose_Ltf-zHwV1vk.jpg,0.0,poor,D:\CDAC PGCP AI\Project Idea\Pose Suggestor\Unsplash1.2K\unsplash_pose_Ltf-zHwV1vk.jpg,no_pose_detected
unsplash_pose_boXsYkp5AGE.jpg,0.0,poor,D:\CDAC PGCP AI\Project Idea\Pose Suggestor\Unsplash1.2K\unsplash_pose_boXsYkp5AGE.jpg,no_pose_detected
unsplash_pose_7BRLaVf1WMo.jpg,0.0,poor,D:\CDAC PGCP AI\Project Idea\Pose Suggestor\Unsplash1.2K\unsplash_pose_7BRLaVf1WMo.jpg,no_pose_detected
unsplash_pose_6nqu1M-RrAQ.jpg,0.0,poor,D:\CDAC PGCP AI\Project Idea\Pose Suggestor\Unsplash1.2K\unsplash_pose_6nqu1M-RrAQ.jpg,no_pose_detected
unsplash_pose_6oTvYAsbclM.jpg,0.0,poor,D:\CDAC PGCP AI\Project Idea\Pose Suggestor\Unsplash1.2K\unsplash_pose_6oTvYAsbclM.jpg,no_pose_detected
