filename,filepath,score,status
unsplash_pose_7mYMFtkjObs.jpg,d:\CDAC PGCP AI\Project Idea\Pose Suggestor\unsplash_pose_dataset\unsplash_pose_7mYMFtkjObs.jpg,96.01,ok
unsplash_pose_l1LjCZhcrn8.jpg,d:\CDAC PGCP AI\Project Idea\Pose Suggestor\unsplash_pose_dataset\unsplash_pose_l1LjCZhcrn8.jpg,95.54,ok
unsplash_pose_7rZI78EgBUc.jpg,d:\CDAC PGCP AI\Project Idea\Pose Suggestor\unsplash_pose_dataset\unsplash_pose_7rZI78EgBUc.jpg,92.93,ok
unsplash_pose_nyA-t63X22c.jpg,d:\CDAC PGCP AI\Project Idea\Pose Suggestor\unsplash_pose_dataset\unsplash_pose_nyA-t63X22c.jpg,91.74,ok
unsplash_pose_ke0Ts9N7l6I.jpg,d:\CDAC PGCP AI\Project Idea\Pose Suggestor\unsplash_pose_dataset\unsplash_pose_ke0Ts9N7l6I.jpg,91.53,ok
unsplash_pose_7DdekhjoAl0.jpg,d:\CDAC PGCP AI\Project Idea\Pose Suggestor\unsplash_pose_dataset\unsplash_pose_7DdekhjoAl0.jpg,91.5,ok
unsplash_pose_OlknUkex2CA.jpg,d:\CDAC PGCP AI\Project Idea\Pose Suggestor\unsplash_pose_dataset\unsplash_pose_OlknUkex2CA.jpg,90.25,ok
unsplash_pose_R8BB9uDpVLc.jpg,d:\CDAC PGCP AI\Project Idea\Pose Suggestor\unsplash_pose_dataset\unsplash_pose_R8BB9uDpVLc.jpg,89.19,ok
unsplash_pose_pj2LT1vSjaY.jpg,d:\CDAC PGCP AI\Project Idea\Pose Suggestor\unsplash_pose_dataset\unsplash_pose_pj2LT1vSjaY.jpg,89.06,ok
unsplash_pose_PpLkFQk5is4.jpg,d:\CDAC PGCP AI\Project Idea\Pose Suggestor\unsplash_pose_dataset\unsplash_pose_PpLkFQk5is4.jpg,88.74,ok
unsplash_pose_OTdceLl0TWw.jpg,d:\CDAC PGCP AI\Project Idea\Pose Suggestor\unsplash_pose_dataset\unsplash_pose_OTdceLl0TWw.jpg,88.72,ok
unsplash_pose_98G1W52Q7f0.jpg,d:\CDAC PGCP AI\Project Idea\Pose Suggestor\unsplash_pose_dataset\unsplash_pose_98G1W52Q7f0.jpg,88.45,ok
unsplash_pose_o1v2RwnVTxI.jpg,d:\CDAC PGCP AI\Project Idea\Pose Suggestor\unsplash_pose_dataset\unsplash_pose_o1v2RwnVTxI.jpg,88.38,ok
unsplash_pose_JAXl0bI5P70.jpg,d:\CDAC PGCP AI\Project Idea\Pose Suggestor\unsplash_pose_dataset\unsplash_pose_JAXl0bI5P70.jpg,88.33,ok
unsplash_pose_Q3xYu5EKpSE.jpg,d:\CDAC PGCP AI\Project Idea\Pose Suggestor\unsplash_pose_dataset\unsplash_pose_Q3xYu5EKpSE.jpg,88.2,ok
unsplash_pose_YaMVnpW92Os.jpg,d:\CDAC PGCP AI\Project Idea\Pose Suggestor\unsplash_pose_dataset\unsplash_pose_YaMVnpW92Os.jpg,87.77,ok
unsplash_pose_ikQms1GeDp8.jpg,d:\CDAC PGCP AI\Project Idea\Pose Suggestor\unsplash_pose_dataset\unsplash_pose_ikQms1GeDp8.jpg,87.73,ok
unsplash_pose_RgZ14gbYdLA.jpg,d:\CDAC PGCP AI\Project Idea\Pose Suggestor\unsplash_pose_dataset\unsplash_pose_RgZ14gbYdLA.jpg,87.6,ok
unsplash_pose_BONVzPnUyY4.jpg,d:\CDAC PGCP AI\Project Idea\Pose Suggestor\unsplash_pose_dataset\unsplash_pose_BONVzPnUyY4.jpg,87.55,ok
unsplash_pose_UjZt-BWwM-M.jpg,d:\CDAC PGCP AI\Project Idea\Pose Suggestor\unsplash_pose_dataset\unsplash_pose_UjZt-BWwM-M.jpg,87.52,ok
unsplash_pose_5HJ7Sl0QRtE.jpg,d:\CDAC PGCP AI\Project Idea\Pose Suggestor\unsplash_pose_dataset\unsplash_pose_5HJ7Sl0QRtE.jpg,87.47,ok
unsplash_pose_eC_uhOmownM.jpg,d:\CDAC PGCP AI\Project Idea\Pose Suggestor\unsplash_pose_dataset\unsplash_pose_eC_uhOmownM.jpg,87.4,ok
unsplash_pose_z6TagXYrOaU.jpg,d:\CDAC PGCP AI\Project Idea\Pose Suggestor\unsplash_pose_dataset\unsplash_pose_z6TagXYrOaU.jpg,87.37,ok
unsplash_pose_Xnzk8PMqjKA.jpg,d:\CDAC PGCP AI\Project Idea\Pose Suggestor\unsplash_pose_dataset\unsplash_pose_Xnzk8PMqjKA.jpg,87.29,ok
unsplash_pose_8GIvE_7VjIc.jpg,d:\CDAC PGCP AI\Project Idea\Pose Suggestor\unsplash_pose_dataset\unsplash_pose_8GIvE_7VjIc.jpg,87.25,ok
unsplash_pose_rt59JCXzpcU.jpg,d:\CDAC PGCP AI\Project Idea\Pose Suggestor\unsplash_pose_dataset\unsplash_pose_rt59JCXzpcU.jpg,87.18,ok
unsplash_pose_RqeNxbKWhZI.jpg,d:\CDAC PGCP AI\Project Idea\Pose Suggestor\unsplash_pose_dataset\unsplash_pose_RqeNxbKWhZI.jpg,87.05,ok
unsplash_pose_mnOlw0ERRDg.jpg,d:\CDAC PGCP AI\Project Idea\Pose Suggestor\unsplash_pose_dataset\unsplash_pose_mnOlw0ERRDg.jpg,87.04,ok
unsplash_pose_H5oxFwfUr6s.jpg,d:\CDAC PGCP AI\Project Idea\Pose Suggestor\unsplash_pose_dataset\unsplash_pose_H5oxFwfUr6s.jpg,86.99,ok
unsplash_pose_fKszlW65LKE.jpg,d:\CDAC PGCP AI\Project Idea\Pose Suggestor\unsplash_pose_dataset\unsplash_pose_fKszlW65LKE.jpg,86.87,ok
unsplash_pose_9dbd26SY6vI.jpg,d:\CDAC PGCP AI\Project Idea\Pose Suggestor\unsplash_pose_dataset\unsplash_pose_9dbd26SY6vI.jpg,86.81,ok
unsplash_pose_BReSQo8qwjs.jpg,d:\CDAC PGCP AI\Project Idea\Pose Suggestor\unsplash_pose_dataset\unsplash_pose_BReSQo8qwjs.jpg,86.72,ok
unsplash_pose_aTHs7ozqgNM.jpg,d:\CDAC PGCP AI\Project Idea\Pose Suggestor\unsplash_pose_dataset\unsplash_pose_aTHs7ozqgNM.jpg,86.66,ok
unsplash_pose_UlckiiBORNc.jpg,d:\CDAC PGCP AI\Project Idea\Pose Suggestor\unsplash_pose_dataset\unsplash_pose_UlckiiBORNc.jpg,86.66,ok
unsplash_pose_C1sDxiSsE-8.jpg,d:\CDAC PGCP AI\Project Idea\Pose Suggestor\unsplash_pose_dataset\unsplash_pose_C1sDxiSsE-8.jpg,86.6,ok
unsplash_pose_wIGyzIHN7-U.jpg,d:\CDAC PGCP AI\Project Idea\Pose Suggestor\unsplash_pose_dataset\unsplash_pose_wIGyzIHN7-U.jpg,86.59,ok
unsplash_pose_RNKoJeLIWrU.jpg,d:\CDAC PGCP AI\Project Idea\Pose Suggestor\unsplash_pose_dataset\unsplash_pose_RNKoJeLIWrU.jpg,86.57,ok
unsplash_pose_seiWb-gzYAY.jpg,d:\CDAC PGCP AI\Project Idea\Pose Suggestor\unsplash_pose_dataset\unsplash_pose_seiWb-gzYAY.jpg,86.54,ok
unsplash_pose_rMsF77XCx0U.jpg,d:\CDAC PGCP AI\Project Idea\Pose Suggestor\unsplash_pose_dataset\unsplash_pose_rMsF77XCx0U.jpg,86.53,ok
unsplash_pose_HtnjwPpRJYk.jpg,d:\CDAC PGCP AI\Project Idea\Pose Suggestor\unsplash_pose_dataset\unsplash_pose_HtnjwPpRJYk.jpg,86.47,ok
unsplash_pose_3P9XPYKZWIM.jpg,d:\CDAC PGCP AI\Project Idea\Pose Suggestor\unsplash_pose_dataset\unsplash_pose_3P9XPYKZWIM.jpg,86.4,ok
unsplash_pose_7OaNxcZBZlc.jpg,d:\CDAC PGCP AI\Project Idea\Pose Suggestor\unsplash_pose_dataset\unsplash_pose_7OaNxcZBZlc.jpg,86.34,ok
unsplash_pose_sN4tEHzC4lQ.jpg,d:\CDAC PGCP AI\Project Idea\Pose Suggestor\unsplash_pose_dataset\unsplash_pose_sN4tEHzC4lQ.jpg,86.17,ok
unsplash_pose_eToH-X6yfUg.jpg,d:\CDAC PGCP AI\Project Idea\Pose Suggestor\unsplash_pose_dataset\unsplash_pose_eToH-X6yfUg.jpg,86.17,ok
unsplash_pose_piuq7b8yU2U.jpg,d:\CDAC PGCP AI\Project Idea\Pose Suggestor\unsplash_pose_dataset\unsplash_pose_piuq7b8yU2U.jpg,86.07,ok
unsplash_pose_-TQwOD8rdLU.jpg,d:\CDAC PGCP AI\Project Idea\Pose Suggestor\unsplash_pose_dataset\unsplash_pose_-TQwOD8rdLU.jpg,86.05,ok
unsplash_pose_j5ANn7RBEhM.jpg,d:\CDAC PGCP AI\Project Idea\Pose Suggestor\unsplash_pose_dataset\unsplash_pose_j5ANn7RBEhM.jpg,86,ok
unsplash_pose_fawBcj30NXA.jpg,d:\CDAC PGCP AI\Project Idea\Pose Suggestor\unsplash_pose_dataset\unsplash_pose_fawBcj30NXA.jpg,85.97,ok
unsplash_pose_A2JvjIiB-Lc.jpg,d:\CDAC PGCP AI\Project Idea\Pose Suggestor\unsplash_pose_dataset\unsplash_pose_A2JvjIiB-Lc.jpg,85.86,ok
unsplash_pose_TFe8liWdRHY.jpg,d:\CDAC PGCP AI\Project Idea\Pose Suggestor\unsplash_pose_dataset\unsplash_pose_TFe8liWdRHY.jpg,85.86,ok
unsplash_pose_turuFA7D9ws.jpg,d:\CDAC PGCP AI\Project Idea\Pose Suggestor\unsplash_pose_dataset\unsplash_pose_turuFA7D9ws.jpg,85.83,ok
unsplash_pose_3XCFqdWlh5c.jpg,d:\CDAC PGCP AI\Project Idea\Pose Suggestor\unsplash_pose_dataset\unsplash_pose_3XCFqdWlh5c.jpg,85.75,ok
unsplash_pose_rTTYQeEQFC8.jpg,d:\CDAC PGCP AI\Project Idea\Pose Suggestor\unsplash_pose_dataset\unsplash_pose_rTTYQeEQFC8.jpg,85.73,ok
unsplash_pose_HzY_UYCNYsQ.jpg,d:\CDAC PGCP AI\Project Idea\Pose Suggestor\unsplash_pose_dataset\unsplash_pose_HzY_UYCNYsQ.jpg,85.73,ok
unsplash_pose_9L87qvbYJIE.jpg,d:\CDAC PGCP AI\Project Idea\Pose Suggestor\unsplash_pose_dataset\unsplash_pose_9L87qvbYJIE.jpg,85.68,ok
unsplash_pose_Z-Ae1Zj9YbM.jpg,d:\CDAC PGCP AI\Project Idea\Pose Suggestor\unsplash_pose_dataset\unsplash_pose_Z-Ae1Zj9YbM.jpg,85.57,ok
unsplash_pose_BlQOgXrFX-Q.jpg,d:\CDAC PGCP AI\Project Idea\Pose Suggestor\unsplash_pose_dataset\unsplash_pose_BlQOgXrFX-Q.jpg,85.53,ok
unsplash_pose_chbckpjDswM.jpg,d:\CDAC PGCP AI\Project Idea\Pose Suggestor\unsplash_pose_dataset\unsplash_pose_chbckpjDswM.jpg,85.53,ok
unsplash_pose_zv4A_Xj5NVo.jpg,d:\CDAC PGCP AI\Project Idea\Pose Suggestor\unsplash_pose_dataset\unsplash_pose_zv4A_Xj5NVo.jpg,85.52,ok
unsplash_pose_VonYASkhn4I.jpg,d:\CDAC PGCP AI\Project Idea\Pose Suggestor\unsplash_pose_dataset\unsplash_pose_VonYASkhn4I.jpg,85.48,ok
unsplash_pose_FbJW1l0Lf-w.jpg,d:\CDAC PGCP AI\Project Idea\Pose Suggestor\unsplash_pose_dataset\unsplash_pose_FbJW1l0Lf-w.jpg,85.47,ok
unsplash_pose_sEoZHipn7j4.jpg,d:\CDAC PGCP AI\Project Idea\Pose Suggestor\unsplash_pose_dataset\unsplash_pose_sEoZHipn7j4.jpg,85.45,ok
unsplash_pose_uZS-v9aa338.jpg,d:\CDAC PGCP AI\Project Idea\Pose Suggestor\unsplash_pose_dataset\unsplash_pose_uZS-v9aa338.jpg,85.44,ok
unsplash_pose_taBjqHJkR4c.jpg,d:\CDAC PGCP AI\Project Idea\Pose Suggestor\unsplash_pose_dataset\unsplash_pose_taBjqHJkR4c.jpg,85.31,ok
unsplash_pose_VqUgxh8tj50.jpg,d:\CDAC PGCP AI\Project Idea\Pose Suggestor\unsplash_pose_dataset\unsplash_pose_VqUgxh8tj50.jpg,85.15,ok
unsplash_pose_Mtc56zc0x04.jpg,d:\CDAC PGCP AI\Project Idea\Pose Suggestor\unsplash_pose_dataset\unsplash_pose_Mtc56zc0x04.jpg,85.09,ok
unsplash_pose_jxy-yKnnkjY.jpg,d:\CDAC PGCP AI\Project Idea\Pose Suggestor\unsplash_pose_dataset\unsplash_pose_jxy-yKnnkjY.jpg,84.93,ok
unsplash_pose_5Cx3VaHhUGQ.jpg,d:\CDAC PGCP AI\Project Idea\Pose Suggestor\unsplash_pose_dataset\unsplash_pose_5Cx3VaHhUGQ.jpg,84.91,ok
unsplash_pose_t8uHYszz9Ps.jpg,d:\CDAC PGCP AI\Project Idea\Pose Suggestor\unsplash_pose_dataset\unsplash_pose_t8uHYszz9Ps.jpg,84.87,ok
unsplash_pose_ocEbvB4ozss.jpg,d:\CDAC PGCP AI\Project Idea\Pose Suggestor\unsplash_pose_dataset\unsplash_pose_ocEbvB4ozss.jpg,84.86,ok
unsplash_pose_uGsFkvQbx6E.jpg,d:\CDAC PGCP AI\Project Idea\Pose Suggestor\unsplash_pose_dataset\unsplash_pose_uGsFkvQbx6E.jpg,84.76,ok
unsplash_pose_h4AAGJHWLzM.jpg,d:\CDAC PGCP AI\Project Idea\Pose Suggestor\unsplash_pose_dataset\unsplash_pose_h4AAGJHWLzM.jpg,84.74,ok
unsplash_pose_RG1JAjHPmrA.jpg,d:\CDAC PGCP AI\Project Idea\Pose Suggestor\unsplash_pose_dataset\unsplash_pose_RG1JAjHPmrA.jpg,84.73,ok
unsplash_pose__MnbIoOIarM.jpg,d:\CDAC PGCP AI\Project Idea\Pose Suggestor\unsplash_pose_dataset\unsplash_pose__MnbIoOIarM.jpg,84.63,ok
unsplash_pose_eLSqrcfjH3A.jpg,d:\CDAC PGCP AI\Project Idea\Pose Suggestor\unsplash_pose_dataset\unsplash_pose_eLSqrcfjH3A.jpg,84.59,ok
unsplash_pose_ceszFx4XGJ4.jpg,d:\CDAC PGCP AI\Project Idea\Pose Suggestor\unsplash_pose_dataset\unsplash_pose_ceszFx4XGJ4.jpg,84.56,ok
unsplash_pose_-uV1Zfh4YMQ.jpg,d:\CDAC PGCP AI\Project Idea\Pose Suggestor\unsplash_pose_dataset\unsplash_pose_-uV1Zfh4YMQ.jpg,84.54,ok
unsplash_pose_3JbNQQMh7OY.jpg,d:\CDAC PGCP AI\Project Idea\Pose Suggestor\unsplash_pose_dataset\unsplash_pose_3JbNQQMh7OY.jpg,84.48,ok
unsplash_pose_A6Y1aLmMr5I.jpg,d:\CDAC PGCP AI\Project Idea\Pose Suggestor\unsplash_pose_dataset\unsplash_pose_A6Y1aLmMr5I.jpg,84.46,ok
unsplash_pose_GGMvNa4-3Ew.jpg,d:\CDAC PGCP AI\Project Idea\Pose Suggestor\unsplash_pose_dataset\unsplash_pose_GGMvNa4-3Ew.jpg,84.39,ok
unsplash_pose_Ey3KtQSFMlQ.jpg,d:\CDAC PGCP AI\Project Idea\Pose Suggestor\unsplash_pose_dataset\unsplash_pose_Ey3KtQSFMlQ.jpg,84.37,ok
unsplash_pose_rI-SYbao7RQ.jpg,d:\CDAC PGCP AI\Project Idea\Pose Suggestor\unsplash_pose_dataset\unsplash_pose_rI-SYbao7RQ.jpg,84.35,ok
unsplash_pose_161_ToLlvHw.jpg,d:\CDAC PGCP AI\Project Idea\Pose Suggestor\unsplash_pose_dataset\unsplash_pose_161_ToLlvHw.jpg,84.22,ok
unsplash_pose_Fp1pb_cqlNM.jpg,d:\CDAC PGCP AI\Project Idea\Pose Suggestor\unsplash_pose_dataset\unsplash_pose_Fp1pb_cqlNM.jpg,84.22,ok
unsplash_pose_GpflXIE9v4E.jpg,d:\CDAC PGCP AI\Project Idea\Pose Suggestor\unsplash_pose_dataset\unsplash_pose_GpflXIE9v4E.jpg,84.19,ok
unsplash_pose_MbElizA8LKU.jpg,d:\CDAC PGCP AI\Project Idea\Pose Suggestor\unsplash_pose_dataset\unsplash_pose_MbElizA8LKU.jpg,84.16,ok
unsplash_pose_J2Aqjk3FXws.jpg,d:\CDAC PGCP AI\Project Idea\Pose Suggestor\unsplash_pose_dataset\unsplash_pose_J2Aqjk3FXws.jpg,84.16,ok
unsplash_pose_Y7HkIMIBGV0.jpg,d:\CDAC PGCP AI\Project Idea\Pose Suggestor\unsplash_pose_dataset\unsplash_pose_Y7HkIMIBGV0.jpg,84.09,ok
unsplash_pose_tbi-6iEbss4.jpg,d:\CDAC PGCP AI\Project Idea\Pose Suggestor\unsplash_pose_dataset\unsplash_pose_tbi-6iEbss4.jpg,84.08,ok
unsplash_pose_6vuv427aibw.jpg,d:\CDAC PGCP AI\Project Idea\Pose Suggestor\unsplash_pose_dataset\unsplash_pose_6vuv427aibw.jpg,84.04,ok
unsplash_pose_Y2vzsEn_4v8.jpg,d:\CDAC PGCP AI\Project Idea\Pose Suggestor\unsplash_pose_dataset\unsplash_pose_Y2vzsEn_4v8.jpg,84.01,ok
unsplash_pose_x7eVNFXCph0.jpg,d:\CDAC PGCP AI\Project Idea\Pose Suggestor\unsplash_pose_dataset\unsplash_pose_x7eVNFXCph0.jpg,83.98,ok
unsplash_pose_3QecIJh2dbY.jpg,d:\CDAC PGCP AI\Project Idea\Pose Suggestor\unsplash_pose_dataset\unsplash_pose_3QecIJh2dbY.jpg,83.94,ok
unsplash_pose_B2gRcfyfsgE.jpg,d:\CDAC PGCP AI\Project Idea\Pose Suggestor\unsplash_pose_dataset\unsplash_pose_B2gRcfyfsgE.jpg,83.92,ok
unsplash_pose_EwM1EqeIYzk.jpg,d:\CDAC PGCP AI\Project Idea\Pose Suggestor\unsplash_pose_dataset\unsplash_pose_EwM1EqeIYzk.jpg,83.91,ok
unsplash_pose_CB84hFScDdc.jpg,d:\CDAC PGCP AI\Project Idea\Pose Suggestor\unsplash_pose_dataset\unsplash_pose_CB84hFScDdc.jpg,83.87,ok
unsplash_pose_AfXrQq5f6wc.jpg,d:\CDAC PGCP AI\Project Idea\Pose Suggestor\unsplash_pose_dataset\unsplash_pose_AfXrQq5f6wc.jpg,83.85,ok
unsplash_pose_f2P6u9VXylc.jpg,d:\CDAC PGCP AI\Project Idea\Pose Suggestor\unsplash_pose_dataset\unsplash_pose_f2P6u9VXylc.jpg,83.81,ok
unsplash_pose_NxGRsXccyfA.jpg,d:\CDAC PGCP AI\Project Idea\Pose Suggestor\unsplash_pose_dataset\unsplash_pose_NxGRsXccyfA.jpg,83.79,ok
unsplash_pose_TjFjXHyfvW8.jpg,d:\CDAC PGCP AI\Project Idea\Pose Suggestor\unsplash_pose_dataset\unsplash_pose_TjFjXHyfvW8.jpg,83.79,ok
unsplash_pose_gyWgWCoD2U4.jpg,d:\CDAC PGCP AI\Project Idea\Pose Suggestor\unsplash_pose_dataset\unsplash_pose_gyWgWCoD2U4.jpg,83.76,ok
unsplash_pose_Nd6iCNIbbJk.jpg,d:\CDAC PGCP AI\Project Idea\Pose Suggestor\unsplash_pose_dataset\unsplash_pose_Nd6iCNIbbJk.jpg,83.73,ok
unsplash_pose_9E_6hXT0RpU.jpg,d:\CDAC PGCP AI\Project Idea\Pose Suggestor\unsplash_pose_dataset\unsplash_pose_9E_6hXT0RpU.jpg,83.66,ok
unsplash_pose_SzGLx1HWS7I.jpg,d:\CDAC PGCP AI\Project Idea\Pose Suggestor\unsplash_pose_dataset\unsplash_pose_SzGLx1HWS7I.jpg,83.64,ok
unsplash_pose_kNYw6jEr9Ho.jpg,d:\CDAC PGCP AI\Project Idea\Pose Suggestor\unsplash_pose_dataset\unsplash_pose_kNYw6jEr9Ho.jpg,83.6,ok
unsplash_pose_OaWZsPqS94k.jpg,d:\CDAC PGCP AI\Project Idea\Pose Suggestor\unsplash_pose_dataset\unsplash_pose_OaWZsPqS94k.jpg,83.55,ok
unsplash_pose_2__9TMc8Bu4.jpg,d:\CDAC PGCP AI\Project Idea\Pose Suggestor\unsplash_pose_dataset\unsplash_pose_2__9TMc8Bu4.jpg,83.52,ok
unsplash_pose_LY09RfHOoVk.jpg,d:\CDAC PGCP AI\Project Idea\Pose Suggestor\unsplash_pose_dataset\unsplash_pose_LY09RfHOoVk.jpg,83.44,ok
unsplash_pose_y_yUpHDLctE.jpg,d:\CDAC PGCP AI\Project Idea\Pose Suggestor\unsplash_pose_dataset\unsplash_pose_y_yUpHDLctE.jpg,83.41,ok
unsplash_pose_YTIt1AsCjl0.jpg,d:\CDAC PGCP AI\Project Idea\Pose Suggestor\unsplash_pose_dataset\unsplash_pose_YTIt1AsCjl0.jpg,83.41,ok
unsplash_pose_cuZDK33D_wU.jpg,d:\CDAC PGCP AI\Project Idea\Pose Suggestor\unsplash_pose_dataset\unsplash_pose_cuZDK33D_wU.jpg,83.4,ok
unsplash_pose_lBFqCwwRGAA.jpg,d:\CDAC PGCP AI\Project Idea\Pose Suggestor\unsplash_pose_dataset\unsplash_pose_lBFqCwwRGAA.jpg,83.35,ok
unsplash_pose_nwx1zTfKHGI.jpg,d:\CDAC PGCP AI\Project Idea\Pose Suggestor\unsplash_pose_dataset\unsplash_pose_nwx1zTfKHGI.jpg,83.35,ok
unsplash_pose_Umd2wXvhFOQ.jpg,d:\CDAC PGCP AI\Project Idea\Pose Suggestor\unsplash_pose_dataset\unsplash_pose_Umd2wXvhFOQ.jpg,83.33,ok
unsplash_pose_PHl7XAmkm-w.jpg,d:\CDAC PGCP AI\Project Idea\Pose Suggestor\unsplash_pose_dataset\unsplash_pose_PHl7XAmkm-w.jpg,83.31,ok
unsplash_pose_klICwkEpdmM.jpg,d:\CDAC PGCP AI\Project Idea\Pose Suggestor\unsplash_pose_dataset\unsplash_pose_klICwkEpdmM.jpg,83.26,ok
unsplash_pose_xoEOaAXOhEA.jpg,d:\CDAC PGCP AI\Project Idea\Pose Suggestor\unsplash_pose_dataset\unsplash_pose_xoEOaAXOhEA.jpg,83.23,ok
unsplash_pose_Uni0IBVcivg.jpg,d:\CDAC PGCP AI\Project Idea\Pose Suggestor\unsplash_pose_dataset\unsplash_pose_Uni0IBVcivg.jpg,83.19,ok
unsplash_pose_uvTUI7tu7qI.jpg,d:\CDAC PGCP AI\Project Idea\Pose Suggestor\unsplash_pose_dataset\unsplash_pose_uvTUI7tu7qI.jpg,83.19,ok
unsplash_pose_1DB1WsVmO80.jpg,d:\CDAC PGCP AI\Project Idea\Pose Suggestor\unsplash_pose_dataset\unsplash_pose_1DB1WsVmO80.jpg,83.18,ok
unsplash_pose_ZMYGPcKFSP4.jpg,d:\CDAC PGCP AI\Project Idea\Pose Suggestor\unsplash_pose_dataset\unsplash_pose_ZMYGPcKFSP4.jpg,83.18,ok
unsplash_pose_cfQiXG92zGk.jpg,d:\CDAC PGCP AI\Project Idea\Pose Suggestor\unsplash_pose_dataset\unsplash_pose_cfQiXG92zGk.jpg,83.14,ok
unsplash_pose_mtfMFR7J4eU.jpg,d:\CDAC PGCP AI\Project Idea\Pose Suggestor\unsplash_pose_dataset\unsplash_pose_mtfMFR7J4eU.jpg,83.13,ok
unsplash_pose_lHuyF8U2TRA.jpg,d:\CDAC PGCP AI\Project Idea\Pose Suggestor\unsplash_pose_dataset\unsplash_pose_lHuyF8U2TRA.jpg,83.08,ok
unsplash_pose_iE5PIYn698Q.jpg,d:\CDAC PGCP AI\Project Idea\Pose Suggestor\unsplash_pose_dataset\unsplash_pose_iE5PIYn698Q.jpg,83.07,ok
unsplash_pose_bv1tUxbVDEc.jpg,d:\CDAC PGCP AI\Project Idea\Pose Suggestor\unsplash_pose_dataset\unsplash_pose_bv1tUxbVDEc.jpg,83.07,ok
unsplash_pose_JIfkjVJM3dk.jpg,d:\CDAC PGCP AI\Project Idea\Pose Suggestor\unsplash_pose_dataset\unsplash_pose_JIfkjVJM3dk.jpg,83.06,ok
unsplash_pose_DCDj5TeIkAU.jpg,d:\CDAC PGCP AI\Project Idea\Pose Suggestor\unsplash_pose_dataset\unsplash_pose_DCDj5TeIkAU.jpg,83.02,ok
unsplash_pose_A1TMRi1U5uw.jpg,d:\CDAC PGCP AI\Project Idea\Pose Suggestor\unsplash_pose_dataset\unsplash_pose_A1TMRi1U5uw.jpg,83.01,ok
unsplash_pose_sR5GxrsBxD4.jpg,d:\CDAC PGCP AI\Project Idea\Pose Suggestor\unsplash_pose_dataset\unsplash_pose_sR5GxrsBxD4.jpg,82.96,ok
unsplash_pose_I33ODbRKULM.jpg,d:\CDAC PGCP AI\Project Idea\Pose Suggestor\unsplash_pose_dataset\unsplash_pose_I33ODbRKULM.jpg,82.96,ok
unsplash_pose_Rmh6HbfooiM.jpg,d:\CDAC PGCP AI\Project Idea\Pose Suggestor\unsplash_pose_dataset\unsplash_pose_Rmh6HbfooiM.jpg,82.94,ok
unsplash_pose_APzyHZJtfWk.jpg,d:\CDAC PGCP AI\Project Idea\Pose Suggestor\unsplash_pose_dataset\unsplash_pose_APzyHZJtfWk.jpg,82.86,ok
unsplash_pose_tbyxm09ekWg.jpg,d:\CDAC PGCP AI\Project Idea\Pose Suggestor\unsplash_pose_dataset\unsplash_pose_tbyxm09ekWg.jpg,82.86,ok
unsplash_pose_TkBlvziQFkg.jpg,d:\CDAC PGCP AI\Project Idea\Pose Suggestor\unsplash_pose_dataset\unsplash_pose_TkBlvziQFkg.jpg,82.73,ok
unsplash_pose_7ORkFldW24k.jpg,d:\CDAC PGCP AI\Project Idea\Pose Suggestor\unsplash_pose_dataset\unsplash_pose_7ORkFldW24k.jpg,82.7,ok
unsplash_pose_u9ufuyJGA4s.jpg,d:\CDAC PGCP AI\Project Idea\Pose Suggestor\unsplash_pose_dataset\unsplash_pose_u9ufuyJGA4s.jpg,82.69,ok
unsplash_pose_7vYUPML_41I.jpg,d:\CDAC PGCP AI\Project Idea\Pose Suggestor\unsplash_pose_dataset\unsplash_pose_7vYUPML_41I.jpg,82.69,ok
unsplash_pose_iK7eKbbsxjM.jpg,d:\CDAC PGCP AI\Project Idea\Pose Suggestor\unsplash_pose_dataset\unsplash_pose_iK7eKbbsxjM.jpg,82.67,ok
unsplash_pose_VUSdlpXY-c0.jpg,d:\CDAC PGCP AI\Project Idea\Pose Suggestor\unsplash_pose_dataset\unsplash_pose_VUSdlpXY-c0.jpg,82.65,ok
unsplash_pose_72K2hAiACYw.jpg,d:\CDAC PGCP AI\Project Idea\Pose Suggestor\unsplash_pose_dataset\unsplash_pose_72K2hAiACYw.jpg,82.64,ok
unsplash_pose_1_2yD7XS-wo.jpg,d:\CDAC PGCP AI\Project Idea\Pose Suggestor\unsplash_pose_dataset\unsplash_pose_1_2yD7XS-wo.jpg,82.63,ok
unsplash_pose_Lqej77_JAPU.jpg,d:\CDAC PGCP AI\Project Idea\Pose Suggestor\unsplash_pose_dataset\unsplash_pose_Lqej77_JAPU.jpg,82.6,ok
unsplash_pose_kwsVn7OCzXA.jpg,d:\CDAC PGCP AI\Project Idea\Pose Suggestor\unsplash_pose_dataset\unsplash_pose_kwsVn7OCzXA.jpg,82.59,ok
unsplash_pose_0tHqkE-oG7M.jpg,d:\CDAC PGCP AI\Project Idea\Pose Suggestor\unsplash_pose_dataset\unsplash_pose_0tHqkE-oG7M.jpg,82.59,ok
unsplash_pose_WzydA2yEmAc.jpg,d:\CDAC PGCP AI\Project Idea\Pose Suggestor\unsplash_pose_dataset\unsplash_pose_WzydA2yEmAc.jpg,82.57,ok
unsplash_pose_CZCHc_iwoec.jpg,d:\CDAC PGCP AI\Project Idea\Pose Suggestor\unsplash_pose_dataset\unsplash_pose_CZCHc_iwoec.jpg,82.51,ok
unsplash_pose_5eQpWZfFONQ.jpg,d:\CDAC PGCP AI\Project Idea\Pose Suggestor\unsplash_pose_dataset\unsplash_pose_5eQpWZfFONQ.jpg,82.49,ok
unsplash_pose_9Ettd1UDPdg.jpg,d:\CDAC PGCP AI\Project Idea\Pose Suggestor\unsplash_pose_dataset\unsplash_pose_9Ettd1UDPdg.jpg,82.47,ok
unsplash_pose_7LEnSdX2WNU.jpg,d:\CDAC PGCP AI\Project Idea\Pose Suggestor\unsplash_pose_dataset\unsplash_pose_7LEnSdX2WNU.jpg,82.42,ok
unsplash_pose_PrPBJKSM02o.jpg,d:\CDAC PGCP AI\Project Idea\Pose Suggestor\unsplash_pose_dataset\unsplash_pose_PrPBJKSM02o.jpg,82.35,ok
unsplash_pose_hnuUMxzcIm8.jpg,d:\CDAC PGCP AI\Project Idea\Pose Suggestor\unsplash_pose_dataset\unsplash_pose_hnuUMxzcIm8.jpg,82.32,ok
unsplash_pose_1oT6gZ1DdHE.jpg,d:\CDAC PGCP AI\Project Idea\Pose Suggestor\unsplash_pose_dataset\unsplash_pose_1oT6gZ1DdHE.jpg,82.32,ok
unsplash_pose_u3fq5EPkbuY.jpg,d:\CDAC PGCP AI\Project Idea\Pose Suggestor\unsplash_pose_dataset\unsplash_pose_u3fq5EPkbuY.jpg,82.3,ok
unsplash_pose_bWWArXKRs-g.jpg,d:\CDAC PGCP AI\Project Idea\Pose Suggestor\unsplash_pose_dataset\unsplash_pose_bWWArXKRs-g.jpg,82.29,ok
unsplash_pose_laGW18xud5g.jpg,d:\CDAC PGCP AI\Project Idea\Pose Suggestor\unsplash_pose_dataset\unsplash_pose_laGW18xud5g.jpg,82.28,ok
unsplash_pose_Su0PfP77x8I.jpg,d:\CDAC PGCP AI\Project Idea\Pose Suggestor\unsplash_pose_dataset\unsplash_pose_Su0PfP77x8I.jpg,82.2,ok
unsplash_pose_dMVfUE-9rZw.jpg,d:\CDAC PGCP AI\Project Idea\Pose Suggestor\unsplash_pose_dataset\unsplash_pose_dMVfUE-9rZw.jpg,82.19,ok
unsplash_pose_shecWnjYVCY.jpg,d:\CDAC PGCP AI\Project Idea\Pose Suggestor\unsplash_pose_dataset\unsplash_pose_shecWnjYVCY.jpg,82.18,ok
unsplash_pose_28Y_s7TeVQA.jpg,d:\CDAC PGCP AI\Project Idea\Pose Suggestor\unsplash_pose_dataset\unsplash_pose_28Y_s7TeVQA.jpg,82.14,ok
unsplash_pose_oK5CXeATHoY.jpg,d:\CDAC PGCP AI\Project Idea\Pose Suggestor\unsplash_pose_dataset\unsplash_pose_oK5CXeATHoY.jpg,82.05,ok
unsplash_pose_9NARSOVLySQ.jpg,d:\CDAC PGCP AI\Project Idea\Pose Suggestor\unsplash_pose_dataset\unsplash_pose_9NARSOVLySQ.jpg,82.04,ok
unsplash_pose_LVDLwiNBTvY.jpg,d:\CDAC PGCP AI\Project Idea\Pose Suggestor\unsplash_pose_dataset\unsplash_pose_LVDLwiNBTvY.jpg,82.04,ok
unsplash_pose_jkQLYykbYcY.jpg,d:\CDAC PGCP AI\Project Idea\Pose Suggestor\unsplash_pose_dataset\unsplash_pose_jkQLYykbYcY.jpg,82.03,ok
unsplash_pose_3ZcrVTB3d0Q.jpg,d:\CDAC PGCP AI\Project Idea\Pose Suggestor\unsplash_pose_dataset\unsplash_pose_3ZcrVTB3d0Q.jpg,82,ok
unsplash_pose_0FErBAwOGrU.jpg,d:\CDAC PGCP AI\Project Idea\Pose Suggestor\unsplash_pose_dataset\unsplash_pose_0FErBAwOGrU.jpg,81.86,ok
unsplash_pose_JEtrfA-m3e4.jpg,d:\CDAC PGCP AI\Project Idea\Pose Suggestor\unsplash_pose_dataset\unsplash_pose_JEtrfA-m3e4.jpg,81.81,ok
unsplash_pose_pzrBOBOgaeA.jpg,d:\CDAC PGCP AI\Project Idea\Pose Suggestor\unsplash_pose_dataset\unsplash_pose_pzrBOBOgaeA.jpg,81.79,ok
unsplash_pose_69mg3BLUFQc.jpg,d:\CDAC PGCP AI\Project Idea\Pose Suggestor\unsplash_pose_dataset\unsplash_pose_69mg3BLUFQc.jpg,81.74,ok
unsplash_pose_BdAQTlF_6NM.jpg,d:\CDAC PGCP AI\Project Idea\Pose Suggestor\unsplash_pose_dataset\unsplash_pose_BdAQTlF_6NM.jpg,81.74,ok
unsplash_pose_tTLEEdXzP1s.jpg,d:\CDAC PGCP AI\Project Idea\Pose Suggestor\unsplash_pose_dataset\unsplash_pose_tTLEEdXzP1s.jpg,81.73,ok
unsplash_pose_Whb4NkfYSno.jpg,d:\CDAC PGCP AI\Project Idea\Pose Suggestor\unsplash_pose_dataset\unsplash_pose_Whb4NkfYSno.jpg,81.72,ok
unsplash_pose_20C7KjS7XUE.jpg,d:\CDAC PGCP AI\Project Idea\Pose Suggestor\unsplash_pose_dataset\unsplash_pose_20C7KjS7XUE.jpg,81.7,ok
unsplash_pose_ufbaRQ4nTf4.jpg,d:\CDAC PGCP AI\Project Idea\Pose Suggestor\unsplash_pose_dataset\unsplash_pose_ufbaRQ4nTf4.jpg,81.68,ok
unsplash_pose_fw6a2Cxplmo.jpg,d:\CDAC PGCP AI\Project Idea\Pose Suggestor\unsplash_pose_dataset\unsplash_pose_fw6a2Cxplmo.jpg,81.63,ok
unsplash_pose_jY35JB6ZGlI.jpg,d:\CDAC PGCP AI\Project Idea\Pose Suggestor\unsplash_pose_dataset\unsplash_pose_jY35JB6ZGlI.jpg,81.62,ok
unsplash_pose_3NBqJTVVx1U.jpg,d:\CDAC PGCP AI\Project Idea\Pose Suggestor\unsplash_pose_dataset\unsplash_pose_3NBqJTVVx1U.jpg,81.58,ok
unsplash_pose_1cI6NsaDeYk.jpg,d:\CDAC PGCP AI\Project Idea\Pose Suggestor\unsplash_pose_dataset\unsplash_pose_1cI6NsaDeYk.jpg,81.55,ok
unsplash_pose_-_c-bPdACQY.jpg,d:\CDAC PGCP AI\Project Idea\Pose Suggestor\unsplash_pose_dataset\unsplash_pose_-_c-bPdACQY.jpg,81.55,ok
unsplash_pose_LjftLaNrhkw.jpg,d:\CDAC PGCP AI\Project Idea\Pose Suggestor\unsplash_pose_dataset\unsplash_pose_LjftLaNrhkw.jpg,81.54,ok
unsplash_pose_Q_vYdf1W_hw.jpg,d:\CDAC PGCP AI\Project Idea\Pose Suggestor\unsplash_pose_dataset\unsplash_pose_Q_vYdf1W_hw.jpg,81.52,ok
unsplash_pose_PV8g-Bh6rlI.jpg,d:\CDAC PGCP AI\Project Idea\Pose Suggestor\unsplash_pose_dataset\unsplash_pose_PV8g-Bh6rlI.jpg,81.51,ok
unsplash_pose_ndVNJQAhwQc.jpg,d:\CDAC PGCP AI\Project Idea\Pose Suggestor\unsplash_pose_dataset\unsplash_pose_ndVNJQAhwQc.jpg,81.41,ok
unsplash_pose_1idWZrzVIK8.jpg,d:\CDAC PGCP AI\Project Idea\Pose Suggestor\unsplash_pose_dataset\unsplash_pose_1idWZrzVIK8.jpg,81.41,ok
unsplash_pose_UNHrzkN5H0g.jpg,d:\CDAC PGCP AI\Project Idea\Pose Suggestor\unsplash_pose_dataset\unsplash_pose_UNHrzkN5H0g.jpg,81.41,ok
unsplash_pose_X232PWGpvsI.jpg,d:\CDAC PGCP AI\Project Idea\Pose Suggestor\unsplash_pose_dataset\unsplash_pose_X232PWGpvsI.jpg,81.36,ok
unsplash_pose_TGqsd-3y89k.jpg,d:\CDAC PGCP AI\Project Idea\Pose Suggestor\unsplash_pose_dataset\unsplash_pose_TGqsd-3y89k.jpg,81.32,ok
unsplash_pose_g_1YztTb0Dw.jpg,d:\CDAC PGCP AI\Project Idea\Pose Suggestor\unsplash_pose_dataset\unsplash_pose_g_1YztTb0Dw.jpg,81.32,ok
unsplash_pose_fniZkst-ses.jpg,d:\CDAC PGCP AI\Project Idea\Pose Suggestor\unsplash_pose_dataset\unsplash_pose_fniZkst-ses.jpg,81.31,ok
unsplash_pose_PaiJ1QuDRbE.jpg,d:\CDAC PGCP AI\Project Idea\Pose Suggestor\unsplash_pose_dataset\unsplash_pose_PaiJ1QuDRbE.jpg,81.31,ok
unsplash_pose_-SwGz-NOC50.jpg,d:\CDAC PGCP AI\Project Idea\Pose Suggestor\unsplash_pose_dataset\unsplash_pose_-SwGz-NOC50.jpg,81.3,ok
unsplash_pose_0zIRvDKb07w.jpg,d:\CDAC PGCP AI\Project Idea\Pose Suggestor\unsplash_pose_dataset\unsplash_pose_0zIRvDKb07w.jpg,81.28,ok
unsplash_pose_BlDmDdWCKgw.jpg,d:\CDAC PGCP AI\Project Idea\Pose Suggestor\unsplash_pose_dataset\unsplash_pose_BlDmDdWCKgw.jpg,81.24,ok
unsplash_pose_Mhy2QHxAL-Q.jpg,d:\CDAC PGCP AI\Project Idea\Pose Suggestor\unsplash_pose_dataset\unsplash_pose_Mhy2QHxAL-Q.jpg,81.22,ok
unsplash_pose_x1DW-DTrZQ4.jpg,d:\CDAC PGCP AI\Project Idea\Pose Suggestor\unsplash_pose_dataset\unsplash_pose_x1DW-DTrZQ4.jpg,81.2,ok
unsplash_pose_lMijf6GgOi0.jpg,d:\CDAC PGCP AI\Project Idea\Pose Suggestor\unsplash_pose_dataset\unsplash_pose_lMijf6GgOi0.jpg,81.2,ok
unsplash_pose_klgVJPb9f5Q.jpg,d:\CDAC PGCP AI\Project Idea\Pose Suggestor\unsplash_pose_dataset\unsplash_pose_klgVJPb9f5Q.jpg,81.18,ok
unsplash_pose_ymo_yC_N_2o.jpg,d:\CDAC PGCP AI\Project Idea\Pose Suggestor\unsplash_pose_dataset\unsplash_pose_ymo_yC_N_2o.jpg,81.18,ok
unsplash_pose_rWzp75z-mdc.jpg,d:\CDAC PGCP AI\Project Idea\Pose Suggestor\unsplash_pose_dataset\unsplash_pose_rWzp75z-mdc.jpg,81.16,ok
unsplash_pose_bvQFyMzwQps.jpg,d:\CDAC PGCP AI\Project Idea\Pose Suggestor\unsplash_pose_dataset\unsplash_pose_bvQFyMzwQps.jpg,81.09,ok
unsplash_pose_mkpFk-oIszM.jpg,d:\CDAC PGCP AI\Project Idea\Pose Suggestor\unsplash_pose_dataset\unsplash_pose_mkpFk-oIszM.jpg,81.08,ok
unsplash_pose__zrg3nebM00.jpg,d:\CDAC PGCP AI\Project Idea\Pose Suggestor\unsplash_pose_dataset\unsplash_pose__zrg3nebM00.jpg,81.05,ok
unsplash_pose_EyjD8RjIRo0.jpg,d:\CDAC PGCP AI\Project Idea\Pose Suggestor\unsplash_pose_dataset\unsplash_pose_EyjD8RjIRo0.jpg,81.03,ok
unsplash_pose_Aq4FEziX61w.jpg,d:\CDAC PGCP AI\Project Idea\Pose Suggestor\unsplash_pose_dataset\unsplash_pose_Aq4FEziX61w.jpg,80.96,ok
unsplash_pose_szGN9CWhgyk.jpg,d:\CDAC PGCP AI\Project Idea\Pose Suggestor\unsplash_pose_dataset\unsplash_pose_szGN9CWhgyk.jpg,80.95,ok
unsplash_pose_TSFJpkvzfvc.jpg,d:\CDAC PGCP AI\Project Idea\Pose Suggestor\unsplash_pose_dataset\unsplash_pose_TSFJpkvzfvc.jpg,80.94,ok
unsplash_pose_ZpG2jt0K8_4.jpg,d:\CDAC PGCP AI\Project Idea\Pose Suggestor\unsplash_pose_dataset\unsplash_pose_ZpG2jt0K8_4.jpg,80.93,ok
unsplash_pose_Nce2XAR2JCw.jpg,d:\CDAC PGCP AI\Project Idea\Pose Suggestor\unsplash_pose_dataset\unsplash_pose_Nce2XAR2JCw.jpg,80.91,ok
unsplash_pose_M4omeXixzus.jpg,d:\CDAC PGCP AI\Project Idea\Pose Suggestor\unsplash_pose_dataset\unsplash_pose_M4omeXixzus.jpg,80.88,ok
unsplash_pose_cetn_UpJNDw.jpg,d:\CDAC PGCP AI\Project Idea\Pose Suggestor\unsplash_pose_dataset\unsplash_pose_cetn_UpJNDw.jpg,80.87,ok
unsplash_pose_6WvOuvEKMBc.jpg,d:\CDAC PGCP AI\Project Idea\Pose Suggestor\unsplash_pose_dataset\unsplash_pose_6WvOuvEKMBc.jpg,80.86,ok
unsplash_pose_HMjUuVPV40o.jpg,d:\CDAC PGCP AI\Project Idea\Pose Suggestor\unsplash_pose_dataset\unsplash_pose_HMjUuVPV40o.jpg,80.79,ok
unsplash_pose_roX87II4Fgk.jpg,d:\CDAC PGCP AI\Project Idea\Pose Suggestor\unsplash_pose_dataset\unsplash_pose_roX87II4Fgk.jpg,80.77,ok
unsplash_pose_uGQcwezkF68.jpg,d:\CDAC PGCP AI\Project Idea\Pose Suggestor\unsplash_pose_dataset\unsplash_pose_uGQcwezkF68.jpg,80.77,ok
unsplash_pose_QWEqjtFooa8.jpg,d:\CDAC PGCP AI\Project Idea\Pose Suggestor\unsplash_pose_dataset\unsplash_pose_QWEqjtFooa8.jpg,80.77,ok
unsplash_pose_EG0-SHM7Pes.jpg,d:\CDAC PGCP AI\Project Idea\Pose Suggestor\unsplash_pose_dataset\unsplash_pose_EG0-SHM7Pes.jpg,80.75,ok
unsplash_pose_uWMYlPxndns.jpg,d:\CDAC PGCP AI\Project Idea\Pose Suggestor\unsplash_pose_dataset\unsplash_pose_uWMYlPxndns.jpg,80.73,ok
unsplash_pose_6FbvbTL9bUI.jpg,d:\CDAC PGCP AI\Project Idea\Pose Suggestor\unsplash_pose_dataset\unsplash_pose_6FbvbTL9bUI.jpg,80.73,ok
unsplash_pose_bfz9Ej_I3Lw.jpg,d:\CDAC PGCP AI\Project Idea\Pose Suggestor\unsplash_pose_dataset\unsplash_pose_bfz9Ej_I3Lw.jpg,80.72,ok
unsplash_pose_9UAfLTqMoS0.jpg,d:\CDAC PGCP AI\Project Idea\Pose Suggestor\unsplash_pose_dataset\unsplash_pose_9UAfLTqMoS0.jpg,80.71,ok
unsplash_pose_lDAjYVTkueA.jpg,d:\CDAC PGCP AI\Project Idea\Pose Suggestor\unsplash_pose_dataset\unsplash_pose_lDAjYVTkueA.jpg,80.71,ok
unsplash_pose_YQ8O1elHMyw.jpg,d:\CDAC PGCP AI\Project Idea\Pose Suggestor\unsplash_pose_dataset\unsplash_pose_YQ8O1elHMyw.jpg,80.7,ok
unsplash_pose_1b-Ur5tqXL0.jpg,d:\CDAC PGCP AI\Project Idea\Pose Suggestor\unsplash_pose_dataset\unsplash_pose_1b-Ur5tqXL0.jpg,80.7,ok
unsplash_pose_9WHnk851_dE.jpg,d:\CDAC PGCP AI\Project Idea\Pose Suggestor\unsplash_pose_dataset\unsplash_pose_9WHnk851_dE.jpg,80.64,ok
unsplash_pose_0pZ30D-UKlk.jpg,d:\CDAC PGCP AI\Project Idea\Pose Suggestor\unsplash_pose_dataset\unsplash_pose_0pZ30D-UKlk.jpg,80.64,ok
unsplash_pose_E0UuT5FXr_s.jpg,d:\CDAC PGCP AI\Project Idea\Pose Suggestor\unsplash_pose_dataset\unsplash_pose_E0UuT5FXr_s.jpg,80.64,ok
unsplash_pose_k0-nx_8jxSY.jpg,d:\CDAC PGCP AI\Project Idea\Pose Suggestor\unsplash_pose_dataset\unsplash_pose_k0-nx_8jxSY.jpg,80.63,ok
unsplash_pose_VE5nBLiYyeQ.jpg,d:\CDAC PGCP AI\Project Idea\Pose Suggestor\unsplash_pose_dataset\unsplash_pose_VE5nBLiYyeQ.jpg,80.62,ok
unsplash_pose_11caLy8JTzY.jpg,d:\CDAC PGCP AI\Project Idea\Pose Suggestor\unsplash_pose_dataset\unsplash_pose_11caLy8JTzY.jpg,80.61,ok
unsplash_pose_9_SwLH-MSJI.jpg,d:\CDAC PGCP AI\Project Idea\Pose Suggestor\unsplash_pose_dataset\unsplash_pose_9_SwLH-MSJI.jpg,80.59,ok
unsplash_pose_s5b54UUKkjo.jpg,d:\CDAC PGCP AI\Project Idea\Pose Suggestor\unsplash_pose_dataset\unsplash_pose_s5b54UUKkjo.jpg,80.59,ok
unsplash_pose_JvWalc0yQlg.jpg,d:\CDAC PGCP AI\Project Idea\Pose Suggestor\unsplash_pose_dataset\unsplash_pose_JvWalc0yQlg.jpg,80.56,ok
unsplash_pose_NEoHtAwvwnE.jpg,d:\CDAC PGCP AI\Project Idea\Pose Suggestor\unsplash_pose_dataset\unsplash_pose_NEoHtAwvwnE.jpg,80.48,ok
unsplash_pose_w6SUsOvlIds.jpg,d:\CDAC PGCP AI\Project Idea\Pose Suggestor\unsplash_pose_dataset\unsplash_pose_w6SUsOvlIds.jpg,80.47,ok
unsplash_pose_oT9DOE2bzqw.jpg,d:\CDAC PGCP AI\Project Idea\Pose Suggestor\unsplash_pose_dataset\unsplash_pose_oT9DOE2bzqw.jpg,80.42,ok
unsplash_pose_EYmsdQU74ro.jpg,d:\CDAC PGCP AI\Project Idea\Pose Suggestor\unsplash_pose_dataset\unsplash_pose_EYmsdQU74ro.jpg,80.4,ok
unsplash_pose_DeOUEhytoLs.jpg,d:\CDAC PGCP AI\Project Idea\Pose Suggestor\unsplash_pose_dataset\unsplash_pose_DeOUEhytoLs.jpg,80.36,ok
unsplash_pose_kQ_BM2GXEzU.jpg,d:\CDAC PGCP AI\Project Idea\Pose Suggestor\unsplash_pose_dataset\unsplash_pose_kQ_BM2GXEzU.jpg,80.36,ok
unsplash_pose_Ls7XMGP9f_c.jpg,d:\CDAC PGCP AI\Project Idea\Pose Suggestor\unsplash_pose_dataset\unsplash_pose_Ls7XMGP9f_c.jpg,80.31,ok
unsplash_pose_FvMIArqp71Y.jpg,d:\CDAC PGCP AI\Project Idea\Pose Suggestor\unsplash_pose_dataset\unsplash_pose_FvMIArqp71Y.jpg,80.3,ok
unsplash_pose_FdmHzXF8p2E.jpg,d:\CDAC PGCP AI\Project Idea\Pose Suggestor\unsplash_pose_dataset\unsplash_pose_FdmHzXF8p2E.jpg,80.29,ok
unsplash_pose_sN59cLG1riM.jpg,d:\CDAC PGCP AI\Project Idea\Pose Suggestor\unsplash_pose_dataset\unsplash_pose_sN59cLG1riM.jpg,80.25,ok
unsplash_pose_xAeV1pz2d8s.jpg,d:\CDAC PGCP AI\Project Idea\Pose Suggestor\unsplash_pose_dataset\unsplash_pose_xAeV1pz2d8s.jpg,80.15,ok
unsplash_pose_zxkihH50JIk.jpg,d:\CDAC PGCP AI\Project Idea\Pose Suggestor\unsplash_pose_dataset\unsplash_pose_zxkihH50JIk.jpg,80.07,ok
unsplash_pose_QXZqT3_69JA.jpg,d:\CDAC PGCP AI\Project Idea\Pose Suggestor\unsplash_pose_dataset\unsplash_pose_QXZqT3_69JA.jpg,80.06,ok
unsplash_pose_dPCx8JOIGuk.jpg,d:\CDAC PGCP AI\Project Idea\Pose Suggestor\unsplash_pose_dataset\unsplash_pose_dPCx8JOIGuk.jpg,80.05,ok
unsplash_pose_VkGWkyqf_Sc.jpg,d:\CDAC PGCP AI\Project Idea\Pose Suggestor\unsplash_pose_dataset\unsplash_pose_VkGWkyqf_Sc.jpg,80.04,ok
unsplash_pose_WmoKF-riTk8.jpg,d:\CDAC PGCP AI\Project Idea\Pose Suggestor\unsplash_pose_dataset\unsplash_pose_WmoKF-riTk8.jpg,80.02,ok
unsplash_pose_Te0sEJS5TEg.jpg,d:\CDAC PGCP AI\Project Idea\Pose Suggestor\unsplash_pose_dataset\unsplash_pose_Te0sEJS5TEg.jpg,80,ok
unsplash_pose_lfEdJfUQjQA.jpg,d:\CDAC PGCP AI\Project Idea\Pose Suggestor\unsplash_pose_dataset\unsplash_pose_lfEdJfUQjQA.jpg,79.99,ok
unsplash_pose_1jvSh9WLygo.jpg,d:\CDAC PGCP AI\Project Idea\Pose Suggestor\unsplash_pose_dataset\unsplash_pose_1jvSh9WLygo.jpg,79.97,ok
unsplash_pose_ncNWYBhzwhw.jpg,d:\CDAC PGCP AI\Project Idea\Pose Suggestor\unsplash_pose_dataset\unsplash_pose_ncNWYBhzwhw.jpg,79.94,ok
unsplash_pose_Y9rfBbdVYIE.jpg,d:\CDAC PGCP AI\Project Idea\Pose Suggestor\unsplash_pose_dataset\unsplash_pose_Y9rfBbdVYIE.jpg,79.93,ok
unsplash_pose_oZm9_zxKLMs.jpg,d:\CDAC PGCP AI\Project Idea\Pose Suggestor\unsplash_pose_dataset\unsplash_pose_oZm9_zxKLMs.jpg,79.92,ok
unsplash_pose_foXWzXiXY1w.jpg,d:\CDAC PGCP AI\Project Idea\Pose Suggestor\unsplash_pose_dataset\unsplash_pose_foXWzXiXY1w.jpg,79.92,ok
unsplash_pose_leMy8Uh1zRQ.jpg,d:\CDAC PGCP AI\Project Idea\Pose Suggestor\unsplash_pose_dataset\unsplash_pose_leMy8Uh1zRQ.jpg,79.89,ok
unsplash_pose_9SqZA2IlUrI.jpg,d:\CDAC PGCP AI\Project Idea\Pose Suggestor\unsplash_pose_dataset\unsplash_pose_9SqZA2IlUrI.jpg,79.88,ok
unsplash_pose_-qd8od5bCA4.jpg,d:\CDAC PGCP AI\Project Idea\Pose Suggestor\unsplash_pose_dataset\unsplash_pose_-qd8od5bCA4.jpg,79.88,ok
unsplash_pose_fPDF4GQJmxM.jpg,d:\CDAC PGCP AI\Project Idea\Pose Suggestor\unsplash_pose_dataset\unsplash_pose_fPDF4GQJmxM.jpg,79.87,ok
unsplash_pose_Sor8SdTXyxA.jpg,d:\CDAC PGCP AI\Project Idea\Pose Suggestor\unsplash_pose_dataset\unsplash_pose_Sor8SdTXyxA.jpg,79.85,ok
unsplash_pose_QtCvN1PH8wc.jpg,d:\CDAC PGCP AI\Project Idea\Pose Suggestor\unsplash_pose_dataset\unsplash_pose_QtCvN1PH8wc.jpg,79.84,ok
unsplash_pose_FXmFR9HhpIc.jpg,d:\CDAC PGCP AI\Project Idea\Pose Suggestor\unsplash_pose_dataset\unsplash_pose_FXmFR9HhpIc.jpg,79.8,ok
unsplash_pose_67p-d7TNf1c.jpg,d:\CDAC PGCP AI\Project Idea\Pose Suggestor\unsplash_pose_dataset\unsplash_pose_67p-d7TNf1c.jpg,79.8,ok
unsplash_pose_tatUy7qyf4U.jpg,d:\CDAC PGCP AI\Project Idea\Pose Suggestor\unsplash_pose_dataset\unsplash_pose_tatUy7qyf4U.jpg,79.79,ok
unsplash_pose_otxMo9yCwB0.jpg,d:\CDAC PGCP AI\Project Idea\Pose Suggestor\unsplash_pose_dataset\unsplash_pose_otxMo9yCwB0.jpg,79.77,ok
unsplash_pose_zwuxJYHHr_Q.jpg,d:\CDAC PGCP AI\Project Idea\Pose Suggestor\unsplash_pose_dataset\unsplash_pose_zwuxJYHHr_Q.jpg,79.75,ok
unsplash_pose_a3h8ZDu8tC4.jpg,d:\CDAC PGCP AI\Project Idea\Pose Suggestor\unsplash_pose_dataset\unsplash_pose_a3h8ZDu8tC4.jpg,79.74,ok
unsplash_pose_pT-qIRdmog8.jpg,d:\CDAC PGCP AI\Project Idea\Pose Suggestor\unsplash_pose_dataset\unsplash_pose_pT-qIRdmog8.jpg,79.73,ok
unsplash_pose_cdEX_N2eMSA.jpg,d:\CDAC PGCP AI\Project Idea\Pose Suggestor\unsplash_pose_dataset\unsplash_pose_cdEX_N2eMSA.jpg,79.72,ok
unsplash_pose_0sdVWkasfFo.jpg,d:\CDAC PGCP AI\Project Idea\Pose Suggestor\unsplash_pose_dataset\unsplash_pose_0sdVWkasfFo.jpg,79.7,ok
unsplash_pose_9DD3VKvgdhk.jpg,d:\CDAC PGCP AI\Project Idea\Pose Suggestor\unsplash_pose_dataset\unsplash_pose_9DD3VKvgdhk.jpg,79.69,ok
unsplash_pose_f4lk9XTZmqA.jpg,d:\CDAC PGCP AI\Project Idea\Pose Suggestor\unsplash_pose_dataset\unsplash_pose_f4lk9XTZmqA.jpg,79.66,ok
unsplash_pose_6SPR-kBULWI.jpg,d:\CDAC PGCP AI\Project Idea\Pose Suggestor\unsplash_pose_dataset\unsplash_pose_6SPR-kBULWI.jpg,79.64,ok
unsplash_pose_XsGRHaCeDhA.jpg,d:\CDAC PGCP AI\Project Idea\Pose Suggestor\unsplash_pose_dataset\unsplash_pose_XsGRHaCeDhA.jpg,79.63,ok
unsplash_pose_VK-NYjsfoig.jpg,d:\CDAC PGCP AI\Project Idea\Pose Suggestor\unsplash_pose_dataset\unsplash_pose_VK-NYjsfoig.jpg,79.62,ok
unsplash_pose_eN4k9CKL3TU.jpg,d:\CDAC PGCP AI\Project Idea\Pose Suggestor\unsplash_pose_dataset\unsplash_pose_eN4k9CKL3TU.jpg,79.59,ok
unsplash_pose_6XfLZszTPso.jpg,d:\CDAC PGCP AI\Project Idea\Pose Suggestor\unsplash_pose_dataset\unsplash_pose_6XfLZszTPso.jpg,79.58,ok
unsplash_pose__3WPwYpTKQo.jpg,d:\CDAC PGCP AI\Project Idea\Pose Suggestor\unsplash_pose_dataset\unsplash_pose__3WPwYpTKQo.jpg,79.57,ok
unsplash_pose_TxanfCUE8tQ.jpg,d:\CDAC PGCP AI\Project Idea\Pose Suggestor\unsplash_pose_dataset\unsplash_pose_TxanfCUE8tQ.jpg,79.56,ok
unsplash_pose_nFcKMS_8R74.jpg,d:\CDAC PGCP AI\Project Idea\Pose Suggestor\unsplash_pose_dataset\unsplash_pose_nFcKMS_8R74.jpg,79.56,ok
unsplash_pose_KEAqRbPc_4o.jpg,d:\CDAC PGCP AI\Project Idea\Pose Suggestor\unsplash_pose_dataset\unsplash_pose_KEAqRbPc_4o.jpg,79.55,ok
unsplash_pose_SgQHU-Z5-p0.jpg,d:\CDAC PGCP AI\Project Idea\Pose Suggestor\unsplash_pose_dataset\unsplash_pose_SgQHU-Z5-p0.jpg,79.52,ok
unsplash_pose__pG1u1_iItM.jpg,d:\CDAC PGCP AI\Project Idea\Pose Suggestor\unsplash_pose_dataset\unsplash_pose__pG1u1_iItM.jpg,79.49,ok
unsplash_pose_5oHkbS0pWOs.jpg,d:\CDAC PGCP AI\Project Idea\Pose Suggestor\unsplash_pose_dataset\unsplash_pose_5oHkbS0pWOs.jpg,79.44,ok
unsplash_pose_2ukLqJ0HXXo.jpg,d:\CDAC PGCP AI\Project Idea\Pose Suggestor\unsplash_pose_dataset\unsplash_pose_2ukLqJ0HXXo.jpg,79.41,ok
unsplash_pose_EGst5SvijoU.jpg,d:\CDAC PGCP AI\Project Idea\Pose Suggestor\unsplash_pose_dataset\unsplash_pose_EGst5SvijoU.jpg,79.37,ok
unsplash_pose_VXHnkrf_9lU.jpg,d:\CDAC PGCP AI\Project Idea\Pose Suggestor\unsplash_pose_dataset\unsplash_pose_VXHnkrf_9lU.jpg,79.36,ok
unsplash_pose_eT5iOb6O1Vo.jpg,d:\CDAC PGCP AI\Project Idea\Pose Suggestor\unsplash_pose_dataset\unsplash_pose_eT5iOb6O1Vo.jpg,79.34,ok
unsplash_pose_XOhY21t22I8.jpg,d:\CDAC PGCP AI\Project Idea\Pose Suggestor\unsplash_pose_dataset\unsplash_pose_XOhY21t22I8.jpg,79.32,ok
unsplash_pose_up0R-Z3YezM.jpg,d:\CDAC PGCP AI\Project Idea\Pose Suggestor\unsplash_pose_dataset\unsplash_pose_up0R-Z3YezM.jpg,79.31,ok
unsplash_pose_eMelTR8tcLk.jpg,d:\CDAC PGCP AI\Project Idea\Pose Suggestor\unsplash_pose_dataset\unsplash_pose_eMelTR8tcLk.jpg,79.27,ok
unsplash_pose_bWhd06eTc40.jpg,d:\CDAC PGCP AI\Project Idea\Pose Suggestor\unsplash_pose_dataset\unsplash_pose_bWhd06eTc40.jpg,79.27,ok
unsplash_pose_14VzrS7YhXA.jpg,d:\CDAC PGCP AI\Project Idea\Pose Suggestor\unsplash_pose_dataset\unsplash_pose_14VzrS7YhXA.jpg,79.25,ok
unsplash_pose_na3CUPiuIA8.jpg,d:\CDAC PGCP AI\Project Idea\Pose Suggestor\unsplash_pose_dataset\unsplash_pose_na3CUPiuIA8.jpg,79.23,ok
unsplash_pose__VTfvS3lwrM.jpg,d:\CDAC PGCP AI\Project Idea\Pose Suggestor\unsplash_pose_dataset\unsplash_pose__VTfvS3lwrM.jpg,79.23,ok
unsplash_pose_LvMXRa1KXsk.jpg,d:\CDAC PGCP AI\Project Idea\Pose Suggestor\unsplash_pose_dataset\unsplash_pose_LvMXRa1KXsk.jpg,79.22,ok
unsplash_pose_Hoggg56L_ZY.jpg,d:\CDAC PGCP AI\Project Idea\Pose Suggestor\unsplash_pose_dataset\unsplash_pose_Hoggg56L_ZY.jpg,79.22,ok
unsplash_pose_f9OKW0b51lU.jpg,d:\CDAC PGCP AI\Project Idea\Pose Suggestor\unsplash_pose_dataset\unsplash_pose_f9OKW0b51lU.jpg,79.15,ok
unsplash_pose_jL98atX2jy0.jpg,d:\CDAC PGCP AI\Project Idea\Pose Suggestor\unsplash_pose_dataset\unsplash_pose_jL98atX2jy0.jpg,79.12,ok
unsplash_pose_XBhIsZ5btOY.jpg,d:\CDAC PGCP AI\Project Idea\Pose Suggestor\unsplash_pose_dataset\unsplash_pose_XBhIsZ5btOY.jpg,79.11,ok
unsplash_pose_BkkX3NxNtno.jpg,d:\CDAC PGCP AI\Project Idea\Pose Suggestor\unsplash_pose_dataset\unsplash_pose_BkkX3NxNtno.jpg,79.08,ok
unsplash_pose_j2w7_k3-URw.jpg,d:\CDAC PGCP AI\Project Idea\Pose Suggestor\unsplash_pose_dataset\unsplash_pose_j2w7_k3-URw.jpg,79.08,ok
unsplash_pose_QIC-WJwxm6Q.jpg,d:\CDAC PGCP AI\Project Idea\Pose Suggestor\unsplash_pose_dataset\unsplash_pose_QIC-WJwxm6Q.jpg,79.05,ok
unsplash_pose_Ag1JqqhpBaQ.jpg,d:\CDAC PGCP AI\Project Idea\Pose Suggestor\unsplash_pose_dataset\unsplash_pose_Ag1JqqhpBaQ.jpg,79.04,ok
unsplash_pose_5jB3la5ZS-s.jpg,d:\CDAC PGCP AI\Project Idea\Pose Suggestor\unsplash_pose_dataset\unsplash_pose_5jB3la5ZS-s.jpg,79.03,ok
unsplash_pose_esYNLLtNsgI.jpg,d:\CDAC PGCP AI\Project Idea\Pose Suggestor\unsplash_pose_dataset\unsplash_pose_esYNLLtNsgI.jpg,79.02,ok
unsplash_pose_KK8u2TEU608.jpg,d:\CDAC PGCP AI\Project Idea\Pose Suggestor\unsplash_pose_dataset\unsplash_pose_KK8u2TEU608.jpg,79.02,ok
unsplash_pose_92hEHqNxh8c.jpg,d:\CDAC PGCP AI\Project Idea\Pose Suggestor\unsplash_pose_dataset\unsplash_pose_92hEHqNxh8c.jpg,79,ok
unsplash_pose_8IYwyF-P6GA.jpg,d:\CDAC PGCP AI\Project Idea\Pose Suggestor\unsplash_pose_dataset\unsplash_pose_8IYwyF-P6GA.jpg,78.94,ok
unsplash_pose_0Sl5XsIws9M.jpg,d:\CDAC PGCP AI\Project Idea\Pose Suggestor\unsplash_pose_dataset\unsplash_pose_0Sl5XsIws9M.jpg,78.92,ok
unsplash_pose_D928xAkH63A.jpg,d:\CDAC PGCP AI\Project Idea\Pose Suggestor\unsplash_pose_dataset\unsplash_pose_D928xAkH63A.jpg,78.91,ok
unsplash_pose_YTVr69V1fvg.jpg,d:\CDAC PGCP AI\Project Idea\Pose Suggestor\unsplash_pose_dataset\unsplash_pose_YTVr69V1fvg.jpg,78.87,ok
unsplash_pose_Os259VKeVfc.jpg,d:\CDAC PGCP AI\Project Idea\Pose Suggestor\unsplash_pose_dataset\unsplash_pose_Os259VKeVfc.jpg,78.87,ok
unsplash_pose_Ap3UkGCxpsU.jpg,d:\CDAC PGCP AI\Project Idea\Pose Suggestor\unsplash_pose_dataset\unsplash_pose_Ap3UkGCxpsU.jpg,78.87,ok
unsplash_pose_dNV34Z_-08k.jpg,d:\CDAC PGCP AI\Project Idea\Pose Suggestor\unsplash_pose_dataset\unsplash_pose_dNV34Z_-08k.jpg,78.86,ok
unsplash_pose_AVaa-DaklBg.jpg,d:\CDAC PGCP AI\Project Idea\Pose Suggestor\unsplash_pose_dataset\unsplash_pose_AVaa-DaklBg.jpg,78.83,ok
unsplash_pose_WIvfJgaOc20.jpg,d:\CDAC PGCP AI\Project Idea\Pose Suggestor\unsplash_pose_dataset\unsplash_pose_WIvfJgaOc20.jpg,78.78,ok
unsplash_pose_yK8umtiVxKM.jpg,d:\CDAC PGCP AI\Project Idea\Pose Suggestor\unsplash_pose_dataset\unsplash_pose_yK8umtiVxKM.jpg,78.78,ok
unsplash_pose_LY2i06tEyj4.jpg,d:\CDAC PGCP AI\Project Idea\Pose Suggestor\unsplash_pose_dataset\unsplash_pose_LY2i06tEyj4.jpg,78.76,ok
unsplash_pose_QWsXDqB_Yto.jpg,d:\CDAC PGCP AI\Project Idea\Pose Suggestor\unsplash_pose_dataset\unsplash_pose_QWsXDqB_Yto.jpg,78.73,ok
unsplash_pose_2UMSI6QLvqg.jpg,d:\CDAC PGCP AI\Project Idea\Pose Suggestor\unsplash_pose_dataset\unsplash_pose_2UMSI6QLvqg.jpg,78.67,ok
unsplash_pose_UoTnvDT4_z0.jpg,d:\CDAC PGCP AI\Project Idea\Pose Suggestor\unsplash_pose_dataset\unsplash_pose_UoTnvDT4_z0.jpg,78.66,ok
unsplash_pose_hy3dpObX1WA.jpg,d:\CDAC PGCP AI\Project Idea\Pose Suggestor\unsplash_pose_dataset\unsplash_pose_hy3dpObX1WA.jpg,78.66,ok
unsplash_pose_AZ6etXGIKfs.jpg,d:\CDAC PGCP AI\Project Idea\Pose Suggestor\unsplash_pose_dataset\unsplash_pose_AZ6etXGIKfs.jpg,78.65,ok
unsplash_pose_HDHmL_EclDk.jpg,d:\CDAC PGCP AI\Project Idea\Pose Suggestor\unsplash_pose_dataset\unsplash_pose_HDHmL_EclDk.jpg,78.61,ok
unsplash_pose_VddTwjqjd8M.jpg,d:\CDAC PGCP AI\Project Idea\Pose Suggestor\unsplash_pose_dataset\unsplash_pose_VddTwjqjd8M.jpg,78.59,ok
unsplash_pose_z4x--jzyNWQ.jpg,d:\CDAC PGCP AI\Project Idea\Pose Suggestor\unsplash_pose_dataset\unsplash_pose_z4x--jzyNWQ.jpg,78.58,ok
unsplash_pose_GIJG8BTFl3E.jpg,d:\CDAC PGCP AI\Project Idea\Pose Suggestor\unsplash_pose_dataset\unsplash_pose_GIJG8BTFl3E.jpg,78.57,ok
unsplash_pose_x2F6Uh150IQ.jpg,d:\CDAC PGCP AI\Project Idea\Pose Suggestor\unsplash_pose_dataset\unsplash_pose_x2F6Uh150IQ.jpg,78.57,ok
unsplash_pose_TmYPED_M-W0.jpg,d:\CDAC PGCP AI\Project Idea\Pose Suggestor\unsplash_pose_dataset\unsplash_pose_TmYPED_M-W0.jpg,78.56,ok
unsplash_pose_H9tAk3iQWXo.jpg,d:\CDAC PGCP AI\Project Idea\Pose Suggestor\unsplash_pose_dataset\unsplash_pose_H9tAk3iQWXo.jpg,78.55,ok
unsplash_pose_Byk_l3EfVwQ.jpg,d:\CDAC PGCP AI\Project Idea\Pose Suggestor\unsplash_pose_dataset\unsplash_pose_Byk_l3EfVwQ.jpg,78.55,ok
unsplash_pose_uKRhIuGjnXc.jpg,d:\CDAC PGCP AI\Project Idea\Pose Suggestor\unsplash_pose_dataset\unsplash_pose_uKRhIuGjnXc.jpg,78.55,ok
unsplash_pose_yPWYyXPtwlk.jpg,d:\CDAC PGCP AI\Project Idea\Pose Suggestor\unsplash_pose_dataset\unsplash_pose_yPWYyXPtwlk.jpg,78.54,ok
unsplash_pose_0zHquT2lN4M.jpg,d:\CDAC PGCP AI\Project Idea\Pose Suggestor\unsplash_pose_dataset\unsplash_pose_0zHquT2lN4M.jpg,78.54,ok
unsplash_pose_HuBqQMwtDeQ.jpg,d:\CDAC PGCP AI\Project Idea\Pose Suggestor\unsplash_pose_dataset\unsplash_pose_HuBqQMwtDeQ.jpg,78.54,ok
unsplash_pose_rhnv9fssQwU.jpg,d:\CDAC PGCP AI\Project Idea\Pose Suggestor\unsplash_pose_dataset\unsplash_pose_rhnv9fssQwU.jpg,78.51,ok
unsplash_pose_JVItmkXlyJs.jpg,d:\CDAC PGCP AI\Project Idea\Pose Suggestor\unsplash_pose_dataset\unsplash_pose_JVItmkXlyJs.jpg,78.5,ok
unsplash_pose_odkGXkuKCpY.jpg,d:\CDAC PGCP AI\Project Idea\Pose Suggestor\unsplash_pose_dataset\unsplash_pose_odkGXkuKCpY.jpg,78.46,ok
unsplash_pose_IGIPocqT564.jpg,d:\CDAC PGCP AI\Project Idea\Pose Suggestor\unsplash_pose_dataset\unsplash_pose_IGIPocqT564.jpg,78.43,ok
unsplash_pose_CssdhO7k1J0.jpg,d:\CDAC PGCP AI\Project Idea\Pose Suggestor\unsplash_pose_dataset\unsplash_pose_CssdhO7k1J0.jpg,78.42,ok
unsplash_pose_h0YckC3fYQs.jpg,d:\CDAC PGCP AI\Project Idea\Pose Suggestor\unsplash_pose_dataset\unsplash_pose_h0YckC3fYQs.jpg,78.41,ok
unsplash_pose_aH-zTCrSj9U.jpg,d:\CDAC PGCP AI\Project Idea\Pose Suggestor\unsplash_pose_dataset\unsplash_pose_aH-zTCrSj9U.jpg,78.37,ok
unsplash_pose_7S74pZZcpkA.jpg,d:\CDAC PGCP AI\Project Idea\Pose Suggestor\unsplash_pose_dataset\unsplash_pose_7S74pZZcpkA.jpg,78.35,ok
unsplash_pose_h4G52sxYKYA.jpg,d:\CDAC PGCP AI\Project Idea\Pose Suggestor\unsplash_pose_dataset\unsplash_pose_h4G52sxYKYA.jpg,78.34,ok
unsplash_pose_7Ib2VEb4BvE.jpg,d:\CDAC PGCP AI\Project Idea\Pose Suggestor\unsplash_pose_dataset\unsplash_pose_7Ib2VEb4BvE.jpg,78.3,ok
unsplash_pose_aZ9BM1WSKrE.jpg,d:\CDAC PGCP AI\Project Idea\Pose Suggestor\unsplash_pose_dataset\unsplash_pose_aZ9BM1WSKrE.jpg,78.29,ok
unsplash_pose_R-eAer3Mb1w.jpg,d:\CDAC PGCP AI\Project Idea\Pose Suggestor\unsplash_pose_dataset\unsplash_pose_R-eAer3Mb1w.jpg,78.28,ok
unsplash_pose_APKh18wdiKA.jpg,d:\CDAC PGCP AI\Project Idea\Pose Suggestor\unsplash_pose_dataset\unsplash_pose_APKh18wdiKA.jpg,78.26,ok
unsplash_pose_tL2pImUueCw.jpg,d:\CDAC PGCP AI\Project Idea\Pose Suggestor\unsplash_pose_dataset\unsplash_pose_tL2pImUueCw.jpg,78.25,ok
unsplash_pose_agTC2XnrUWk.jpg,d:\CDAC PGCP AI\Project Idea\Pose Suggestor\unsplash_pose_dataset\unsplash_pose_agTC2XnrUWk.jpg,78.21,ok
unsplash_pose__IisnFCVPsk.jpg,d:\CDAC PGCP AI\Project Idea\Pose Suggestor\unsplash_pose_dataset\unsplash_pose__IisnFCVPsk.jpg,78.19,ok
unsplash_pose_UgTKXtLXJ1A.jpg,d:\CDAC PGCP AI\Project Idea\Pose Suggestor\unsplash_pose_dataset\unsplash_pose_UgTKXtLXJ1A.jpg,78.16,ok
unsplash_pose_sguaksg3b3s.jpg,d:\CDAC PGCP AI\Project Idea\Pose Suggestor\unsplash_pose_dataset\unsplash_pose_sguaksg3b3s.jpg,78.16,ok
unsplash_pose_bsH7xTSWC6U.jpg,d:\CDAC PGCP AI\Project Idea\Pose Suggestor\unsplash_pose_dataset\unsplash_pose_bsH7xTSWC6U.jpg,78.14,ok
unsplash_pose_s_-w3PASKQg.jpg,d:\CDAC PGCP AI\Project Idea\Pose Suggestor\unsplash_pose_dataset\unsplash_pose_s_-w3PASKQg.jpg,78.13,ok
unsplash_pose_FVcvLXXyE4o.jpg,d:\CDAC PGCP AI\Project Idea\Pose Suggestor\unsplash_pose_dataset\unsplash_pose_FVcvLXXyE4o.jpg,78.1,ok
unsplash_pose_RWxGAK0QkEA.jpg,d:\CDAC PGCP AI\Project Idea\Pose Suggestor\unsplash_pose_dataset\unsplash_pose_RWxGAK0QkEA.jpg,78.08,ok
unsplash_pose_2eTzGsBVYds.jpg,d:\CDAC PGCP AI\Project Idea\Pose Suggestor\unsplash_pose_dataset\unsplash_pose_2eTzGsBVYds.jpg,78.06,ok
unsplash_pose_GiKdihwmwxg.jpg,d:\CDAC PGCP AI\Project Idea\Pose Suggestor\unsplash_pose_dataset\unsplash_pose_GiKdihwmwxg.jpg,78.06,ok
unsplash_pose_-ghkiTQ89p0.jpg,d:\CDAC PGCP AI\Project Idea\Pose Suggestor\unsplash_pose_dataset\unsplash_pose_-ghkiTQ89p0.jpg,78.03,ok
unsplash_pose_7xwNykYFZ6I.jpg,d:\CDAC PGCP AI\Project Idea\Pose Suggestor\unsplash_pose_dataset\unsplash_pose_7xwNykYFZ6I.jpg,78,ok
unsplash_pose_qYCVvPtwMOA.jpg,d:\CDAC PGCP AI\Project Idea\Pose Suggestor\unsplash_pose_dataset\unsplash_pose_qYCVvPtwMOA.jpg,77.89,ok
unsplash_pose_us5AzyhSFkg.jpg,d:\CDAC PGCP AI\Project Idea\Pose Suggestor\unsplash_pose_dataset\unsplash_pose_us5AzyhSFkg.jpg,77.89,ok
unsplash_pose_-kuGwiKF-FM.jpg,d:\CDAC PGCP AI\Project Idea\Pose Suggestor\unsplash_pose_dataset\unsplash_pose_-kuGwiKF-FM.jpg,77.88,ok
unsplash_pose_ZS6wg22gZxA.jpg,d:\CDAC PGCP AI\Project Idea\Pose Suggestor\unsplash_pose_dataset\unsplash_pose_ZS6wg22gZxA.jpg,77.88,ok
unsplash_pose_7LeY-iLn7ak.jpg,d:\CDAC PGCP AI\Project Idea\Pose Suggestor\unsplash_pose_dataset\unsplash_pose_7LeY-iLn7ak.jpg,77.86,ok
unsplash_pose_C6CbYnEdoLA.jpg,d:\CDAC PGCP AI\Project Idea\Pose Suggestor\unsplash_pose_dataset\unsplash_pose_C6CbYnEdoLA.jpg,77.83,ok
unsplash_pose_OVI87oAtSUk.jpg,d:\CDAC PGCP AI\Project Idea\Pose Suggestor\unsplash_pose_dataset\unsplash_pose_OVI87oAtSUk.jpg,77.83,ok
unsplash_pose_HtOW4Fk_B9A.jpg,d:\CDAC PGCP AI\Project Idea\Pose Suggestor\unsplash_pose_dataset\unsplash_pose_HtOW4Fk_B9A.jpg,77.82,ok
unsplash_pose_z-TnxYdKwpw.jpg,d:\CDAC PGCP AI\Project Idea\Pose Suggestor\unsplash_pose_dataset\unsplash_pose_z-TnxYdKwpw.jpg,77.8,ok
unsplash_pose_sjOeDC7Edqg.jpg,d:\CDAC PGCP AI\Project Idea\Pose Suggestor\unsplash_pose_dataset\unsplash_pose_sjOeDC7Edqg.jpg,77.79,ok
unsplash_pose_PGRf_LGj3tQ.jpg,d:\CDAC PGCP AI\Project Idea\Pose Suggestor\unsplash_pose_dataset\unsplash_pose_PGRf_LGj3tQ.jpg,77.78,ok
unsplash_pose_dw24v_4NrOs.jpg,d:\CDAC PGCP AI\Project Idea\Pose Suggestor\unsplash_pose_dataset\unsplash_pose_dw24v_4NrOs.jpg,77.78,ok
unsplash_pose_0ND704R7-fM.jpg,d:\CDAC PGCP AI\Project Idea\Pose Suggestor\unsplash_pose_dataset\unsplash_pose_0ND704R7-fM.jpg,77.75,ok
unsplash_pose_7b3L-jeNPK0.jpg,d:\CDAC PGCP AI\Project Idea\Pose Suggestor\unsplash_pose_dataset\unsplash_pose_7b3L-jeNPK0.jpg,77.72,ok
unsplash_pose_sTe7YlrIBLo.jpg,d:\CDAC PGCP AI\Project Idea\Pose Suggestor\unsplash_pose_dataset\unsplash_pose_sTe7YlrIBLo.jpg,77.71,ok
unsplash_pose_RUj3EL4JmEg.jpg,d:\CDAC PGCP AI\Project Idea\Pose Suggestor\unsplash_pose_dataset\unsplash_pose_RUj3EL4JmEg.jpg,77.71,ok
unsplash_pose_H8xyKurwUgo.jpg,d:\CDAC PGCP AI\Project Idea\Pose Suggestor\unsplash_pose_dataset\unsplash_pose_H8xyKurwUgo.jpg,77.66,ok
unsplash_pose_AQHw0SuL_oA.jpg,d:\CDAC PGCP AI\Project Idea\Pose Suggestor\unsplash_pose_dataset\unsplash_pose_AQHw0SuL_oA.jpg,77.64,ok
unsplash_pose_rRr27DJdsp4.jpg,d:\CDAC PGCP AI\Project Idea\Pose Suggestor\unsplash_pose_dataset\unsplash_pose_rRr27DJdsp4.jpg,77.62,ok
unsplash_pose_Abj10oLWN6I.jpg,d:\CDAC PGCP AI\Project Idea\Pose Suggestor\unsplash_pose_dataset\unsplash_pose_Abj10oLWN6I.jpg,77.62,ok
unsplash_pose_wi0sFvy6NJc.jpg,d:\CDAC PGCP AI\Project Idea\Pose Suggestor\unsplash_pose_dataset\unsplash_pose_wi0sFvy6NJc.jpg,77.61,ok
unsplash_pose_qyqOPpWKJEE.jpg,d:\CDAC PGCP AI\Project Idea\Pose Suggestor\unsplash_pose_dataset\unsplash_pose_qyqOPpWKJEE.jpg,77.61,ok
unsplash_pose_SIgsL94vdyw.jpg,d:\CDAC PGCP AI\Project Idea\Pose Suggestor\unsplash_pose_dataset\unsplash_pose_SIgsL94vdyw.jpg,77.6,ok
unsplash_pose_CG2vhRNwSJ8.jpg,d:\CDAC PGCP AI\Project Idea\Pose Suggestor\unsplash_pose_dataset\unsplash_pose_CG2vhRNwSJ8.jpg,77.6,ok
unsplash_pose_E0uEgfRWplk.jpg,d:\CDAC PGCP AI\Project Idea\Pose Suggestor\unsplash_pose_dataset\unsplash_pose_E0uEgfRWplk.jpg,77.58,ok
unsplash_pose_zTRQJpRKnrs.jpg,d:\CDAC PGCP AI\Project Idea\Pose Suggestor\unsplash_pose_dataset\unsplash_pose_zTRQJpRKnrs.jpg,77.58,ok
unsplash_pose_E3ccNZ6hva0.jpg,d:\CDAC PGCP AI\Project Idea\Pose Suggestor\unsplash_pose_dataset\unsplash_pose_E3ccNZ6hva0.jpg,77.54,ok
unsplash_pose_0ZbvZf40qXk.jpg,d:\CDAC PGCP AI\Project Idea\Pose Suggestor\unsplash_pose_dataset\unsplash_pose_0ZbvZf40qXk.jpg,77.53,ok
unsplash_pose_eOnFVOETHig.jpg,d:\CDAC PGCP AI\Project Idea\Pose Suggestor\unsplash_pose_dataset\unsplash_pose_eOnFVOETHig.jpg,77.5,ok
unsplash_pose_53ILdjMnT9I.jpg,d:\CDAC PGCP AI\Project Idea\Pose Suggestor\unsplash_pose_dataset\unsplash_pose_53ILdjMnT9I.jpg,77.49,ok
unsplash_pose_5wIZx6ZGc2w.jpg,d:\CDAC PGCP AI\Project Idea\Pose Suggestor\unsplash_pose_dataset\unsplash_pose_5wIZx6ZGc2w.jpg,77.49,ok
unsplash_pose_upWVjv5lcKQ.jpg,d:\CDAC PGCP AI\Project Idea\Pose Suggestor\unsplash_pose_dataset\unsplash_pose_upWVjv5lcKQ.jpg,77.48,ok
unsplash_pose_9inE0zHLHss.jpg,d:\CDAC PGCP AI\Project Idea\Pose Suggestor\unsplash_pose_dataset\unsplash_pose_9inE0zHLHss.jpg,77.46,ok
unsplash_pose_fYJLTX4BRu0.jpg,d:\CDAC PGCP AI\Project Idea\Pose Suggestor\unsplash_pose_dataset\unsplash_pose_fYJLTX4BRu0.jpg,77.46,ok
unsplash_pose_5FL9DVBl9W8.jpg,d:\CDAC PGCP AI\Project Idea\Pose Suggestor\unsplash_pose_dataset\unsplash_pose_5FL9DVBl9W8.jpg,77.46,ok
unsplash_pose_8Fe3Wz2rQ7s.jpg,d:\CDAC PGCP AI\Project Idea\Pose Suggestor\unsplash_pose_dataset\unsplash_pose_8Fe3Wz2rQ7s.jpg,77.45,ok
unsplash_pose_UeEPugZX__o.jpg,d:\CDAC PGCP AI\Project Idea\Pose Suggestor\unsplash_pose_dataset\unsplash_pose_UeEPugZX__o.jpg,77.38,ok
unsplash_pose_BCWFkdANJZI.jpg,d:\CDAC PGCP AI\Project Idea\Pose Suggestor\unsplash_pose_dataset\unsplash_pose_BCWFkdANJZI.jpg,77.38,ok
unsplash_pose_MwLkSLTZymw.jpg,d:\CDAC PGCP AI\Project Idea\Pose Suggestor\unsplash_pose_dataset\unsplash_pose_MwLkSLTZymw.jpg,77.35,ok
unsplash_pose_CXGQwRYKdN8.jpg,d:\CDAC PGCP AI\Project Idea\Pose Suggestor\unsplash_pose_dataset\unsplash_pose_CXGQwRYKdN8.jpg,77.3,ok
unsplash_pose_HXWv35a0NqY.jpg,d:\CDAC PGCP AI\Project Idea\Pose Suggestor\unsplash_pose_dataset\unsplash_pose_HXWv35a0NqY.jpg,77.29,ok
unsplash_pose_ZNqvhM9mHBo.jpg,d:\CDAC PGCP AI\Project Idea\Pose Suggestor\unsplash_pose_dataset\unsplash_pose_ZNqvhM9mHBo.jpg,77.29,ok
unsplash_pose__7jpC5a8h5s.jpg,d:\CDAC PGCP AI\Project Idea\Pose Suggestor\unsplash_pose_dataset\unsplash_pose__7jpC5a8h5s.jpg,77.26,ok
unsplash_pose_IZrrk6Ku0cU.jpg,d:\CDAC PGCP AI\Project Idea\Pose Suggestor\unsplash_pose_dataset\unsplash_pose_IZrrk6Ku0cU.jpg,77.24,ok
unsplash_pose_slvqjv4eDWw.jpg,d:\CDAC PGCP AI\Project Idea\Pose Suggestor\unsplash_pose_dataset\unsplash_pose_slvqjv4eDWw.jpg,77.24,ok
unsplash_pose_x8JAJbJe_y4.jpg,d:\CDAC PGCP AI\Project Idea\Pose Suggestor\unsplash_pose_dataset\unsplash_pose_x8JAJbJe_y4.jpg,77.21,ok
unsplash_pose_r8CrUqBAqwY.jpg,d:\CDAC PGCP AI\Project Idea\Pose Suggestor\unsplash_pose_dataset\unsplash_pose_r8CrUqBAqwY.jpg,77.21,ok
unsplash_pose_qpgfJWn3oWY.jpg,d:\CDAC PGCP AI\Project Idea\Pose Suggestor\unsplash_pose_dataset\unsplash_pose_qpgfJWn3oWY.jpg,77.2,ok
unsplash_pose_WLEgl7AiqV0.jpg,d:\CDAC PGCP AI\Project Idea\Pose Suggestor\unsplash_pose_dataset\unsplash_pose_WLEgl7AiqV0.jpg,77.2,ok
unsplash_pose_U3cCIwCSQ6k.jpg,d:\CDAC PGCP AI\Project Idea\Pose Suggestor\unsplash_pose_dataset\unsplash_pose_U3cCIwCSQ6k.jpg,77.13,ok
unsplash_pose_nYcOglHhRTo.jpg,d:\CDAC PGCP AI\Project Idea\Pose Suggestor\unsplash_pose_dataset\unsplash_pose_nYcOglHhRTo.jpg,77.13,ok
unsplash_pose_TvCAqUFAMMs.jpg,d:\CDAC PGCP AI\Project Idea\Pose Suggestor\unsplash_pose_dataset\unsplash_pose_TvCAqUFAMMs.jpg,77.12,ok
unsplash_pose_2_OZchfc3vM.jpg,d:\CDAC PGCP AI\Project Idea\Pose Suggestor\unsplash_pose_dataset\unsplash_pose_2_OZchfc3vM.jpg,77.11,ok
unsplash_pose_IG3yvVJMveY.jpg,d:\CDAC PGCP AI\Project Idea\Pose Suggestor\unsplash_pose_dataset\unsplash_pose_IG3yvVJMveY.jpg,77.1,ok
unsplash_pose_qzgJEKM-5wk.jpg,d:\CDAC PGCP AI\Project Idea\Pose Suggestor\unsplash_pose_dataset\unsplash_pose_qzgJEKM-5wk.jpg,77.09,ok
unsplash_pose_MILR4OugvUg.jpg,d:\CDAC PGCP AI\Project Idea\Pose Suggestor\unsplash_pose_dataset\unsplash_pose_MILR4OugvUg.jpg,77.04,ok
unsplash_pose_qEeY3JIC6VQ.jpg,d:\CDAC PGCP AI\Project Idea\Pose Suggestor\unsplash_pose_dataset\unsplash_pose_qEeY3JIC6VQ.jpg,77.04,ok
unsplash_pose_0SNiTuvzTt0.jpg,d:\CDAC PGCP AI\Project Idea\Pose Suggestor\unsplash_pose_dataset\unsplash_pose_0SNiTuvzTt0.jpg,77.02,ok
unsplash_pose_CizO8G21Hhc.jpg,d:\CDAC PGCP AI\Project Idea\Pose Suggestor\unsplash_pose_dataset\unsplash_pose_CizO8G21Hhc.jpg,76.98,ok
unsplash_pose_EVUfkusD3a0.jpg,d:\CDAC PGCP AI\Project Idea\Pose Suggestor\unsplash_pose_dataset\unsplash_pose_EVUfkusD3a0.jpg,76.97,ok
unsplash_pose_xrUlUXpHRJA.jpg,d:\CDAC PGCP AI\Project Idea\Pose Suggestor\unsplash_pose_dataset\unsplash_pose_xrUlUXpHRJA.jpg,76.97,ok
unsplash_pose_ga10ZiumpIM.jpg,d:\CDAC PGCP AI\Project Idea\Pose Suggestor\unsplash_pose_dataset\unsplash_pose_ga10ZiumpIM.jpg,76.96,ok
unsplash_pose_u5LMun-T95Y.jpg,d:\CDAC PGCP AI\Project Idea\Pose Suggestor\unsplash_pose_dataset\unsplash_pose_u5LMun-T95Y.jpg,76.96,ok
unsplash_pose_W_7WgFzAPTc.jpg,d:\CDAC PGCP AI\Project Idea\Pose Suggestor\unsplash_pose_dataset\unsplash_pose_W_7WgFzAPTc.jpg,76.9,ok
unsplash_pose_EuNgCjSWPmA.jpg,d:\CDAC PGCP AI\Project Idea\Pose Suggestor\unsplash_pose_dataset\unsplash_pose_EuNgCjSWPmA.jpg,76.81,ok
unsplash_pose_1r2ozYV9OSQ.jpg,d:\CDAC PGCP AI\Project Idea\Pose Suggestor\unsplash_pose_dataset\unsplash_pose_1r2ozYV9OSQ.jpg,76.8,ok
unsplash_pose_upPqL4tLhUY.jpg,d:\CDAC PGCP AI\Project Idea\Pose Suggestor\unsplash_pose_dataset\unsplash_pose_upPqL4tLhUY.jpg,76.79,ok
unsplash_pose_NtwU4bI7k1o.jpg,d:\CDAC PGCP AI\Project Idea\Pose Suggestor\unsplash_pose_dataset\unsplash_pose_NtwU4bI7k1o.jpg,76.78,ok
unsplash_pose_DAwehHP90o0.jpg,d:\CDAC PGCP AI\Project Idea\Pose Suggestor\unsplash_pose_dataset\unsplash_pose_DAwehHP90o0.jpg,76.77,ok
unsplash_pose_qX30kGf7Zb4.jpg,d:\CDAC PGCP AI\Project Idea\Pose Suggestor\unsplash_pose_dataset\unsplash_pose_qX30kGf7Zb4.jpg,76.76,ok
unsplash_pose_UKQAh-HQuNc.jpg,d:\CDAC PGCP AI\Project Idea\Pose Suggestor\unsplash_pose_dataset\unsplash_pose_UKQAh-HQuNc.jpg,76.76,ok
unsplash_pose_BkvpZfXo8NA.jpg,d:\CDAC PGCP AI\Project Idea\Pose Suggestor\unsplash_pose_dataset\unsplash_pose_BkvpZfXo8NA.jpg,76.74,ok
unsplash_pose_Gp2jv_GNokM.jpg,d:\CDAC PGCP AI\Project Idea\Pose Suggestor\unsplash_pose_dataset\unsplash_pose_Gp2jv_GNokM.jpg,76.72,ok
unsplash_pose_5k5CKVBMcF0.jpg,d:\CDAC PGCP AI\Project Idea\Pose Suggestor\unsplash_pose_dataset\unsplash_pose_5k5CKVBMcF0.jpg,76.71,ok
unsplash_pose_HP4aOPwmIc0.jpg,d:\CDAC PGCP AI\Project Idea\Pose Suggestor\unsplash_pose_dataset\unsplash_pose_HP4aOPwmIc0.jpg,76.7,ok
unsplash_pose_xEpTXR4Du24.jpg,d:\CDAC PGCP AI\Project Idea\Pose Suggestor\unsplash_pose_dataset\unsplash_pose_xEpTXR4Du24.jpg,76.67,ok
unsplash_pose_veKtl4Ez3aE.jpg,d:\CDAC PGCP AI\Project Idea\Pose Suggestor\unsplash_pose_dataset\unsplash_pose_veKtl4Ez3aE.jpg,76.63,ok
unsplash_pose_aWX3iFHSl9A.jpg,d:\CDAC PGCP AI\Project Idea\Pose Suggestor\unsplash_pose_dataset\unsplash_pose_aWX3iFHSl9A.jpg,76.62,ok
unsplash_pose_piMmy8CSYDE.jpg,d:\CDAC PGCP AI\Project Idea\Pose Suggestor\unsplash_pose_dataset\unsplash_pose_piMmy8CSYDE.jpg,76.59,ok
unsplash_pose_74Z2INf7zmQ.jpg,d:\CDAC PGCP AI\Project Idea\Pose Suggestor\unsplash_pose_dataset\unsplash_pose_74Z2INf7zmQ.jpg,76.57,ok
unsplash_pose_LnIQV-p1N-k.jpg,d:\CDAC PGCP AI\Project Idea\Pose Suggestor\unsplash_pose_dataset\unsplash_pose_LnIQV-p1N-k.jpg,76.53,ok
unsplash_pose_Ki_bQNT1eiM.jpg,d:\CDAC PGCP AI\Project Idea\Pose Suggestor\unsplash_pose_dataset\unsplash_pose_Ki_bQNT1eiM.jpg,76.52,ok
unsplash_pose_qeY6cAsCvTs.jpg,d:\CDAC PGCP AI\Project Idea\Pose Suggestor\unsplash_pose_dataset\unsplash_pose_qeY6cAsCvTs.jpg,76.52,ok
unsplash_pose_jauRVgYUl0Q.jpg,d:\CDAC PGCP AI\Project Idea\Pose Suggestor\unsplash_pose_dataset\unsplash_pose_jauRVgYUl0Q.jpg,76.49,ok
unsplash_pose_XbKy8oZ0uvI.jpg,d:\CDAC PGCP AI\Project Idea\Pose Suggestor\unsplash_pose_dataset\unsplash_pose_XbKy8oZ0uvI.jpg,76.44,ok
unsplash_pose_0QNSNGmungI.jpg,d:\CDAC PGCP AI\Project Idea\Pose Suggestor\unsplash_pose_dataset\unsplash_pose_0QNSNGmungI.jpg,76.42,ok
unsplash_pose_l8Hc9FEKpIo.jpg,d:\CDAC PGCP AI\Project Idea\Pose Suggestor\unsplash_pose_dataset\unsplash_pose_l8Hc9FEKpIo.jpg,76.4,ok
unsplash_pose__81qIVANhro.jpg,d:\CDAC PGCP AI\Project Idea\Pose Suggestor\unsplash_pose_dataset\unsplash_pose__81qIVANhro.jpg,76.34,ok
unsplash_pose_CgwF-FhRkvs.jpg,d:\CDAC PGCP AI\Project Idea\Pose Suggestor\unsplash_pose_dataset\unsplash_pose_CgwF-FhRkvs.jpg,76.29,ok
unsplash_pose_iBes0MKh1rg.jpg,d:\CDAC PGCP AI\Project Idea\Pose Suggestor\unsplash_pose_dataset\unsplash_pose_iBes0MKh1rg.jpg,76.28,ok
unsplash_pose_TOZvwI2oZfw.jpg,d:\CDAC PGCP AI\Project Idea\Pose Suggestor\unsplash_pose_dataset\unsplash_pose_TOZvwI2oZfw.jpg,76.28,ok
unsplash_pose_O8SuPkzq_8E.jpg,d:\CDAC PGCP AI\Project Idea\Pose Suggestor\unsplash_pose_dataset\unsplash_pose_O8SuPkzq_8E.jpg,76.23,ok
unsplash_pose_7cKp2sZWptg.jpg,d:\CDAC PGCP AI\Project Idea\Pose Suggestor\unsplash_pose_dataset\unsplash_pose_7cKp2sZWptg.jpg,76.23,ok
unsplash_pose_DRolt9B5nlU.jpg,d:\CDAC PGCP AI\Project Idea\Pose Suggestor\unsplash_pose_dataset\unsplash_pose_DRolt9B5nlU.jpg,76.21,ok
unsplash_pose_cWAPyhb9faM.jpg,d:\CDAC PGCP AI\Project Idea\Pose Suggestor\unsplash_pose_dataset\unsplash_pose_cWAPyhb9faM.jpg,76.21,ok
unsplash_pose_pQ1Ylqc1ytE.jpg,d:\CDAC PGCP AI\Project Idea\Pose Suggestor\unsplash_pose_dataset\unsplash_pose_pQ1Ylqc1ytE.jpg,76.18,ok
unsplash_pose_aiL8fWvhtsg.jpg,d:\CDAC PGCP AI\Project Idea\Pose Suggestor\unsplash_pose_dataset\unsplash_pose_aiL8fWvhtsg.jpg,76.15,ok
unsplash_pose_wQX5VViR67Q.jpg,d:\CDAC PGCP AI\Project Idea\Pose Suggestor\unsplash_pose_dataset\unsplash_pose_wQX5VViR67Q.jpg,76.15,ok
unsplash_pose_Ni-Oq5yojco.jpg,d:\CDAC PGCP AI\Project Idea\Pose Suggestor\unsplash_pose_dataset\unsplash_pose_Ni-Oq5yojco.jpg,76.08,ok
unsplash_pose_C5DxZbuQvf8.jpg,d:\CDAC PGCP AI\Project Idea\Pose Suggestor\unsplash_pose_dataset\unsplash_pose_C5DxZbuQvf8.jpg,76.07,ok
unsplash_pose_inpLoD-KrPg.jpg,d:\CDAC PGCP AI\Project Idea\Pose Suggestor\unsplash_pose_dataset\unsplash_pose_inpLoD-KrPg.jpg,76.07,ok
unsplash_pose_IaEXpuB8_c0.jpg,d:\CDAC PGCP AI\Project Idea\Pose Suggestor\unsplash_pose_dataset\unsplash_pose_IaEXpuB8_c0.jpg,76.07,ok
unsplash_pose_YfBMb4LjPnU.jpg,d:\CDAC PGCP AI\Project Idea\Pose Suggestor\unsplash_pose_dataset\unsplash_pose_YfBMb4LjPnU.jpg,76.03,ok
unsplash_pose_KifdLXdT7aQ.jpg,d:\CDAC PGCP AI\Project Idea\Pose Suggestor\unsplash_pose_dataset\unsplash_pose_KifdLXdT7aQ.jpg,75.99,ok
unsplash_pose_XSFIz3cSc-A.jpg,d:\CDAC PGCP AI\Project Idea\Pose Suggestor\unsplash_pose_dataset\unsplash_pose_XSFIz3cSc-A.jpg,75.98,ok
unsplash_pose_vVRjvi-fnXc.jpg,d:\CDAC PGCP AI\Project Idea\Pose Suggestor\unsplash_pose_dataset\unsplash_pose_vVRjvi-fnXc.jpg,75.96,ok
unsplash_pose_7QM03USBHYs.jpg,d:\CDAC PGCP AI\Project Idea\Pose Suggestor\unsplash_pose_dataset\unsplash_pose_7QM03USBHYs.jpg,75.96,ok
unsplash_pose_5uHsuWoj-8U.jpg,d:\CDAC PGCP AI\Project Idea\Pose Suggestor\unsplash_pose_dataset\unsplash_pose_5uHsuWoj-8U.jpg,75.95,ok
unsplash_pose_r46BaPcWP3Q.jpg,d:\CDAC PGCP AI\Project Idea\Pose Suggestor\unsplash_pose_dataset\unsplash_pose_r46BaPcWP3Q.jpg,75.9,ok
unsplash_pose_Rrr8TjQodok.jpg,d:\CDAC PGCP AI\Project Idea\Pose Suggestor\unsplash_pose_dataset\unsplash_pose_Rrr8TjQodok.jpg,75.88,ok
unsplash_pose_FERMYyzr-ds.jpg,d:\CDAC PGCP AI\Project Idea\Pose Suggestor\unsplash_pose_dataset\unsplash_pose_FERMYyzr-ds.jpg,75.84,ok
unsplash_pose_AmuUryisd1E.jpg,d:\CDAC PGCP AI\Project Idea\Pose Suggestor\unsplash_pose_dataset\unsplash_pose_AmuUryisd1E.jpg,75.83,ok
unsplash_pose_qRj9Wg6de2M.jpg,d:\CDAC PGCP AI\Project Idea\Pose Suggestor\unsplash_pose_dataset\unsplash_pose_qRj9Wg6de2M.jpg,75.83,ok
unsplash_pose_gMveWNqajGw.jpg,d:\CDAC PGCP AI\Project Idea\Pose Suggestor\unsplash_pose_dataset\unsplash_pose_gMveWNqajGw.jpg,75.8,ok
unsplash_pose_mKUmiAzBK54.jpg,d:\CDAC PGCP AI\Project Idea\Pose Suggestor\unsplash_pose_dataset\unsplash_pose_mKUmiAzBK54.jpg,75.8,ok
unsplash_pose_m1u8fVqalZw.jpg,d:\CDAC PGCP AI\Project Idea\Pose Suggestor\unsplash_pose_dataset\unsplash_pose_m1u8fVqalZw.jpg,75.79,ok
unsplash_pose_HDE_k0SlSLw.jpg,d:\CDAC PGCP AI\Project Idea\Pose Suggestor\unsplash_pose_dataset\unsplash_pose_HDE_k0SlSLw.jpg,75.77,ok
unsplash_pose_FZYbvW289mI.jpg,d:\CDAC PGCP AI\Project Idea\Pose Suggestor\unsplash_pose_dataset\unsplash_pose_FZYbvW289mI.jpg,75.76,ok
unsplash_pose_itdQzEnWg9o.jpg,d:\CDAC PGCP AI\Project Idea\Pose Suggestor\unsplash_pose_dataset\unsplash_pose_itdQzEnWg9o.jpg,75.75,ok
unsplash_pose_sHIH0vLa-jo.jpg,d:\CDAC PGCP AI\Project Idea\Pose Suggestor\unsplash_pose_dataset\unsplash_pose_sHIH0vLa-jo.jpg,75.74,ok
unsplash_pose_ST7I8deWGo8.jpg,d:\CDAC PGCP AI\Project Idea\Pose Suggestor\unsplash_pose_dataset\unsplash_pose_ST7I8deWGo8.jpg,75.74,ok
unsplash_pose_icccDZlqLf8.jpg,d:\CDAC PGCP AI\Project Idea\Pose Suggestor\unsplash_pose_dataset\unsplash_pose_icccDZlqLf8.jpg,75.7,ok
unsplash_pose_mWptdNP9j9A.jpg,d:\CDAC PGCP AI\Project Idea\Pose Suggestor\unsplash_pose_dataset\unsplash_pose_mWptdNP9j9A.jpg,75.67,ok
unsplash_pose_D6NcQnXAZSQ.jpg,d:\CDAC PGCP AI\Project Idea\Pose Suggestor\unsplash_pose_dataset\unsplash_pose_D6NcQnXAZSQ.jpg,75.62,ok
unsplash_pose_29NoTCd7MT8.jpg,d:\CDAC PGCP AI\Project Idea\Pose Suggestor\unsplash_pose_dataset\unsplash_pose_29NoTCd7MT8.jpg,75.52,ok
unsplash_pose_rwm1I-5Fk4I.jpg,d:\CDAC PGCP AI\Project Idea\Pose Suggestor\unsplash_pose_dataset\unsplash_pose_rwm1I-5Fk4I.jpg,75.51,ok
unsplash_pose_UNNpki_WfSE.jpg,d:\CDAC PGCP AI\Project Idea\Pose Suggestor\unsplash_pose_dataset\unsplash_pose_UNNpki_WfSE.jpg,75.46,ok
unsplash_pose_1aklPrd5wiY.jpg,d:\CDAC PGCP AI\Project Idea\Pose Suggestor\unsplash_pose_dataset\unsplash_pose_1aklPrd5wiY.jpg,75.45,ok
unsplash_pose_jY7nPBhD4AQ.jpg,d:\CDAC PGCP AI\Project Idea\Pose Suggestor\unsplash_pose_dataset\unsplash_pose_jY7nPBhD4AQ.jpg,75.45,ok
unsplash_pose_231fuqmO4yM.jpg,d:\CDAC PGCP AI\Project Idea\Pose Suggestor\unsplash_pose_dataset\unsplash_pose_231fuqmO4yM.jpg,75.42,ok
unsplash_pose_evZP-DJgE-8.jpg,d:\CDAC PGCP AI\Project Idea\Pose Suggestor\unsplash_pose_dataset\unsplash_pose_evZP-DJgE-8.jpg,75.39,ok
unsplash_pose_UlaHc4h1t4s.jpg,d:\CDAC PGCP AI\Project Idea\Pose Suggestor\unsplash_pose_dataset\unsplash_pose_UlaHc4h1t4s.jpg,75.38,ok
unsplash_pose_aB2XTK9tGCU.jpg,d:\CDAC PGCP AI\Project Idea\Pose Suggestor\unsplash_pose_dataset\unsplash_pose_aB2XTK9tGCU.jpg,75.38,ok
unsplash_pose_15S-CoAxdMA.jpg,d:\CDAC PGCP AI\Project Idea\Pose Suggestor\unsplash_pose_dataset\unsplash_pose_15S-CoAxdMA.jpg,75.34,ok
unsplash_pose_K9yz7Xzmi08.jpg,d:\CDAC PGCP AI\Project Idea\Pose Suggestor\unsplash_pose_dataset\unsplash_pose_K9yz7Xzmi08.jpg,75.34,ok
unsplash_pose_SaRIGOQxyiI.jpg,d:\CDAC PGCP AI\Project Idea\Pose Suggestor\unsplash_pose_dataset\unsplash_pose_SaRIGOQxyiI.jpg,75.33,ok
unsplash_pose_N4r94qRze9c.jpg,d:\CDAC PGCP AI\Project Idea\Pose Suggestor\unsplash_pose_dataset\unsplash_pose_N4r94qRze9c.jpg,75.33,ok
unsplash_pose_RfCP0sAbqwM.jpg,d:\CDAC PGCP AI\Project Idea\Pose Suggestor\unsplash_pose_dataset\unsplash_pose_RfCP0sAbqwM.jpg,75.31,ok
unsplash_pose_0-twJ1MOTuE.jpg,d:\CDAC PGCP AI\Project Idea\Pose Suggestor\unsplash_pose_dataset\unsplash_pose_0-twJ1MOTuE.jpg,75.28,ok
unsplash_pose_U4cPrYNtvXk.jpg,d:\CDAC PGCP AI\Project Idea\Pose Suggestor\unsplash_pose_dataset\unsplash_pose_U4cPrYNtvXk.jpg,75.27,ok
unsplash_pose_bCudC72v2Ig.jpg,d:\CDAC PGCP AI\Project Idea\Pose Suggestor\unsplash_pose_dataset\unsplash_pose_bCudC72v2Ig.jpg,75.26,ok
unsplash_pose_PLn0y_OMmgk.jpg,d:\CDAC PGCP AI\Project Idea\Pose Suggestor\unsplash_pose_dataset\unsplash_pose_PLn0y_OMmgk.jpg,75.25,ok
unsplash_pose_Zwb2EAhVKc4.jpg,d:\CDAC PGCP AI\Project Idea\Pose Suggestor\unsplash_pose_dataset\unsplash_pose_Zwb2EAhVKc4.jpg,75.21,ok
unsplash_pose_JweJjQ_U4JQ.jpg,d:\CDAC PGCP AI\Project Idea\Pose Suggestor\unsplash_pose_dataset\unsplash_pose_JweJjQ_U4JQ.jpg,75.2,ok
unsplash_pose_aXbcxhYBF-Y.jpg,d:\CDAC PGCP AI\Project Idea\Pose Suggestor\unsplash_pose_dataset\unsplash_pose_aXbcxhYBF-Y.jpg,75.2,ok
unsplash_pose_hxVs-NOIsJo.jpg,d:\CDAC PGCP AI\Project Idea\Pose Suggestor\unsplash_pose_dataset\unsplash_pose_hxVs-NOIsJo.jpg,75.14,ok
unsplash_pose_jNdgn418r64.jpg,d:\CDAC PGCP AI\Project Idea\Pose Suggestor\unsplash_pose_dataset\unsplash_pose_jNdgn418r64.jpg,75.13,ok
unsplash_pose_rcQlTeB5jCw.jpg,d:\CDAC PGCP AI\Project Idea\Pose Suggestor\unsplash_pose_dataset\unsplash_pose_rcQlTeB5jCw.jpg,75.09,ok
unsplash_pose_CNmAYp-bBvc.jpg,d:\CDAC PGCP AI\Project Idea\Pose Suggestor\unsplash_pose_dataset\unsplash_pose_CNmAYp-bBvc.jpg,75.09,ok
unsplash_pose_OEN2mZo7JAA.jpg,d:\CDAC PGCP AI\Project Idea\Pose Suggestor\unsplash_pose_dataset\unsplash_pose_OEN2mZo7JAA.jpg,75.08,ok
unsplash_pose_A98K3weWKoI.jpg,d:\CDAC PGCP AI\Project Idea\Pose Suggestor\unsplash_pose_dataset\unsplash_pose_A98K3weWKoI.jpg,75.08,ok
unsplash_pose_4HNHDhvug4c.jpg,d:\CDAC PGCP AI\Project Idea\Pose Suggestor\unsplash_pose_dataset\unsplash_pose_4HNHDhvug4c.jpg,75.07,ok
unsplash_pose_gRDQGngBZuw.jpg,d:\CDAC PGCP AI\Project Idea\Pose Suggestor\unsplash_pose_dataset\unsplash_pose_gRDQGngBZuw.jpg,75.06,ok
unsplash_pose_blHAbQScLLE.jpg,d:\CDAC PGCP AI\Project Idea\Pose Suggestor\unsplash_pose_dataset\unsplash_pose_blHAbQScLLE.jpg,75.05,ok
unsplash_pose_RWsL-GjAAbs.jpg,d:\CDAC PGCP AI\Project Idea\Pose Suggestor\unsplash_pose_dataset\unsplash_pose_RWsL-GjAAbs.jpg,75.05,ok
unsplash_pose_uioN71Xj-c4.jpg,d:\CDAC PGCP AI\Project Idea\Pose Suggestor\unsplash_pose_dataset\unsplash_pose_uioN71Xj-c4.jpg,75.02,ok
unsplash_pose_Q4t1YTTtCew.jpg,d:\CDAC PGCP AI\Project Idea\Pose Suggestor\unsplash_pose_dataset\unsplash_pose_Q4t1YTTtCew.jpg,75.02,ok
unsplash_pose_uF2zf7iJjfY.jpg,d:\CDAC PGCP AI\Project Idea\Pose Suggestor\unsplash_pose_dataset\unsplash_pose_uF2zf7iJjfY.jpg,75.01,ok
unsplash_pose_aLLgntZ8zSM.jpg,d:\CDAC PGCP AI\Project Idea\Pose Suggestor\unsplash_pose_dataset\unsplash_pose_aLLgntZ8zSM.jpg,74.99,ok
unsplash_pose_Cg5UFyw22EE.jpg,d:\CDAC PGCP AI\Project Idea\Pose Suggestor\unsplash_pose_dataset\unsplash_pose_Cg5UFyw22EE.jpg,74.93,ok
unsplash_pose_SDdavpWKbTY.jpg,d:\CDAC PGCP AI\Project Idea\Pose Suggestor\unsplash_pose_dataset\unsplash_pose_SDdavpWKbTY.jpg,74.92,ok
unsplash_pose_Nb_FUwr9C2I.jpg,d:\CDAC PGCP AI\Project Idea\Pose Suggestor\unsplash_pose_dataset\unsplash_pose_Nb_FUwr9C2I.jpg,74.91,ok
unsplash_pose_9COlBDwihI4.jpg,d:\CDAC PGCP AI\Project Idea\Pose Suggestor\unsplash_pose_dataset\unsplash_pose_9COlBDwihI4.jpg,74.87,ok
unsplash_pose_oS6hd8SPBd0.jpg,d:\CDAC PGCP AI\Project Idea\Pose Suggestor\unsplash_pose_dataset\unsplash_pose_oS6hd8SPBd0.jpg,74.84,ok
unsplash_pose_9m5K7KXEkhI.jpg,d:\CDAC PGCP AI\Project Idea\Pose Suggestor\unsplash_pose_dataset\unsplash_pose_9m5K7KXEkhI.jpg,74.84,ok
unsplash_pose_SjPDynsoFi0.jpg,d:\CDAC PGCP AI\Project Idea\Pose Suggestor\unsplash_pose_dataset\unsplash_pose_SjPDynsoFi0.jpg,74.84,ok
unsplash_pose_iZNDcwUHs24.jpg,d:\CDAC PGCP AI\Project Idea\Pose Suggestor\unsplash_pose_dataset\unsplash_pose_iZNDcwUHs24.jpg,74.76,ok
unsplash_pose_eau9_eLaxXM.jpg,d:\CDAC PGCP AI\Project Idea\Pose Suggestor\unsplash_pose_dataset\unsplash_pose_eau9_eLaxXM.jpg,74.75,ok
unsplash_pose_1WkSt6YPC0Y.jpg,d:\CDAC PGCP AI\Project Idea\Pose Suggestor\unsplash_pose_dataset\unsplash_pose_1WkSt6YPC0Y.jpg,74.73,ok
unsplash_pose_jDnOfwHO3eg.jpg,d:\CDAC PGCP AI\Project Idea\Pose Suggestor\unsplash_pose_dataset\unsplash_pose_jDnOfwHO3eg.jpg,74.69,ok
unsplash_pose_Jqhn2OCGj-g.jpg,d:\CDAC PGCP AI\Project Idea\Pose Suggestor\unsplash_pose_dataset\unsplash_pose_Jqhn2OCGj-g.jpg,74.69,ok
unsplash_pose_KNK17qOk8BM.jpg,d:\CDAC PGCP AI\Project Idea\Pose Suggestor\unsplash_pose_dataset\unsplash_pose_KNK17qOk8BM.jpg,74.67,ok
unsplash_pose_2xSohGBM9XE.jpg,d:\CDAC PGCP AI\Project Idea\Pose Suggestor\unsplash_pose_dataset\unsplash_pose_2xSohGBM9XE.jpg,74.64,ok
unsplash_pose_BohvY5Apv3Y.jpg,d:\CDAC PGCP AI\Project Idea\Pose Suggestor\unsplash_pose_dataset\unsplash_pose_BohvY5Apv3Y.jpg,74.63,ok
unsplash_pose_17fjH15e76I.jpg,d:\CDAC PGCP AI\Project Idea\Pose Suggestor\unsplash_pose_dataset\unsplash_pose_17fjH15e76I.jpg,74.59,ok
unsplash_pose_32S-El9G_ow.jpg,d:\CDAC PGCP AI\Project Idea\Pose Suggestor\unsplash_pose_dataset\unsplash_pose_32S-El9G_ow.jpg,74.58,ok
unsplash_pose_iLgwZYGySsU.jpg,d:\CDAC PGCP AI\Project Idea\Pose Suggestor\unsplash_pose_dataset\unsplash_pose_iLgwZYGySsU.jpg,74.57,ok
unsplash_pose_VpUyO2x-jR0.jpg,d:\CDAC PGCP AI\Project Idea\Pose Suggestor\unsplash_pose_dataset\unsplash_pose_VpUyO2x-jR0.jpg,74.47,ok
unsplash_pose_2H3p5JqK46g.jpg,d:\CDAC PGCP AI\Project Idea\Pose Suggestor\unsplash_pose_dataset\unsplash_pose_2H3p5JqK46g.jpg,74.46,ok
unsplash_pose_kUUoN5ngHIM.jpg,d:\CDAC PGCP AI\Project Idea\Pose Suggestor\unsplash_pose_dataset\unsplash_pose_kUUoN5ngHIM.jpg,74.42,ok
unsplash_pose_2e5489NaePY.jpg,d:\CDAC PGCP AI\Project Idea\Pose Suggestor\unsplash_pose_dataset\unsplash_pose_2e5489NaePY.jpg,74.35,ok
unsplash_pose_-egxLPiE_Ns.jpg,d:\CDAC PGCP AI\Project Idea\Pose Suggestor\unsplash_pose_dataset\unsplash_pose_-egxLPiE_Ns.jpg,74.34,ok
unsplash_pose_jmX-Bn2vr24.jpg,d:\CDAC PGCP AI\Project Idea\Pose Suggestor\unsplash_pose_dataset\unsplash_pose_jmX-Bn2vr24.jpg,74.32,ok
unsplash_pose_XbEPjyhUS8w.jpg,d:\CDAC PGCP AI\Project Idea\Pose Suggestor\unsplash_pose_dataset\unsplash_pose_XbEPjyhUS8w.jpg,74.32,ok
unsplash_pose_Y92OI5D-cvM.jpg,d:\CDAC PGCP AI\Project Idea\Pose Suggestor\unsplash_pose_dataset\unsplash_pose_Y92OI5D-cvM.jpg,74.29,ok
unsplash_pose_s15qiB36NRo.jpg,d:\CDAC PGCP AI\Project Idea\Pose Suggestor\unsplash_pose_dataset\unsplash_pose_s15qiB36NRo.jpg,74.24,ok
unsplash_pose_vgqTH5STxzc.jpg,d:\CDAC PGCP AI\Project Idea\Pose Suggestor\unsplash_pose_dataset\unsplash_pose_vgqTH5STxzc.jpg,74.22,ok
unsplash_pose_HsM3EfTIv48.jpg,d:\CDAC PGCP AI\Project Idea\Pose Suggestor\unsplash_pose_dataset\unsplash_pose_HsM3EfTIv48.jpg,74.22,ok
unsplash_pose_amNMmZISS6Q.jpg,d:\CDAC PGCP AI\Project Idea\Pose Suggestor\unsplash_pose_dataset\unsplash_pose_amNMmZISS6Q.jpg,74.2,ok
unsplash_pose_Vkdq9pfXay0.jpg,d:\CDAC PGCP AI\Project Idea\Pose Suggestor\unsplash_pose_dataset\unsplash_pose_Vkdq9pfXay0.jpg,74.17,ok
unsplash_pose_1IB4yn96r5g.jpg,d:\CDAC PGCP AI\Project Idea\Pose Suggestor\unsplash_pose_dataset\unsplash_pose_1IB4yn96r5g.jpg,74.15,ok
unsplash_pose_ThZwoUcVQM4.jpg,d:\CDAC PGCP AI\Project Idea\Pose Suggestor\unsplash_pose_dataset\unsplash_pose_ThZwoUcVQM4.jpg,74.14,ok
unsplash_pose_VCrlw14bA3o.jpg,d:\CDAC PGCP AI\Project Idea\Pose Suggestor\unsplash_pose_dataset\unsplash_pose_VCrlw14bA3o.jpg,74.11,ok
unsplash_pose_KOyHBlqKUL0.jpg,d:\CDAC PGCP AI\Project Idea\Pose Suggestor\unsplash_pose_dataset\unsplash_pose_KOyHBlqKUL0.jpg,74.09,ok
unsplash_pose_UF4rgG23lM0.jpg,d:\CDAC PGCP AI\Project Idea\Pose Suggestor\unsplash_pose_dataset\unsplash_pose_UF4rgG23lM0.jpg,74.05,ok
unsplash_pose_vEnfd_lRChM.jpg,d:\CDAC PGCP AI\Project Idea\Pose Suggestor\unsplash_pose_dataset\unsplash_pose_vEnfd_lRChM.jpg,74.05,ok
unsplash_pose_1_19E6-l9ng.jpg,d:\CDAC PGCP AI\Project Idea\Pose Suggestor\unsplash_pose_dataset\unsplash_pose_1_19E6-l9ng.jpg,74.04,ok
unsplash_pose_cbDCvH6TGXE.jpg,d:\CDAC PGCP AI\Project Idea\Pose Suggestor\unsplash_pose_dataset\unsplash_pose_cbDCvH6TGXE.jpg,74.03,ok
unsplash_pose_IB75p73dVRo.jpg,d:\CDAC PGCP AI\Project Idea\Pose Suggestor\unsplash_pose_dataset\unsplash_pose_IB75p73dVRo.jpg,74.03,ok
unsplash_pose_q9DBfcagozU.jpg,d:\CDAC PGCP AI\Project Idea\Pose Suggestor\unsplash_pose_dataset\unsplash_pose_q9DBfcagozU.jpg,74.02,ok
unsplash_pose_JhBnckkM3KY.jpg,d:\CDAC PGCP AI\Project Idea\Pose Suggestor\unsplash_pose_dataset\unsplash_pose_JhBnckkM3KY.jpg,74.02,ok
unsplash_pose_jCLM8SE2aL8.jpg,d:\CDAC PGCP AI\Project Idea\Pose Suggestor\unsplash_pose_dataset\unsplash_pose_jCLM8SE2aL8.jpg,73.99,ok
unsplash_pose_Q6I762j66PI.jpg,d:\CDAC PGCP AI\Project Idea\Pose Suggestor\unsplash_pose_dataset\unsplash_pose_Q6I762j66PI.jpg,73.98,ok
unsplash_pose_gWB6tfQBGrQ.jpg,d:\CDAC PGCP AI\Project Idea\Pose Suggestor\unsplash_pose_dataset\unsplash_pose_gWB6tfQBGrQ.jpg,73.97,ok
unsplash_pose_k749qF2fe8k.jpg,d:\CDAC PGCP AI\Project Idea\Pose Suggestor\unsplash_pose_dataset\unsplash_pose_k749qF2fe8k.jpg,73.94,ok
unsplash_pose_N70f4ebpm0c.jpg,d:\CDAC PGCP AI\Project Idea\Pose Suggestor\unsplash_pose_dataset\unsplash_pose_N70f4ebpm0c.jpg,73.91,ok
unsplash_pose_05_eR8feuAo.jpg,d:\CDAC PGCP AI\Project Idea\Pose Suggestor\unsplash_pose_dataset\unsplash_pose_05_eR8feuAo.jpg,73.86,ok
unsplash_pose_c5l3UCj_pAY.jpg,d:\CDAC PGCP AI\Project Idea\Pose Suggestor\unsplash_pose_dataset\unsplash_pose_c5l3UCj_pAY.jpg,73.84,ok
unsplash_pose_NoFaORI922s.jpg,d:\CDAC PGCP AI\Project Idea\Pose Suggestor\unsplash_pose_dataset\unsplash_pose_NoFaORI922s.jpg,73.79,ok
unsplash_pose_2VpJsf46s60.jpg,d:\CDAC PGCP AI\Project Idea\Pose Suggestor\unsplash_pose_dataset\unsplash_pose_2VpJsf46s60.jpg,73.76,ok
unsplash_pose_9dQIO9w9X5s.jpg,d:\CDAC PGCP AI\Project Idea\Pose Suggestor\unsplash_pose_dataset\unsplash_pose_9dQIO9w9X5s.jpg,73.65,ok
unsplash_pose_3tb4nAinmus.jpg,d:\CDAC PGCP AI\Project Idea\Pose Suggestor\unsplash_pose_dataset\unsplash_pose_3tb4nAinmus.jpg,73.62,ok
unsplash_pose_jGTCstA3Bpc.jpg,d:\CDAC PGCP AI\Project Idea\Pose Suggestor\unsplash_pose_dataset\unsplash_pose_jGTCstA3Bpc.jpg,73.55,ok
unsplash_pose_EjgY_3qIE-0.jpg,d:\CDAC PGCP AI\Project Idea\Pose Suggestor\unsplash_pose_dataset\unsplash_pose_EjgY_3qIE-0.jpg,73.54,ok
unsplash_pose_p-f7vhgatIk.jpg,d:\CDAC PGCP AI\Project Idea\Pose Suggestor\unsplash_pose_dataset\unsplash_pose_p-f7vhgatIk.jpg,73.53,ok
unsplash_pose_pWcwsv1gshE.jpg,d:\CDAC PGCP AI\Project Idea\Pose Suggestor\unsplash_pose_dataset\unsplash_pose_pWcwsv1gshE.jpg,73.38,ok
unsplash_pose_VSUoIOHtCzE.jpg,d:\CDAC PGCP AI\Project Idea\Pose Suggestor\unsplash_pose_dataset\unsplash_pose_VSUoIOHtCzE.jpg,73.34,ok
unsplash_pose_O_uqVZSdFq8.jpg,d:\CDAC PGCP AI\Project Idea\Pose Suggestor\unsplash_pose_dataset\unsplash_pose_O_uqVZSdFq8.jpg,73.33,ok
unsplash_pose_VyKR684Roqo.jpg,d:\CDAC PGCP AI\Project Idea\Pose Suggestor\unsplash_pose_dataset\unsplash_pose_VyKR684Roqo.jpg,73.32,ok
unsplash_pose_lIiOG6wM2p0.jpg,d:\CDAC PGCP AI\Project Idea\Pose Suggestor\unsplash_pose_dataset\unsplash_pose_lIiOG6wM2p0.jpg,73.26,ok
unsplash_pose_IgU-TiiC1Ao.jpg,d:\CDAC PGCP AI\Project Idea\Pose Suggestor\unsplash_pose_dataset\unsplash_pose_IgU-TiiC1Ao.jpg,73.22,ok
unsplash_pose_UIjwbYTJsTs.jpg,d:\CDAC PGCP AI\Project Idea\Pose Suggestor\unsplash_pose_dataset\unsplash_pose_UIjwbYTJsTs.jpg,73.21,ok
unsplash_pose_zsQUsCrf7V8.jpg,d:\CDAC PGCP AI\Project Idea\Pose Suggestor\unsplash_pose_dataset\unsplash_pose_zsQUsCrf7V8.jpg,73.21,ok
unsplash_pose_73qsGSEFikg.jpg,d:\CDAC PGCP AI\Project Idea\Pose Suggestor\unsplash_pose_dataset\unsplash_pose_73qsGSEFikg.jpg,73.17,ok
unsplash_pose_8Ht_ZpQSu3w.jpg,d:\CDAC PGCP AI\Project Idea\Pose Suggestor\unsplash_pose_dataset\unsplash_pose_8Ht_ZpQSu3w.jpg,73.15,ok
unsplash_pose_S0sV3wOzOYM.jpg,d:\CDAC PGCP AI\Project Idea\Pose Suggestor\unsplash_pose_dataset\unsplash_pose_S0sV3wOzOYM.jpg,73.11,ok
unsplash_pose_hfRNp9DzNw4.jpg,d:\CDAC PGCP AI\Project Idea\Pose Suggestor\unsplash_pose_dataset\unsplash_pose_hfRNp9DzNw4.jpg,73.11,ok
unsplash_pose_Vk6awjFYYxA.jpg,d:\CDAC PGCP AI\Project Idea\Pose Suggestor\unsplash_pose_dataset\unsplash_pose_Vk6awjFYYxA.jpg,73.08,ok
unsplash_pose_UYw-S5v49K0.jpg,d:\CDAC PGCP AI\Project Idea\Pose Suggestor\unsplash_pose_dataset\unsplash_pose_UYw-S5v49K0.jpg,73.07,ok
unsplash_pose_OBAz7StoYTw.jpg,d:\CDAC PGCP AI\Project Idea\Pose Suggestor\unsplash_pose_dataset\unsplash_pose_OBAz7StoYTw.jpg,73.07,ok
unsplash_pose_2Unrul41_fo.jpg,d:\CDAC PGCP AI\Project Idea\Pose Suggestor\unsplash_pose_dataset\unsplash_pose_2Unrul41_fo.jpg,73,ok
unsplash_pose_axL7CZYjWfw.jpg,d:\CDAC PGCP AI\Project Idea\Pose Suggestor\unsplash_pose_dataset\unsplash_pose_axL7CZYjWfw.jpg,72.94,ok
unsplash_pose_8YqmHFleFwQ.jpg,d:\CDAC PGCP AI\Project Idea\Pose Suggestor\unsplash_pose_dataset\unsplash_pose_8YqmHFleFwQ.jpg,72.9,ok
unsplash_pose_rShFFZy93Ig.jpg,d:\CDAC PGCP AI\Project Idea\Pose Suggestor\unsplash_pose_dataset\unsplash_pose_rShFFZy93Ig.jpg,72.88,ok
unsplash_pose_DAjePek1rTA.jpg,d:\CDAC PGCP AI\Project Idea\Pose Suggestor\unsplash_pose_dataset\unsplash_pose_DAjePek1rTA.jpg,72.82,ok
unsplash_pose_lNGfsJhm_-M.jpg,d:\CDAC PGCP AI\Project Idea\Pose Suggestor\unsplash_pose_dataset\unsplash_pose_lNGfsJhm_-M.jpg,72.82,ok
unsplash_pose_jrF8GekXqSk.jpg,d:\CDAC PGCP AI\Project Idea\Pose Suggestor\unsplash_pose_dataset\unsplash_pose_jrF8GekXqSk.jpg,72.82,ok
unsplash_pose_Pv43jmyP92U.jpg,d:\CDAC PGCP AI\Project Idea\Pose Suggestor\unsplash_pose_dataset\unsplash_pose_Pv43jmyP92U.jpg,72.81,ok
unsplash_pose_1lacaFe1gz8.jpg,d:\CDAC PGCP AI\Project Idea\Pose Suggestor\unsplash_pose_dataset\unsplash_pose_1lacaFe1gz8.jpg,72.8,ok
unsplash_pose_7XaK7QDAWk8.jpg,d:\CDAC PGCP AI\Project Idea\Pose Suggestor\unsplash_pose_dataset\unsplash_pose_7XaK7QDAWk8.jpg,72.76,ok
unsplash_pose_0mFtxvLqkMU.jpg,d:\CDAC PGCP AI\Project Idea\Pose Suggestor\unsplash_pose_dataset\unsplash_pose_0mFtxvLqkMU.jpg,72.76,ok
unsplash_pose_02uhVhzmpEU.jpg,d:\CDAC PGCP AI\Project Idea\Pose Suggestor\unsplash_pose_dataset\unsplash_pose_02uhVhzmpEU.jpg,72.73,ok
unsplash_pose_LgnCzxiX5ew.jpg,d:\CDAC PGCP AI\Project Idea\Pose Suggestor\unsplash_pose_dataset\unsplash_pose_LgnCzxiX5ew.jpg,72.71,ok
unsplash_pose_wqyKANHsgjM.jpg,d:\CDAC PGCP AI\Project Idea\Pose Suggestor\unsplash_pose_dataset\unsplash_pose_wqyKANHsgjM.jpg,72.65,ok
unsplash_pose_flBoW2zYyD8.jpg,d:\CDAC PGCP AI\Project Idea\Pose Suggestor\unsplash_pose_dataset\unsplash_pose_flBoW2zYyD8.jpg,72.61,ok
unsplash_pose_Ty4S3omn-lc.jpg,d:\CDAC PGCP AI\Project Idea\Pose Suggestor\unsplash_pose_dataset\unsplash_pose_Ty4S3omn-lc.jpg,72.59,ok
unsplash_pose_t70mzsSiTgE.jpg,d:\CDAC PGCP AI\Project Idea\Pose Suggestor\unsplash_pose_dataset\unsplash_pose_t70mzsSiTgE.jpg,72.54,ok
unsplash_pose_KD24CrLuNxY.jpg,d:\CDAC PGCP AI\Project Idea\Pose Suggestor\unsplash_pose_dataset\unsplash_pose_KD24CrLuNxY.jpg,72.54,ok
unsplash_pose_ycCrMwHqVJo.jpg,d:\CDAC PGCP AI\Project Idea\Pose Suggestor\unsplash_pose_dataset\unsplash_pose_ycCrMwHqVJo.jpg,72.52,ok
unsplash_pose_foiDPgPVPF0.jpg,d:\CDAC PGCP AI\Project Idea\Pose Suggestor\unsplash_pose_dataset\unsplash_pose_foiDPgPVPF0.jpg,72.45,ok
unsplash_pose_tCb5i7I5x-o.jpg,d:\CDAC PGCP AI\Project Idea\Pose Suggestor\unsplash_pose_dataset\unsplash_pose_tCb5i7I5x-o.jpg,72.45,ok
unsplash_pose_9thbK8mLW8w.jpg,d:\CDAC PGCP AI\Project Idea\Pose Suggestor\unsplash_pose_dataset\unsplash_pose_9thbK8mLW8w.jpg,72.45,ok
unsplash_pose_-CJyOFmVbGI.jpg,d:\CDAC PGCP AI\Project Idea\Pose Suggestor\unsplash_pose_dataset\unsplash_pose_-CJyOFmVbGI.jpg,72.44,ok
unsplash_pose_0BScoftQ6to.jpg,d:\CDAC PGCP AI\Project Idea\Pose Suggestor\unsplash_pose_dataset\unsplash_pose_0BScoftQ6to.jpg,72.4,ok
unsplash_pose_UtEJoAPdYHk.jpg,d:\CDAC PGCP AI\Project Idea\Pose Suggestor\unsplash_pose_dataset\unsplash_pose_UtEJoAPdYHk.jpg,72.37,ok
unsplash_pose_fT3e1-T1aWg.jpg,d:\CDAC PGCP AI\Project Idea\Pose Suggestor\unsplash_pose_dataset\unsplash_pose_fT3e1-T1aWg.jpg,72.31,ok
unsplash_pose_BMtDpa21qL8.jpg,d:\CDAC PGCP AI\Project Idea\Pose Suggestor\unsplash_pose_dataset\unsplash_pose_BMtDpa21qL8.jpg,72.3,ok
unsplash_pose_3lzygBzEaJI.jpg,d:\CDAC PGCP AI\Project Idea\Pose Suggestor\unsplash_pose_dataset\unsplash_pose_3lzygBzEaJI.jpg,72.28,ok
unsplash_pose_pZDrhP8sxrA.jpg,d:\CDAC PGCP AI\Project Idea\Pose Suggestor\unsplash_pose_dataset\unsplash_pose_pZDrhP8sxrA.jpg,72.28,ok
unsplash_pose_I-qVte3Gypg.jpg,d:\CDAC PGCP AI\Project Idea\Pose Suggestor\unsplash_pose_dataset\unsplash_pose_I-qVte3Gypg.jpg,72.28,ok
unsplash_pose_zBbMUwq48tw.jpg,d:\CDAC PGCP AI\Project Idea\Pose Suggestor\unsplash_pose_dataset\unsplash_pose_zBbMUwq48tw.jpg,72.25,ok
unsplash_pose_gD8ArMRjqAQ.jpg,d:\CDAC PGCP AI\Project Idea\Pose Suggestor\unsplash_pose_dataset\unsplash_pose_gD8ArMRjqAQ.jpg,72.24,ok
unsplash_pose_F6T2ZN3sUao.jpg,d:\CDAC PGCP AI\Project Idea\Pose Suggestor\unsplash_pose_dataset\unsplash_pose_F6T2ZN3sUao.jpg,72.21,ok
unsplash_pose_autiuOZeA5A.jpg,d:\CDAC PGCP AI\Project Idea\Pose Suggestor\unsplash_pose_dataset\unsplash_pose_autiuOZeA5A.jpg,72.11,ok
unsplash_pose_vTzKeI75h1E.jpg,d:\CDAC PGCP AI\Project Idea\Pose Suggestor\unsplash_pose_dataset\unsplash_pose_vTzKeI75h1E.jpg,72.08,ok
unsplash_pose_sYjDo-U1YOY.jpg,d:\CDAC PGCP AI\Project Idea\Pose Suggestor\unsplash_pose_dataset\unsplash_pose_sYjDo-U1YOY.jpg,72,ok
unsplash_pose_R0DLzs1T_gM.jpg,d:\CDAC PGCP AI\Project Idea\Pose Suggestor\unsplash_pose_dataset\unsplash_pose_R0DLzs1T_gM.jpg,71.96,ok
unsplash_pose_6pNDtj5LLSs.jpg,d:\CDAC PGCP AI\Project Idea\Pose Suggestor\unsplash_pose_dataset\unsplash_pose_6pNDtj5LLSs.jpg,71.96,ok
unsplash_pose_bDVQSH2z1FI.jpg,d:\CDAC PGCP AI\Project Idea\Pose Suggestor\unsplash_pose_dataset\unsplash_pose_bDVQSH2z1FI.jpg,71.95,ok
unsplash_pose_HFsj0-17vCI.jpg,d:\CDAC PGCP AI\Project Idea\Pose Suggestor\unsplash_pose_dataset\unsplash_pose_HFsj0-17vCI.jpg,71.94,ok
unsplash_pose_coV1mNdQcbE.jpg,d:\CDAC PGCP AI\Project Idea\Pose Suggestor\unsplash_pose_dataset\unsplash_pose_coV1mNdQcbE.jpg,71.91,ok
unsplash_pose_3cIK8f4YGdg.jpg,d:\CDAC PGCP AI\Project Idea\Pose Suggestor\unsplash_pose_dataset\unsplash_pose_3cIK8f4YGdg.jpg,71.89,ok
unsplash_pose_0P90u0yCPFU.jpg,d:\CDAC PGCP AI\Project Idea\Pose Suggestor\unsplash_pose_dataset\unsplash_pose_0P90u0yCPFU.jpg,71.89,ok
unsplash_pose_yhypwE8RKks.jpg,d:\CDAC PGCP AI\Project Idea\Pose Suggestor\unsplash_pose_dataset\unsplash_pose_yhypwE8RKks.jpg,71.83,ok
unsplash_pose__to293yRjd4.jpg,d:\CDAC PGCP AI\Project Idea\Pose Suggestor\unsplash_pose_dataset\unsplash_pose__to293yRjd4.jpg,71.79,ok
unsplash_pose_Om4LyhJWEaU.jpg,d:\CDAC PGCP AI\Project Idea\Pose Suggestor\unsplash_pose_dataset\unsplash_pose_Om4LyhJWEaU.jpg,71.76,ok
unsplash_pose_KX-Ca2-qkEM.jpg,d:\CDAC PGCP AI\Project Idea\Pose Suggestor\unsplash_pose_dataset\unsplash_pose_KX-Ca2-qkEM.jpg,71.71,ok
unsplash_pose_RKRCNuXuQFY.jpg,d:\CDAC PGCP AI\Project Idea\Pose Suggestor\unsplash_pose_dataset\unsplash_pose_RKRCNuXuQFY.jpg,71.68,ok
unsplash_pose_hyGmftOOqn8.jpg,d:\CDAC PGCP AI\Project Idea\Pose Suggestor\unsplash_pose_dataset\unsplash_pose_hyGmftOOqn8.jpg,71.67,ok
unsplash_pose_jvqoaysFUNs.jpg,d:\CDAC PGCP AI\Project Idea\Pose Suggestor\unsplash_pose_dataset\unsplash_pose_jvqoaysFUNs.jpg,71.61,ok
unsplash_pose_1UrzIfwj84I.jpg,d:\CDAC PGCP AI\Project Idea\Pose Suggestor\unsplash_pose_dataset\unsplash_pose_1UrzIfwj84I.jpg,71.58,ok
unsplash_pose_mYHoBtRaIwY.jpg,d:\CDAC PGCP AI\Project Idea\Pose Suggestor\unsplash_pose_dataset\unsplash_pose_mYHoBtRaIwY.jpg,71.58,ok
unsplash_pose_J6hPpanoRE8.jpg,d:\CDAC PGCP AI\Project Idea\Pose Suggestor\unsplash_pose_dataset\unsplash_pose_J6hPpanoRE8.jpg,71.37,ok
unsplash_pose_KHd5707JEgg.jpg,d:\CDAC PGCP AI\Project Idea\Pose Suggestor\unsplash_pose_dataset\unsplash_pose_KHd5707JEgg.jpg,71.36,ok
unsplash_pose_fjjogXmBzJs.jpg,d:\CDAC PGCP AI\Project Idea\Pose Suggestor\unsplash_pose_dataset\unsplash_pose_fjjogXmBzJs.jpg,71.35,ok
unsplash_pose_hCMm4NRK5WE.jpg,d:\CDAC PGCP AI\Project Idea\Pose Suggestor\unsplash_pose_dataset\unsplash_pose_hCMm4NRK5WE.jpg,71.31,ok
unsplash_pose_znbCV1MIlM0.jpg,d:\CDAC PGCP AI\Project Idea\Pose Suggestor\unsplash_pose_dataset\unsplash_pose_znbCV1MIlM0.jpg,71.28,ok
unsplash_pose_bN8Btu6cfDM.jpg,d:\CDAC PGCP AI\Project Idea\Pose Suggestor\unsplash_pose_dataset\unsplash_pose_bN8Btu6cfDM.jpg,71.27,ok
unsplash_pose_flmBP2w_ZxY.jpg,d:\CDAC PGCP AI\Project Idea\Pose Suggestor\unsplash_pose_dataset\unsplash_pose_flmBP2w_ZxY.jpg,71.27,ok
unsplash_pose_ACpW5Db1cd4.jpg,d:\CDAC PGCP AI\Project Idea\Pose Suggestor\unsplash_pose_dataset\unsplash_pose_ACpW5Db1cd4.jpg,71.24,ok
unsplash_pose_UJlPhr1uRNQ.jpg,d:\CDAC PGCP AI\Project Idea\Pose Suggestor\unsplash_pose_dataset\unsplash_pose_UJlPhr1uRNQ.jpg,71.21,ok
unsplash_pose_f9NUGVm8kyI.jpg,d:\CDAC PGCP AI\Project Idea\Pose Suggestor\unsplash_pose_dataset\unsplash_pose_f9NUGVm8kyI.jpg,71.17,ok
unsplash_pose_G5ebQsczj-4.jpg,d:\CDAC PGCP AI\Project Idea\Pose Suggestor\unsplash_pose_dataset\unsplash_pose_G5ebQsczj-4.jpg,71.12,ok
unsplash_pose_d-NZnHJXBQs.jpg,d:\CDAC PGCP AI\Project Idea\Pose Suggestor\unsplash_pose_dataset\unsplash_pose_d-NZnHJXBQs.jpg,71.1,ok
unsplash_pose_d1QqoRWb7g8.jpg,d:\CDAC PGCP AI\Project Idea\Pose Suggestor\unsplash_pose_dataset\unsplash_pose_d1QqoRWb7g8.jpg,71.09,ok
unsplash_pose_KHoEw5XwY_c.jpg,d:\CDAC PGCP AI\Project Idea\Pose Suggestor\unsplash_pose_dataset\unsplash_pose_KHoEw5XwY_c.jpg,71.05,ok
unsplash_pose_22b7fCAPbC0.jpg,d:\CDAC PGCP AI\Project Idea\Pose Suggestor\unsplash_pose_dataset\unsplash_pose_22b7fCAPbC0.jpg,71.02,ok
unsplash_pose_rm0y_uAHXt8.jpg,d:\CDAC PGCP AI\Project Idea\Pose Suggestor\unsplash_pose_dataset\unsplash_pose_rm0y_uAHXt8.jpg,70.96,ok
unsplash_pose_cGqwT6vv0EM.jpg,d:\CDAC PGCP AI\Project Idea\Pose Suggestor\unsplash_pose_dataset\unsplash_pose_cGqwT6vv0EM.jpg,70.95,ok
unsplash_pose_NG3RvvexcWk.jpg,d:\CDAC PGCP AI\Project Idea\Pose Suggestor\unsplash_pose_dataset\unsplash_pose_NG3RvvexcWk.jpg,70.87,ok
unsplash_pose_yCws4DkRJhs.jpg,d:\CDAC PGCP AI\Project Idea\Pose Suggestor\unsplash_pose_dataset\unsplash_pose_yCws4DkRJhs.jpg,70.85,ok
unsplash_pose_japFsPPlwtc.jpg,d:\CDAC PGCP AI\Project Idea\Pose Suggestor\unsplash_pose_dataset\unsplash_pose_japFsPPlwtc.jpg,70.84,ok
unsplash_pose_-qxc8Rf9GE4.jpg,d:\CDAC PGCP AI\Project Idea\Pose Suggestor\unsplash_pose_dataset\unsplash_pose_-qxc8Rf9GE4.jpg,70.84,ok
unsplash_pose_QCpsid3NiPU.jpg,d:\CDAC PGCP AI\Project Idea\Pose Suggestor\unsplash_pose_dataset\unsplash_pose_QCpsid3NiPU.jpg,70.84,ok
unsplash_pose_wP0fUgoziPA.jpg,d:\CDAC PGCP AI\Project Idea\Pose Suggestor\unsplash_pose_dataset\unsplash_pose_wP0fUgoziPA.jpg,70.82,ok
unsplash_pose_TlWw5PoUmZc.jpg,d:\CDAC PGCP AI\Project Idea\Pose Suggestor\unsplash_pose_dataset\unsplash_pose_TlWw5PoUmZc.jpg,70.79,ok
unsplash_pose_WVrCUZfz-nw.jpg,d:\CDAC PGCP AI\Project Idea\Pose Suggestor\unsplash_pose_dataset\unsplash_pose_WVrCUZfz-nw.jpg,70.74,ok
unsplash_pose_b7213brZyRA.jpg,d:\CDAC PGCP AI\Project Idea\Pose Suggestor\unsplash_pose_dataset\unsplash_pose_b7213brZyRA.jpg,70.73,ok
unsplash_pose_Ye7HTrKAjus.jpg,d:\CDAC PGCP AI\Project Idea\Pose Suggestor\unsplash_pose_dataset\unsplash_pose_Ye7HTrKAjus.jpg,70.71,ok
unsplash_pose_ie-hT0aUxFs.jpg,d:\CDAC PGCP AI\Project Idea\Pose Suggestor\unsplash_pose_dataset\unsplash_pose_ie-hT0aUxFs.jpg,70.68,ok
unsplash_pose_IL6ZQPJNsVE.jpg,d:\CDAC PGCP AI\Project Idea\Pose Suggestor\unsplash_pose_dataset\unsplash_pose_IL6ZQPJNsVE.jpg,70.67,ok
unsplash_pose_VTtGH7ijQLk.jpg,d:\CDAC PGCP AI\Project Idea\Pose Suggestor\unsplash_pose_dataset\unsplash_pose_VTtGH7ijQLk.jpg,70.6,ok
unsplash_pose_OFGe1e7-5hw.jpg,d:\CDAC PGCP AI\Project Idea\Pose Suggestor\unsplash_pose_dataset\unsplash_pose_OFGe1e7-5hw.jpg,70.57,ok
unsplash_pose_73V1gEijbJ4.jpg,d:\CDAC PGCP AI\Project Idea\Pose Suggestor\unsplash_pose_dataset\unsplash_pose_73V1gEijbJ4.jpg,70.52,ok
unsplash_pose_m_CeNGJolv0.jpg,d:\CDAC PGCP AI\Project Idea\Pose Suggestor\unsplash_pose_dataset\unsplash_pose_m_CeNGJolv0.jpg,70.42,ok
unsplash_pose_eV7QS5Azq4Y.jpg,d:\CDAC PGCP AI\Project Idea\Pose Suggestor\unsplash_pose_dataset\unsplash_pose_eV7QS5Azq4Y.jpg,70.41,ok
unsplash_pose_TlceF7BrHOs.jpg,d:\CDAC PGCP AI\Project Idea\Pose Suggestor\unsplash_pose_dataset\unsplash_pose_TlceF7BrHOs.jpg,70.39,ok
unsplash_pose_UEPaL8Nyi0Y.jpg,d:\CDAC PGCP AI\Project Idea\Pose Suggestor\unsplash_pose_dataset\unsplash_pose_UEPaL8Nyi0Y.jpg,70.33,ok
unsplash_pose_zj3GjVWzCIE.jpg,d:\CDAC PGCP AI\Project Idea\Pose Suggestor\unsplash_pose_dataset\unsplash_pose_zj3GjVWzCIE.jpg,70.27,ok
unsplash_pose_rivtZLm2WXY.jpg,d:\CDAC PGCP AI\Project Idea\Pose Suggestor\unsplash_pose_dataset\unsplash_pose_rivtZLm2WXY.jpg,70.23,ok
unsplash_pose_B7kv2psMdnk.jpg,d:\CDAC PGCP AI\Project Idea\Pose Suggestor\unsplash_pose_dataset\unsplash_pose_B7kv2psMdnk.jpg,70.04,ok
unsplash_pose_0Y--4B_HS_I.jpg,d:\CDAC PGCP AI\Project Idea\Pose Suggestor\unsplash_pose_dataset\unsplash_pose_0Y--4B_HS_I.jpg,69.93,ok
unsplash_pose_62ZUxdBTQT4.jpg,d:\CDAC PGCP AI\Project Idea\Pose Suggestor\unsplash_pose_dataset\unsplash_pose_62ZUxdBTQT4.jpg,69.93,ok
unsplash_pose_jxftME0xU68.jpg,d:\CDAC PGCP AI\Project Idea\Pose Suggestor\unsplash_pose_dataset\unsplash_pose_jxftME0xU68.jpg,69.9,ok
unsplash_pose_eMeTfDfnosA.jpg,d:\CDAC PGCP AI\Project Idea\Pose Suggestor\unsplash_pose_dataset\unsplash_pose_eMeTfDfnosA.jpg,69.87,ok
unsplash_pose_ENCCKojAFkM.jpg,d:\CDAC PGCP AI\Project Idea\Pose Suggestor\unsplash_pose_dataset\unsplash_pose_ENCCKojAFkM.jpg,69.84,ok
unsplash_pose_TyIY9uBch8o.jpg,d:\CDAC PGCP AI\Project Idea\Pose Suggestor\unsplash_pose_dataset\unsplash_pose_TyIY9uBch8o.jpg,69.8,ok
unsplash_pose_Z1LhQQ2Rkhc.jpg,d:\CDAC PGCP AI\Project Idea\Pose Suggestor\unsplash_pose_dataset\unsplash_pose_Z1LhQQ2Rkhc.jpg,69.79,ok
unsplash_pose_6ZDgMABwotw.jpg,d:\CDAC PGCP AI\Project Idea\Pose Suggestor\unsplash_pose_dataset\unsplash_pose_6ZDgMABwotw.jpg,69.79,ok
unsplash_pose_p8I1h5WRQhc.jpg,d:\CDAC PGCP AI\Project Idea\Pose Suggestor\unsplash_pose_dataset\unsplash_pose_p8I1h5WRQhc.jpg,69.77,ok
unsplash_pose_CUsjFNhgoiM.jpg,d:\CDAC PGCP AI\Project Idea\Pose Suggestor\unsplash_pose_dataset\unsplash_pose_CUsjFNhgoiM.jpg,69.74,ok
unsplash_pose_skUWW81OBeY.jpg,d:\CDAC PGCP AI\Project Idea\Pose Suggestor\unsplash_pose_dataset\unsplash_pose_skUWW81OBeY.jpg,69.74,ok
unsplash_pose_hWGxr9xxFWE.jpg,d:\CDAC PGCP AI\Project Idea\Pose Suggestor\unsplash_pose_dataset\unsplash_pose_hWGxr9xxFWE.jpg,69.73,ok
unsplash_pose_WFJD9XFAwyw.jpg,d:\CDAC PGCP AI\Project Idea\Pose Suggestor\unsplash_pose_dataset\unsplash_pose_WFJD9XFAwyw.jpg,69.59,ok
unsplash_pose_GelZAhGw8-4.jpg,d:\CDAC PGCP AI\Project Idea\Pose Suggestor\unsplash_pose_dataset\unsplash_pose_GelZAhGw8-4.jpg,69.57,ok
unsplash_pose_9GqMLuNFWCw.jpg,d:\CDAC PGCP AI\Project Idea\Pose Suggestor\unsplash_pose_dataset\unsplash_pose_9GqMLuNFWCw.jpg,69.5,ok
unsplash_pose_9FNy1iltU68.jpg,d:\CDAC PGCP AI\Project Idea\Pose Suggestor\unsplash_pose_dataset\unsplash_pose_9FNy1iltU68.jpg,69.48,ok
unsplash_pose_WhXopzqwyjA.jpg,d:\CDAC PGCP AI\Project Idea\Pose Suggestor\unsplash_pose_dataset\unsplash_pose_WhXopzqwyjA.jpg,69.39,ok
unsplash_pose_MHNiD6YmT5U.jpg,d:\CDAC PGCP AI\Project Idea\Pose Suggestor\unsplash_pose_dataset\unsplash_pose_MHNiD6YmT5U.jpg,69.27,ok
unsplash_pose_VGLImIsgs9A.jpg,d:\CDAC PGCP AI\Project Idea\Pose Suggestor\unsplash_pose_dataset\unsplash_pose_VGLImIsgs9A.jpg,69.18,ok
unsplash_pose_BR2OACIkyDw.jpg,d:\CDAC PGCP AI\Project Idea\Pose Suggestor\unsplash_pose_dataset\unsplash_pose_BR2OACIkyDw.jpg,69.16,ok
unsplash_pose_h7H4XkfETKM.jpg,d:\CDAC PGCP AI\Project Idea\Pose Suggestor\unsplash_pose_dataset\unsplash_pose_h7H4XkfETKM.jpg,69.14,ok
unsplash_pose_gNiHPV4d-OE.jpg,d:\CDAC PGCP AI\Project Idea\Pose Suggestor\unsplash_pose_dataset\unsplash_pose_gNiHPV4d-OE.jpg,69.13,ok
unsplash_pose_9FLESDdOZ5c.jpg,d:\CDAC PGCP AI\Project Idea\Pose Suggestor\unsplash_pose_dataset\unsplash_pose_9FLESDdOZ5c.jpg,69.12,ok
unsplash_pose_Vaix21I2g3s.jpg,d:\CDAC PGCP AI\Project Idea\Pose Suggestor\unsplash_pose_dataset\unsplash_pose_Vaix21I2g3s.jpg,69.07,ok
unsplash_pose_NnshFEOdljI.jpg,d:\CDAC PGCP AI\Project Idea\Pose Suggestor\unsplash_pose_dataset\unsplash_pose_NnshFEOdljI.jpg,68.99,ok
unsplash_pose_GNs38Lvwr5Q.jpg,d:\CDAC PGCP AI\Project Idea\Pose Suggestor\unsplash_pose_dataset\unsplash_pose_GNs38Lvwr5Q.jpg,68.81,ok
unsplash_pose_L6fjbL0GJxk.jpg,d:\CDAC PGCP AI\Project Idea\Pose Suggestor\unsplash_pose_dataset\unsplash_pose_L6fjbL0GJxk.jpg,68.79,ok
unsplash_pose_emMix1krm20.jpg,d:\CDAC PGCP AI\Project Idea\Pose Suggestor\unsplash_pose_dataset\unsplash_pose_emMix1krm20.jpg,68.79,ok
unsplash_pose_XUBk4G461hM.jpg,d:\CDAC PGCP AI\Project Idea\Pose Suggestor\unsplash_pose_dataset\unsplash_pose_XUBk4G461hM.jpg,68.71,ok
unsplash_pose_juOk2RMQf5o.jpg,d:\CDAC PGCP AI\Project Idea\Pose Suggestor\unsplash_pose_dataset\unsplash_pose_juOk2RMQf5o.jpg,68.66,ok
unsplash_pose_K-wYdArbtAc.jpg,d:\CDAC PGCP AI\Project Idea\Pose Suggestor\unsplash_pose_dataset\unsplash_pose_K-wYdArbtAc.jpg,68.66,ok
unsplash_pose_T5CS8UgpKtA.jpg,d:\CDAC PGCP AI\Project Idea\Pose Suggestor\unsplash_pose_dataset\unsplash_pose_T5CS8UgpKtA.jpg,68.39,ok
unsplash_pose_-xPNj3ntaV8.jpg,d:\CDAC PGCP AI\Project Idea\Pose Suggestor\unsplash_pose_dataset\unsplash_pose_-xPNj3ntaV8.jpg,68.34,ok
unsplash_pose_Yy94_C4XP8Q.jpg,d:\CDAC PGCP AI\Project Idea\Pose Suggestor\unsplash_pose_dataset\unsplash_pose_Yy94_C4XP8Q.jpg,68.29,ok
unsplash_pose_S9r-BAhB_qU.jpg,d:\CDAC PGCP AI\Project Idea\Pose Suggestor\unsplash_pose_dataset\unsplash_pose_S9r-BAhB_qU.jpg,68.28,ok
unsplash_pose_6Of8EFvm7fc.jpg,d:\CDAC PGCP AI\Project Idea\Pose Suggestor\unsplash_pose_dataset\unsplash_pose_6Of8EFvm7fc.jpg,68.26,ok
unsplash_pose_rrP2k00-FmY.jpg,d:\CDAC PGCP AI\Project Idea\Pose Suggestor\unsplash_pose_dataset\unsplash_pose_rrP2k00-FmY.jpg,68.17,ok
unsplash_pose_vZTkWQyGgEE.jpg,d:\CDAC PGCP AI\Project Idea\Pose Suggestor\unsplash_pose_dataset\unsplash_pose_vZTkWQyGgEE.jpg,68.13,ok
unsplash_pose_hXvIDlGF8E8.jpg,d:\CDAC PGCP AI\Project Idea\Pose Suggestor\unsplash_pose_dataset\unsplash_pose_hXvIDlGF8E8.jpg,68.09,ok
unsplash_pose_W5XT2_R6Lb0.jpg,d:\CDAC PGCP AI\Project Idea\Pose Suggestor\unsplash_pose_dataset\unsplash_pose_W5XT2_R6Lb0.jpg,68.09,ok
unsplash_pose_KgSx3dL1Kj8.jpg,d:\CDAC PGCP AI\Project Idea\Pose Suggestor\unsplash_pose_dataset\unsplash_pose_KgSx3dL1Kj8.jpg,68.09,ok
unsplash_pose_OKkydI85BN0.jpg,d:\CDAC PGCP AI\Project Idea\Pose Suggestor\unsplash_pose_dataset\unsplash_pose_OKkydI85BN0.jpg,68.09,ok
unsplash_pose_BGscx395SiQ.jpg,d:\CDAC PGCP AI\Project Idea\Pose Suggestor\unsplash_pose_dataset\unsplash_pose_BGscx395SiQ.jpg,68.03,ok
unsplash_pose_DgH5PIy9oLE.jpg,d:\CDAC PGCP AI\Project Idea\Pose Suggestor\unsplash_pose_dataset\unsplash_pose_DgH5PIy9oLE.jpg,68,ok
unsplash_pose_g5tvZdOK0EM.jpg,d:\CDAC PGCP AI\Project Idea\Pose Suggestor\unsplash_pose_dataset\unsplash_pose_g5tvZdOK0EM.jpg,67.8,ok
unsplash_pose_1jrA9DOy4TE.jpg,d:\CDAC PGCP AI\Project Idea\Pose Suggestor\unsplash_pose_dataset\unsplash_pose_1jrA9DOy4TE.jpg,67.7,ok
unsplash_pose_UfNGkUWodeU.jpg,d:\CDAC PGCP AI\Project Idea\Pose Suggestor\unsplash_pose_dataset\unsplash_pose_UfNGkUWodeU.jpg,67.7,ok
unsplash_pose_RpJULY4wxWU.jpg,d:\CDAC PGCP AI\Project Idea\Pose Suggestor\unsplash_pose_dataset\unsplash_pose_RpJULY4wxWU.jpg,67.47,ok
unsplash_pose_bdYHdLWpG9Q.jpg,d:\CDAC PGCP AI\Project Idea\Pose Suggestor\unsplash_pose_dataset\unsplash_pose_bdYHdLWpG9Q.jpg,67.43,ok
unsplash_pose_VsPvEHV-zTY.jpg,d:\CDAC PGCP AI\Project Idea\Pose Suggestor\unsplash_pose_dataset\unsplash_pose_VsPvEHV-zTY.jpg,67.39,ok
unsplash_pose_4MXW06J_wP0.jpg,d:\CDAC PGCP AI\Project Idea\Pose Suggestor\unsplash_pose_dataset\unsplash_pose_4MXW06J_wP0.jpg,67.39,ok
unsplash_pose_n8b_xrzWwAQ.jpg,d:\CDAC PGCP AI\Project Idea\Pose Suggestor\unsplash_pose_dataset\unsplash_pose_n8b_xrzWwAQ.jpg,67.39,ok
unsplash_pose_egJZ7JzE8L0.jpg,d:\CDAC PGCP AI\Project Idea\Pose Suggestor\unsplash_pose_dataset\unsplash_pose_egJZ7JzE8L0.jpg,67.38,ok
unsplash_pose_WWln6f7HSrM.jpg,d:\CDAC PGCP AI\Project Idea\Pose Suggestor\unsplash_pose_dataset\unsplash_pose_WWln6f7HSrM.jpg,67.26,ok
unsplash_pose_ZiGCls2h--o.jpg,d:\CDAC PGCP AI\Project Idea\Pose Suggestor\unsplash_pose_dataset\unsplash_pose_ZiGCls2h--o.jpg,67.21,ok
unsplash_pose_xPXRVAhGNRM.jpg,d:\CDAC PGCP AI\Project Idea\Pose Suggestor\unsplash_pose_dataset\unsplash_pose_xPXRVAhGNRM.jpg,67.19,ok
unsplash_pose_Ba-2S2MpZd4.jpg,d:\CDAC PGCP AI\Project Idea\Pose Suggestor\unsplash_pose_dataset\unsplash_pose_Ba-2S2MpZd4.jpg,67.18,ok
unsplash_pose_YkAMHj_4wT8.jpg,d:\CDAC PGCP AI\Project Idea\Pose Suggestor\unsplash_pose_dataset\unsplash_pose_YkAMHj_4wT8.jpg,67.14,ok
unsplash_pose_SXzBeFtkxb4.jpg,d:\CDAC PGCP AI\Project Idea\Pose Suggestor\unsplash_pose_dataset\unsplash_pose_SXzBeFtkxb4.jpg,67.12,ok
unsplash_pose_dMqXtzzPQqo.jpg,d:\CDAC PGCP AI\Project Idea\Pose Suggestor\unsplash_pose_dataset\unsplash_pose_dMqXtzzPQqo.jpg,67.1,ok
unsplash_pose_82G6bobViBg.jpg,d:\CDAC PGCP AI\Project Idea\Pose Suggestor\unsplash_pose_dataset\unsplash_pose_82G6bobViBg.jpg,67.06,ok
unsplash_pose_kSs_cTh_TRE.jpg,d:\CDAC PGCP AI\Project Idea\Pose Suggestor\unsplash_pose_dataset\unsplash_pose_kSs_cTh_TRE.jpg,67.05,ok
unsplash_pose_8yUcOJsVhTQ.jpg,d:\CDAC PGCP AI\Project Idea\Pose Suggestor\unsplash_pose_dataset\unsplash_pose_8yUcOJsVhTQ.jpg,67.01,ok
unsplash_pose_cC3fPbUL69w.jpg,d:\CDAC PGCP AI\Project Idea\Pose Suggestor\unsplash_pose_dataset\unsplash_pose_cC3fPbUL69w.jpg,66.91,ok
unsplash_pose_xX2eTSx7Z1k.jpg,d:\CDAC PGCP AI\Project Idea\Pose Suggestor\unsplash_pose_dataset\unsplash_pose_xX2eTSx7Z1k.jpg,66.91,ok
unsplash_pose_s5IM45Gz_ME.jpg,d:\CDAC PGCP AI\Project Idea\Pose Suggestor\unsplash_pose_dataset\unsplash_pose_s5IM45Gz_ME.jpg,66.67,ok
unsplash_pose_IA15Uy_8-Jo.jpg,d:\CDAC PGCP AI\Project Idea\Pose Suggestor\unsplash_pose_dataset\unsplash_pose_IA15Uy_8-Jo.jpg,66.42,ok
unsplash_pose_cFxOfki6MOI.jpg,d:\CDAC PGCP AI\Project Idea\Pose Suggestor\unsplash_pose_dataset\unsplash_pose_cFxOfki6MOI.jpg,66.39,ok
unsplash_pose_4sYDUP2kPSA.jpg,d:\CDAC PGCP AI\Project Idea\Pose Suggestor\unsplash_pose_dataset\unsplash_pose_4sYDUP2kPSA.jpg,66.38,ok
unsplash_pose_y4159be_SSA.jpg,d:\CDAC PGCP AI\Project Idea\Pose Suggestor\unsplash_pose_dataset\unsplash_pose_y4159be_SSA.jpg,66.34,ok
unsplash_pose_sRO0aYl4n_Q.jpg,d:\CDAC PGCP AI\Project Idea\Pose Suggestor\unsplash_pose_dataset\unsplash_pose_sRO0aYl4n_Q.jpg,66.31,ok
unsplash_pose_kA5H_ixTjrs.jpg,d:\CDAC PGCP AI\Project Idea\Pose Suggestor\unsplash_pose_dataset\unsplash_pose_kA5H_ixTjrs.jpg,66.22,ok
unsplash_pose_6TgpMfM6lIQ.jpg,d:\CDAC PGCP AI\Project Idea\Pose Suggestor\unsplash_pose_dataset\unsplash_pose_6TgpMfM6lIQ.jpg,65.89,ok
unsplash_pose_fF2vlzDaWqc.jpg,d:\CDAC PGCP AI\Project Idea\Pose Suggestor\unsplash_pose_dataset\unsplash_pose_fF2vlzDaWqc.jpg,65.78,ok
unsplash_pose_0e0fB6sZEAA.jpg,d:\CDAC PGCP AI\Project Idea\Pose Suggestor\unsplash_pose_dataset\unsplash_pose_0e0fB6sZEAA.jpg,65.65,ok
unsplash_pose_Hr7UhZHqeX8.jpg,d:\CDAC PGCP AI\Project Idea\Pose Suggestor\unsplash_pose_dataset\unsplash_pose_Hr7UhZHqeX8.jpg,65.5,ok
unsplash_pose_DYpSkOktfWA.jpg,d:\CDAC PGCP AI\Project Idea\Pose Suggestor\unsplash_pose_dataset\unsplash_pose_DYpSkOktfWA.jpg,65.26,ok
unsplash_pose_txq775ibSoU.jpg,d:\CDAC PGCP AI\Project Idea\Pose Suggestor\unsplash_pose_dataset\unsplash_pose_txq775ibSoU.jpg,65.17,ok
unsplash_pose_bdlEdoCaCaQ.jpg,d:\CDAC PGCP AI\Project Idea\Pose Suggestor\unsplash_pose_dataset\unsplash_pose_bdlEdoCaCaQ.jpg,64.81,ok
unsplash_pose_yauY7CQqNH8.jpg,d:\CDAC PGCP AI\Project Idea\Pose Suggestor\unsplash_pose_dataset\unsplash_pose_yauY7CQqNH8.jpg,64.7,ok
unsplash_pose_IB3f_cBusKQ.jpg,d:\CDAC PGCP AI\Project Idea\Pose Suggestor\unsplash_pose_dataset\unsplash_pose_IB3f_cBusKQ.jpg,64.52,ok
unsplash_pose_kiR9qs1Aj3g.jpg,d:\CDAC PGCP AI\Project Idea\Pose Suggestor\unsplash_pose_dataset\unsplash_pose_kiR9qs1Aj3g.jpg,64.01,ok
unsplash_pose_nKw27ja4dSk.jpg,d:\CDAC PGCP AI\Project Idea\Pose Suggestor\unsplash_pose_dataset\unsplash_pose_nKw27ja4dSk.jpg,63.99,ok
unsplash_pose_PqdshXYQ0hQ.jpg,d:\CDAC PGCP AI\Project Idea\Pose Suggestor\unsplash_pose_dataset\unsplash_pose_PqdshXYQ0hQ.jpg,63.85,ok
unsplash_pose_GI6DH-Adtwg.jpg,d:\CDAC PGCP AI\Project Idea\Pose Suggestor\unsplash_pose_dataset\unsplash_pose_GI6DH-Adtwg.jpg,63.5,ok
unsplash_pose_T-q2QLhRFnY.jpg,d:\CDAC PGCP AI\Project Idea\Pose Suggestor\unsplash_pose_dataset\unsplash_pose_T-q2QLhRFnY.jpg,63.13,ok
unsplash_pose_2y1r7OcE0uk.jpg,d:\CDAC PGCP AI\Project Idea\Pose Suggestor\unsplash_pose_dataset\unsplash_pose_2y1r7OcE0uk.jpg,62.91,ok
unsplash_pose_8cKffe1_4JA.jpg,d:\CDAC PGCP AI\Project Idea\Pose Suggestor\unsplash_pose_dataset\unsplash_pose_8cKffe1_4JA.jpg,62.88,ok
unsplash_pose_8ZLJaXp8Yvo.jpg,d:\CDAC PGCP AI\Project Idea\Pose Suggestor\unsplash_pose_dataset\unsplash_pose_8ZLJaXp8Yvo.jpg,62.75,ok
unsplash_pose_RdY2pnkNtjw.jpg,d:\CDAC PGCP AI\Project Idea\Pose Suggestor\unsplash_pose_dataset\unsplash_pose_RdY2pnkNtjw.jpg,62.66,ok
unsplash_pose_zENdoMS6oqc.jpg,d:\CDAC PGCP AI\Project Idea\Pose Suggestor\unsplash_pose_dataset\unsplash_pose_zENdoMS6oqc.jpg,62.58,ok
unsplash_pose_G0oRmxcf438.jpg,d:\CDAC PGCP AI\Project Idea\Pose Suggestor\unsplash_pose_dataset\unsplash_pose_G0oRmxcf438.jpg,62.37,ok
unsplash_pose_8AGHlJcfe-4.jpg,d:\CDAC PGCP AI\Project Idea\Pose Suggestor\unsplash_pose_dataset\unsplash_pose_8AGHlJcfe-4.jpg,62.33,ok
unsplash_pose_pVUsUOeNU9M.jpg,d:\CDAC PGCP AI\Project Idea\Pose Suggestor\unsplash_pose_dataset\unsplash_pose_pVUsUOeNU9M.jpg,62.14,ok
unsplash_pose_8qTZurK_YyI.jpg,d:\CDAC PGCP AI\Project Idea\Pose Suggestor\unsplash_pose_dataset\unsplash_pose_8qTZurK_YyI.jpg,61.92,ok
unsplash_pose__0smPpUjQZI.jpg,d:\CDAC PGCP AI\Project Idea\Pose Suggestor\unsplash_pose_dataset\unsplash_pose__0smPpUjQZI.jpg,61.77,ok
unsplash_pose_7IrcLXrt5eM.jpg,d:\CDAC PGCP AI\Project Idea\Pose Suggestor\unsplash_pose_dataset\unsplash_pose_7IrcLXrt5eM.jpg,61.76,ok
unsplash_pose_hQxjhjbQfY0.jpg,d:\CDAC PGCP AI\Project Idea\Pose Suggestor\unsplash_pose_dataset\unsplash_pose_hQxjhjbQfY0.jpg,61.52,ok
unsplash_pose_AdDFyXX1zSo.jpg,d:\CDAC PGCP AI\Project Idea\Pose Suggestor\unsplash_pose_dataset\unsplash_pose_AdDFyXX1zSo.jpg,61.44,ok
unsplash_pose_3LRQTzw-m90.jpg,d:\CDAC PGCP AI\Project Idea\Pose Suggestor\unsplash_pose_dataset\unsplash_pose_3LRQTzw-m90.jpg,61.29,ok
unsplash_pose_9x3RLaFeLns.jpg,d:\CDAC PGCP AI\Project Idea\Pose Suggestor\unsplash_pose_dataset\unsplash_pose_9x3RLaFeLns.jpg,60.79,ok
unsplash_pose_Lwo0dDFkc94.jpg,d:\CDAC PGCP AI\Project Idea\Pose Suggestor\unsplash_pose_dataset\unsplash_pose_Lwo0dDFkc94.jpg,60.58,ok
unsplash_pose_xTaDUjx6AI4.jpg,d:\CDAC PGCP AI\Project Idea\Pose Suggestor\unsplash_pose_dataset\unsplash_pose_xTaDUjx6AI4.jpg,60.04,ok
unsplash_pose_Av4gNsllkyU.jpg,d:\CDAC PGCP AI\Project Idea\Pose Suggestor\unsplash_pose_dataset\unsplash_pose_Av4gNsllkyU.jpg,59.85,ok
unsplash_pose_JdMBETsB0oc.jpg,d:\CDAC PGCP AI\Project Idea\Pose Suggestor\unsplash_pose_dataset\unsplash_pose_JdMBETsB0oc.jpg,59.67,ok
unsplash_pose_WXoCpasOPuo.jpg,d:\CDAC PGCP AI\Project Idea\Pose Suggestor\unsplash_pose_dataset\unsplash_pose_WXoCpasOPuo.jpg,58.98,ok
unsplash_pose_HEJy-o65TNk.jpg,d:\CDAC PGCP AI\Project Idea\Pose Suggestor\unsplash_pose_dataset\unsplash_pose_HEJy-o65TNk.jpg,57.32,ok
unsplash_pose_htDU1hQd8rg.jpg,d:\CDAC PGCP AI\Project Idea\Pose Suggestor\unsplash_pose_dataset\unsplash_pose_htDU1hQd8rg.jpg,57.07,ok
unsplash_pose_dLCYWCvNqd0.jpg,d:\CDAC PGCP AI\Project Idea\Pose Suggestor\unsplash_pose_dataset\unsplash_pose_dLCYWCvNqd0.jpg,0,no_pose_detected
unsplash_pose_EQEyosRYjEY.jpg,d:\CDAC PGCP AI\Project Idea\Pose Suggestor\unsplash_pose_dataset\unsplash_pose_EQEyosRYjEY.jpg,0,no_pose_detected
unsplash_pose_zxKtI5YGwDI.jpg,d:\CDAC PGCP AI\Project Idea\Pose Suggestor\unsplash_pose_dataset\unsplash_pose_zxKtI5YGwDI.jpg,0,no_pose_detected
unsplash_pose_boXsYkp5AGE.jpg,d:\CDAC PGCP AI\Project Idea\Pose Suggestor\unsplash_pose_dataset\unsplash_pose_boXsYkp5AGE.jpg,0,no_pose_detected
unsplash_pose_7BRLaVf1WMo.jpg,d:\CDAC PGCP AI\Project Idea\Pose Suggestor\unsplash_pose_dataset\unsplash_pose_7BRLaVf1WMo.jpg,0,no_pose_detected
unsplash_pose_6oTvYAsbclM.jpg,d:\CDAC PGCP AI\Project Idea\Pose Suggestor\unsplash_pose_dataset\unsplash_pose_6oTvYAsbclM.jpg,0,no_pose_detected
unsplash_pose_UoSBugW7H5A.jpg,d:\CDAC PGCP AI\Project Idea\Pose Suggestor\unsplash_pose_dataset\unsplash_pose_UoSBugW7H5A.jpg,0,no_pose_detected
unsplash_pose_hkfG6feLUfg.jpg,d:\CDAC PGCP AI\Project Idea\Pose Suggestor\unsplash_pose_dataset\unsplash_pose_hkfG6feLUfg.jpg,0,no_pose_detected
unsplash_pose_IqDN1FsIoKA.jpg,d:\CDAC PGCP AI\Project Idea\Pose Suggestor\unsplash_pose_dataset\unsplash_pose_IqDN1FsIoKA.jpg,0,no_pose_detected
